{
    "0":1.7325253904583084,
    "1":1.152172057693949,
    "2":4.600153622941026,
    "3":2.8761628403174875,
    "4":1.9458905863275582,
    "5":2.8164205854740976,
    "6":1.937355978492788,
    "7":1.8178714688060083,
    "8":1.7410599982930783,
    "9":1.5276948024238286,
    "10":1.2631219595459589,
    "11":1.4252795084065886,
    "12":1.4423487240761286,
    "13":1.6727831356149185,
    "14":2.073909703849108,
    "15":1.6557139199453785,
    "16":1.8008022531364682,
    "17":1.8008022531364682,
    "18":1.4935563710847486,
    "19":1.4252795084065886,
    "20":1.4935563710847486,
    "21":1.5703678415976787,
    "22":1.7069215669539985,
    "23":1.7154561747887684,
    "24":1.7922676453016984,
    "25":1.2460527438764188,
    "26":1.254587351711189,
    "27":1.177775881198259,
    "28":1.3484680378936587,
    "29":1.3399334300588888,
    "30":1.177775881198259,
    "31":1.1180336263548691,
    "32":0.9302722539899291,
    "33":1.058291371511479,
    "34":1.058291371511479,
    "35":0.8534607834769993,
    "36":0.8705299991465392,
    "37":0.8107877443031493,
    "38":0.7595800972945294,
    "39":1.0838951950157891,
    "40":0.8107877443031493,
    "41":0.8534607834769993,
    "42":1.024152940172399,
    "43":0.7681147051292994,
    "44":0.8363915678074593,
    "45":0.8278569599726893,
    "46":0.7510454894597594,
    "47":0.8619953913117693,
    "48":0.9132030383203892,
    "49":0.8022531364683793,
    "50":0.9132030383203892,
    "51":0.8193223521379193,
    "52":0.8619953913117693,
    "53":0.8790646069813092,
    "54":0.6571648032772894,
    "55":0.5376802935905095,
    "56":0.6913032346163693,
    "57":0.6230263719382094,
    "58":0.6400955876077494,
    "59":0.5632841170948195,
    "60":0.6315609797729794,
    "61":0.5120764700861995,
    "62":0.7083724502859093,
    "63":0.6230263719382094,
    "64":0.5120764700861995,
    "65":0.6315609797729794,
    "66":0.3755227447298797,
    "67":0.47793803874711954,
    "68":0.4608688230775796,
    "69":0.47793803874711954,
    "70":0.4437996074080396,
    "71":0.3755227447298797,
    "72":0.3925919603994197,
    "73":0.35845352906033967,
    "74":0.3925919603994197,
    "75":0.25603823504309975,
    "76":0.3669881368951097,
    "77":0.3925919603994197,
    "78":0.3328497055560297,
    "79":0.4437996074080396,
    "80":0.3840573525646497,
    "81":0.2218998037040198,
    "82":0.3840573525646497,
    "83":0.29871127421694976,
    "84":0.25603823504309975,
    "85":0.29871127421694976,
    "86":0.29871127421694976,
    "87":0.26457284287786975,
    "88":0.3157804898864897,
    "89":0.2218998037040198,
    "90":0.26457284287786975,
    "91":0.29017666638217976,
    "92":0.20483058803447982,
    "93":0.34138431339079967,
    "94":0.27310745071263975,
    "95":0.17922676453016984,
    "96":0.2218998037040198,
    "97":0.18776137236493984,
    "98":0.09388068618246992,
    "99":0.29871127421694976,
    "100":0.19629598019970984,
    "101":0.26457284287786975,
    "102":0.17069215669539983,
    "103":0.21336519586924982,
    "104":0.23896901937355977,
    "105":0.20483058803447982,
    "106":0.12801911752154987,
    "107":0.15362294102585985,
    "108":0.20483058803447982,
    "109":0.19629598019970984,
    "110":0.15362294102585985,
    "111":0.29017666638217976,
    "112":0.13655372535631988,
    "113":0.11948450968677989,
    "114":0.2304344115387898,
    "115":0.17069215669539983,
    "116":0.1109499018520099,
    "117":0.18776137236493984,
    "118":0.08534607834769992,
    "119":0.1109499018520099,
    "120":0.14508833319108988,
    "121":0.11948450968677989,
    "122":0.09388068618246992,
    "123":0.08534607834769992,
    "124":0.1109499018520099,
    "125":0.07681147051292993,
    "126":0.03413843133907997,
    "127":0.05974225484338994,
    "128":0.10241529401723991,
    "129":0.03413843133907997,
    "130":0.07681147051292993,
    "131":0.08534607834769992,
    "132":0.07681147051292993,
    "133":0.03413843133907997,
    "134":0.06827686267815994,
    "135":0.05974225484338994,
    "136":0.11948450968677989,
    "137":0.05974225484338994,
    "138":0.08534607834769992,
    "139":0.08534607834769992,
    "140":0.017069215669539985,
    "141":0.07681147051292993,
    "142":0.08534607834769992,
    "143":0.04267303917384996,
    "144":0.08534607834769992,
    "145":0.07681147051292993,
    "146":0.06827686267815994,
    "147":0.07681147051292993,
    "148":0.08534607834769992,
    "149":0.05974225484338994,
    "150":0.008534607834769992,
    "151":0.03413843133907997,
    "152":0.05974225484338994,
    "153":0.07681147051292993,
    "154":0.0,
    "155":0.06827686267815994,
    "156":0.025603823504309977,
    "157":0.025603823504309977,
    "158":0.07681147051292993,
    "159":0.03413843133907997,
    "160":0.07681147051292993,
    "161":0.025603823504309977,
    "162":0.04267303917384996,
    "163":0.03413843133907997,
    "164":0.008534607834769992,
    "165":0.03413843133907997,
    "166":0.04267303917384996,
    "167":0.008534607834769992,
    "168":0.008534607834769992,
    "169":0.008534607834769992,
    "170":0.05974225484338994,
    "171":0.008534607834769992,
    "172":0.04267303917384996,
    "173":0.0,
    "174":0.0,
    "175":0.03413843133907997,
    "176":0.008534607834769992,
    "177":0.017069215669539985,
    "178":0.008534607834769992,
    "179":0.008534607834769992,
    "180":0.017069215669539985,
    "181":0.008534607834769992,
    "182":0.025603823504309977,
    "183":0.0,
    "184":0.008534607834769992,
    "185":0.025603823504309977,
    "186":0.008534607834769992,
    "187":0.025603823504309977,
    "188":0.03413843133907997,
    "189":0.008534607834769992,
    "190":0.017069215669539985,
    "191":0.017069215669539985,
    "192":0.008534607834769992,
    "193":0.008534607834769992,
    "194":0.008534607834769992,
    "195":0.025603823504309977,
    "196":0.051207647008619954,
    "197":0.025603823504309977,
    "198":0.017069215669539985,
    "199":0.03413843133907997,
    "200":0.0,
    "201":0.017069215669539985,
    "202":0.0,
    "203":0.0,
    "204":0.0,
    "205":0.0,
    "206":0.017069215669539985,
    "207":0.0,
    "208":0.0,
    "209":0.0,
    "210":0.0,
    "211":0.0,
    "212":0.0,
    "213":0.0,
    "214":0.0,
    "215":0.0,
    "216":0.0,
    "217":0.0,
    "218":0.0,
    "219":0.0,
    "220":0.0,
    "221":0.0,
    "222":0.0,
    "223":0.0,
    "224":0.0,
    "225":0.0,
    "226":0.0,
    "227":0.0,
    "228":0.0,
    "229":0.008534607834769992,
    "230":0.0,
    "231":0.0,
    "232":0.0,
    "233":0.0,
    "234":0.0,
    "235":0.0,
    "236":0.0,
    "237":0.0,
    "238":0.0,
    "239":0.0,
    "240":0.0,
    "241":0.0,
    "242":0.0,
    "243":0.0,
    "244":0.0,
    "245":0.0,
    "246":0.008534607834769992,
    "247":0.0,
    "248":0.0,
    "249":0.008534607834769992,
    "250":0.0,
    "251":0.008534607834769992,
    "252":0.0,
    "253":0.0,
    "254":0.0,
    "255":0.0,
    "256":0.008534607834769992,
    "257":0.0,
    "258":0.0,
    "259":0.0,
    "260":0.0,
    "261":0.0,
    "262":0.0,
    "263":0.0,
    "264":0.0,
    "265":0.0,
    "266":0.0,
    "267":0.008534607834769992,
    "268":0.0,
    "269":0.0,
    "270":0.0,
    "271":0.0,
    "272":0.0,
    "273":0.025603823504309977,
    "274":0.0,
    "275":0.0,
    "276":0.0,
    "277":0.0,
    "278":0.0,
    "279":0.0,
    "280":0.0,
    "281":0.0,
    "282":0.0,
    "283":0.0,
    "284":0.0,
    "285":0.0,
    "286":0.0,
    "287":0.0,
    "288":0.0,
    "289":0.0,
    "290":0.0,
    "291":0.0,
    "292":0.0,
    "293":0.0,
    "294":0.0,
    "295":0.0,
    "296":0.0,
    "297":0.0,
    "298":0.0,
    "299":0.0,
    "300":0.0,
    "301":0.0,
    "302":0.0,
    "303":0.0,
    "304":0.008534607834769992,
    "305":0.017069215669539985,
    "306":0.0,
    "307":0.0,
    "308":0.0,
    "309":0.0,
    "310":0.0,
    "311":0.0,
    "312":0.0,
    "313":0.0,
    "314":0.0,
    "315":0.008534607834769992,
    "316":0.0,
    "317":0.0,
    "318":0.0,
    "319":0.0,
    "320":0.0,
    "321":0.0,