{
    "0":[
        [
            -19.926800934082447,
            -43.948957896307974
        ]
    ],
    "1":[
        [
            -19.916727706443208,
            -43.9329686502938
        ]
    ],
    "2":[
        [
            -19.919098198482153,
            -43.95395479292656
        ]
    ],
    "3":[
        [
            -19.921900740698966,
            -43.93946431909536
        ]
    ],
    "4":[
        [
            -19.920193301706533,
            -43.931937135217815
        ]
    ],
    "5":[
        [
            -19.922494108765378,
            -43.94380237623023
        ]
    ],
    "6":[
        [
            -19.92336651156007,
            -43.942092575316046
        ]
    ],
    "7":[
        [
            -19.920713767787777,
            -43.95227206315229
        ]
    ],
    "8":[
        [
            -19.920493074045993,
            -43.948087943431204
        ]
    ],
    "9":[
        [
            -19.917654565508133,
            -43.95567166745132
        ]
    ],
    "total_length":10383.008640292566,
    "work_total":609207.7474112713
}