{
    "0":1.4729950900163666,
    "1":1.6275686488452445,
    "2":0.07274049827241316,
    "3":1.0183669758137843,
    "4":2.5550100018185127,
    "5":3.737043098745226,
    "6":2.845971994908165,
    "7":2.127659574468085,
    "8":1.800327332242226,
    "9":1.3638843426077467,
    "10":1.127477723222404,
    "11":1.0092744135297327,
    "12":0.8365157301327515,
    "13":0.9092562284051645,
    "14":1.100200036370249,
    "15":1.2729587197672305,
    "16":1.227495908346972,
    "17":1.1820330969267139,
    "18":1.0092744135297327,
    "19":1.1365702855064557,
    "20":1.0911074740861975,
    "21":1.0456446626659393,
    "22":1.1911256592107657,
    "23":1.2365884706310237,
    "24":1.1365702855064557,
    "25":1.2456810329150754,
    "26":1.154755410074559,
    "27":1.0911074740861975,
    "28":1.000181851245681,
    "29":1.0456446626659393,
    "30":1.0183669758137843,
    "31":0.9274413529732678,
    "32":0.9183487906892163,
    "33":1.100200036370249,
    "34":0.900163666121113,
    "35":0.9638116021094745,
    "36":1.0638297872340425,
    "37":1.000181851245681,
    "38":0.8819785415530097,
    "39":0.6455719221676669,
    "40":0.5728314238952537,
    "41":0.5455537370430987,
    "42":0.8183306055646482,
    "43":0.6637570467357702,
    "44":0.6092016730314602,
    "45":0.71831242044008,
    "46":0.5364611747590471,
    "47":0.563738861611202,
    "48":0.6273867975995636,
    "49":0.7001272958719768,
    "50":0.6546644844517185,
    "51":0.6546644844517185,
    "52":0.6182942353155119,
    "53":0.6455719221676669,
    "54":0.691034733587925,
    "55":0.7001272958719768,
    "56":0.7819603564284415,
    "57":0.7001272958719768,
    "58":0.71831242044008,
    "59":0.8910711038370612,
    "60":0.691034733587925,
    "61":0.6182942353155119,
    "62":0.6637570467357702,
    "63":0.7637752318603382,
    "64":0.6182942353155119,
    "65":0.691034733587925,
    "66":0.6637570467357702,
    "67":0.7728677941443899,
    "68":0.7001272958719768,
    "69":0.691034733587925,
    "70":0.6455719221676669,
    "71":0.6273867975995636,
    "72":0.4909983633387889,
    "73":0.5273686124749954,
    "74":0.40007274049827246,
    "75":0.5728314238952537,
    "76":0.4909983633387889,
    "77":0.3546099290780142,
    "78":0.6182942353155119,
    "79":0.436442989634479,
    "80":0.4909983633387889,
    "81":0.48190580105473724,
    "82":0.4909983633387889,
    "83":0.5000909256228405,
    "84":0.4637206764866339,
    "85":0.4455355519185306,
    "86":0.3818876159301691,
    "87":0.39098017821422076,
    "88":0.45462811420258226,
    "89":0.36370249136206584,
    "90":0.4909983633387889,
    "91":0.36370249136206584,
    "92":0.41825786506637574,
    "93":0.4091653027823241,
    "94":0.41825786506637574,
    "95":0.3455173667939625,
    "96":0.4091653027823241,
    "97":0.3727950536461175,
    "98":0.3000545553737043,
    "99":0.36370249136206584,
    "100":0.2636843062374977,
    "101":0.36370249136206584,
    "102":0.24549918166939444,
    "103":0.29096199308965265,
    "104":0.3546099290780142,
    "105":0.281869430805601,
    "106":0.3546099290780142,
    "107":0.33642480450991086,
    "108":0.24549918166939444,
    "109":0.22731405710129113,
    "110":0.10001818512456812,
    "111":0.16366612111292964,
    "112":0.12729587197672304,
    "113":0.2364066193853428,
    "114":0.15457355882887797,
    "115":0.16366612111292964,
    "116":0.15457355882887797,
    "117":0.16366612111292964,
    "118":0.10001818512456812,
    "119":0.20003637024913623,
    "120":0.08183306055646482,
    "121":0.10001818512456812,
    "122":0.12729587197672304,
    "123":0.14548099654482632,
    "124":0.07274049827241316,
    "125":0.15457355882887797,
    "126":0.09092562284051646,
    "127":0.08183306055646482,
    "128":0.09092562284051646,
    "129":0.07274049827241316,
    "130":0.06364793598836152,
    "131":0.09092562284051646,
    "132":0.09092562284051646,
    "133":0.10001818512456812,
    "134":0.10911074740861974,
    "135":0.16366612111292964,
    "136":0.08183306055646482,
    "137":0.10001818512456812,
    "138":0.07274049827241316,
    "139":0.10911074740861974,
    "140":0.06364793598836152,
    "141":0.1182033096926714,
    "142":0.10001818512456812,
    "143":0.08183306055646482,
    "144":0.09092562284051646,
    "145":0.05455537370430987,
    "146":0.10911074740861974,
    "147":0.10001818512456812,
    "148":0.06364793598836152,
    "149":0.12729587197672304,
    "150":0.10001818512456812,
    "151":0.10001818512456812,
    "152":0.05455537370430987,
    "153":0.04546281142025823,
    "154":0.09092562284051646,
    "155":0.09092562284051646,
    "156":0.06364793598836152,
    "157":0.10001818512456812,
    "158":0.10911074740861974,
    "159":0.05455537370430987,
    "160":0.1182033096926714,
    "161":0.07274049827241316,
    "162":0.10001818512456812,
    "163":0.05455537370430987,
    "164":0.08183306055646482,
    "165":0.09092562284051646,
    "166":0.04546281142025823,
    "167":0.08183306055646482,
    "168":0.04546281142025823,
    "169":0.04546281142025823,
    "170":0.09092562284051646,
    "171":0.10911074740861974,
    "172":0.04546281142025823,
    "173":0.09092562284051646,
    "174":0.08183306055646482,
    "175":0.027277686852154936,
    "176":0.08183306055646482,
    "177":0.03637024913620658,
    "178":0.027277686852154936,
    "179":0.03637024913620658,
    "180":0.01818512456810329,
    "181":0.01818512456810329,
    "182":0.0,
    "183":0.06364793598836152,
    "184":0.0,
    "185":0.01818512456810329,
    "186":0.027277686852154936,
    "187":0.027277686852154936,
    "188":0.027277686852154936,
    "189":0.01818512456810329,
    "190":0.03637024913620658,
    "191":0.009092562284051645,
    "192":0.01818512456810329,
    "193":0.027277686852154936,
    "194":0.009092562284051645,
    "195":0.009092562284051645,
    "196":0.027277686852154936,
    "197":0.009092562284051645,
    "198":0.027277686852154936,
    "199":0.03637024913620658,
    "200":0.027277686852154936,
    "201":0.03637024913620658,
    "202":0.027277686852154936,
    "203":0.027277686852154936,
    "204":0.009092562284051645,
    "205":0.009092562284051645,
    "206":0.03637024913620658,
    "207":0.03637024913620658,
    "208":0.027277686852154936,
    "209":0.01818512456810329,
    "210":0.027277686852154936,
    "211":0.01818512456810329,
    "212":0.009092562284051645,
    "213":0.05455537370430987,
    "214":0.027277686852154936,
    "215":0.009092562284051645,
    "216":0.04546281142025823,
    "217":0.01818512456810329,
    "218":0.01818512456810329,
    "219":0.01818512456810329,
    "220":0.04546281142025823,
    "221":0.027277686852154936,
    "222":0.05455537370430987,
    "223":0.027277686852154936,
    "224":0.009092562284051645,
    "225":0.04546281142025823,
    "226":0.03637024913620658,
    "227":0.009092562284051645,
    "228":0.027277686852154936,
    "229":0.027277686852154936,
    "230":0.01818512456810329,
    "231":0.009092562284051645,
    "232":0.03637024913620658,
    "233":0.009092562284051645,
    "234":0.05455537370430987,
    "235":0.05455537370430987,
    "236":0.01818512456810329,
    "237":0.009092562284051645,
    "238":0.027277686852154936,
    "239":0.07274049827241316,
    "240":0.027277686852154936,
    "241":0.009092562284051645,
    "242":0.01818512456810329,
    "243":0.009092562284051645,
    "244":0.009092562284051645,
    "245":0.027277686852154936,
    "246":0.027277686852154936,
    "247":0.01818512456810329,
    "248":0.01818512456810329,
    "249":0.04546281142025823,
    "250":0.027277686852154936,
    "251":0.0,
    "252":0.009092562284051645,
    "253":0.009092562284051645,
    "254":0.009092562284051645,
    "255":0.01818512456810329,
    "256":0.009092562284051645,
    "257":0.009092562284051645,
    "258":0.01818512456810329,
    "259":0.009092562284051645,
    "260":0.03637024913620658,
    "261":0.027277686852154936,
    "262":0.027277686852154936,
    "263":0.009092562284051645,
    "264":0.01818512456810329,