{
    "0":2.0094562647754137,
    "1":0.7959022852639873,
    "2":2.8368794326241136,
    "3":1.0874704491725768,
    "4":1.3238770685579195,
    "5":1.5445232466509062,
    "6":1.0795902285263987,
    "7":1.5524034672970843,
    "8":1.2923561859732071,
    "9":1.19779353821907,
    "10":1.5051221434200157,
    "11":1.7966903073286054,
    "12":1.5918045705279746,
    "13":1.7966903073286054,
    "14":1.5839243498817965,
    "15":1.5130023640661938,
    "16":1.3081166272655633,
    "17":1.4026792750197006,
    "18":1.4814814814814816,
    "19":1.6312056737588652,
    "20":1.4578408195429473,
    "21":1.4893617021276597,
    "22":1.355397951142632,
    "23":1.4972419227738378,
    "24":1.4499605988967692,
    "25":1.5051221434200157,
    "26":1.69424743892829,
    "27":1.5366430260047281,
    "28":1.615445232466509,
    "29":1.5602836879432624,
    "30":1.3711583924349882,
    "31":1.4972419227738378,
    "32":1.4105594956658787,
    "33":1.3790386130811663,
    "34":1.3238770685579195,
    "35":1.284475965327029,
    "36":1.103230890464933,
    "37":1.103230890464933,
    "38":1.189913317572892,
    "39":1.103230890464933,
    "40":1.2056737588652482,
    "41":1.0559495665878644,
    "42":1.1111111111111112,
    "43":0.8825847123719465,
    "44":1.024428684003152,
    "45":0.9141055949566588,
    "46":0.8668242710795903,
    "47":0.6855791962174941,
    "48":0.9771473601260836,
    "49":0.8747044917257684,
    "50":0.7486209613869189,
    "51":0.6619385342789598,
    "52":0.7801418439716312,
    "53":0.8116627265563435,
    "54":0.7092198581560284,
    "55":0.8195429472025216,
    "56":0.6461780929866036,
    "57":0.6934594168636722,
    "58":0.5831363278171788,
    "59":0.6934594168636722,
    "60":0.4964539007092199,
    "61":0.4806934594168637,
    "62":0.5200945626477541,
    "63":0.4885736800630418,
    "64":0.4885736800630418,
    "65":0.4964539007092199,
    "66":0.4806934594168637,
    "67":0.7171000788022065,
    "68":0.3940110323089046,
    "69":0.5437352245862884,
    "70":0.5279747832939322,
    "71":0.425531914893617,
    "72":0.4018912529550827,
    "73":0.4728132387706856,
    "74":0.4176516942474389,
    "75":0.3624901497241923,
    "76":0.4649330181245075,
    "77":0.4885736800630418,
    "78":0.4885736800630418,
    "79":0.44129235618597323,
    "80":0.3467297084318361,
    "81":0.44129235618597323,
    "82":0.3309692671394799,
    "83":0.3703703703703704,
    "84":0.338849487785658,
    "85":0.4097714736012608,
    "86":0.3467297084318361,
    "87":0.27580772261623326,
    "88":0.3940110323089046,
    "89":0.2915681639085894,
    "90":0.252167060677699,
    "91":0.2285263987391647,
    "92":0.3230890464933018,
    "93":0.2994483845547675,
    "94":0.2285263987391647,
    "95":0.31520882584712373,
    "96":0.3073286052009456,
    "97":0.2285263987391647,
    "98":0.2915681639085894,
    "99":0.2127659574468085,
    "100":0.18124507486209615,
    "101":0.17336485421591805,
    "102":0.2285263987391647,
    "103":0.18912529550827423,
    "104":0.13396375098502758,
    "105":0.11032308904649331,
    "106":0.13396375098502758,
    "107":0.1182033096926714,
    "108":0.1024428684003152,
    "109":0.1024428684003152,
    "110":0.11032308904649331,
    "111":0.06304176516942475,
    "112":0.11032308904649331,
    "113":0.15760441292356187,
    "114":0.11032308904649331,
    "115":0.1260835303388495,
    "116":0.1024428684003152,
    "117":0.031520882584712376,
    "118":0.14184397163120568,
    "119":0.1260835303388495,
    "120":0.06304176516942475,
    "121":0.11032308904649331,
    "122":0.11032308904649331,
    "123":0.07880220646178093,
    "124":0.08668242710795902,
    "125":0.1024428684003152,
    "126":0.09456264775413711,
    "127":0.1024428684003152,
    "128":0.1182033096926714,
    "129":0.07092198581560284,
    "130":0.07880220646178093,
    "131":0.1260835303388495,
    "132":0.031520882584712376,
    "133":0.08668242710795902,
    "134":0.055161544523246654,
    "135":0.055161544523246654,
    "136":0.06304176516942475,
    "137":0.02364066193853428,
    "138":0.039401103230890466,
    "139":0.06304176516942475,
    "140":0.055161544523246654,
    "141":0.06304176516942475,
    "142":0.04728132387706856,
    "143":0.08668242710795902,
    "144":0.04728132387706856,
    "145":0.02364066193853428,
    "146":0.07092198581560284,
    "147":0.07092198581560284,
    "148":0.07092198581560284,
    "149":0.07880220646178093,
    "150":0.07092198581560284,
    "151":0.09456264775413711,
    "152":0.06304176516942475,
    "153":0.055161544523246654,
    "154":0.07880220646178093,
    "155":0.06304176516942475,
    "156":0.06304176516942475,
    "157":0.055161544523246654,
    "158":0.039401103230890466,
    "159":0.04728132387706856,
    "160":0.02364066193853428,
    "161":0.04728132387706856,
    "162":0.06304176516942475,
    "163":0.055161544523246654,
    "164":0.06304176516942475,
    "165":0.031520882584712376,
    "166":0.039401103230890466,
    "167":0.055161544523246654,
    "168":0.09456264775413711,
    "169":0.039401103230890466,
    "170":0.04728132387706856,
    "171":0.06304176516942475,
    "172":0.031520882584712376,
    "173":0.055161544523246654,
    "174":0.031520882584712376,
    "175":0.04728132387706856,
    "176":0.06304176516942475,
    "177":0.055161544523246654,
    "178":0.015760441292356188,
    "179":0.039401103230890466,
    "180":0.055161544523246654,
    "181":0.055161544523246654,
    "182":0.039401103230890466,
    "183":0.0,
    "184":0.04728132387706856,
    "185":0.031520882584712376,
    "186":0.039401103230890466,
    "187":0.07092198581560284,
    "188":0.039401103230890466,
    "189":0.02364066193853428,
    "190":0.02364066193853428,
    "191":0.039401103230890466,
    "192":0.039401103230890466,
    "193":0.039401103230890466,
    "194":0.04728132387706856,
    "195":0.06304176516942475,
    "196":0.07092198581560284,
    "197":0.02364066193853428,
    "198":0.039401103230890466,
    "199":0.007880220646178094,
    "200":0.031520882584712376,
    "201":0.015760441292356188,
    "202":0.06304176516942475,
    "203":0.031520882584712376,
    "204":0.02364066193853428,
    "205":0.02364066193853428,
    "206":0.02364066193853428,
    "207":0.007880220646178094,
    "208":0.02364066193853428,
    "209":0.007880220646178094,
    "210":0.06304176516942475,
    "211":0.015760441292356188,
    "212":0.015760441292356188,
    "213":0.02364066193853428,
    "214":0.015760441292356188,
    "215":0.007880220646178094,
    "216":0.02364066193853428,
    "217":0.007880220646178094,
    "218":0.0,
    "219":0.015760441292356188,
    "220":0.02364066193853428,
    "221":0.0,
    "222":0.007880220646178094,
    "223":0.02364066193853428,
    "224":0.02364066193853428,
    "225":0.031520882584712376,
    "226":0.007880220646178094,
    "227":0.06304176516942475,
    "228":0.02364066193853428,
    "229":0.015760441292356188,
    "230":0.015760441292356188,
    "231":0.02364066193853428,
    "232":0.007880220646178094,
    "233":0.0,
    "234":0.015760441292356188,
    "235":0.015760441292356188,
    "236":0.031520882584712376,
    "237":0.0,
    "238":0.015760441292356188,
    "239":0.007880220646178094,
    "240":0.015760441292356188,
    "241":0.0,
    "242":0.015760441292356188,
    "243":0.015760441292356188,
    "244":0.02364066193853428,
    "245":0.031520882584712376,
    "246":0.039401103230890466,
    "247":0.031520882584712376,
    "248":0.0,
    "249":0.0,
    "250":0.015760441292356188,
    "251":0.007880220646178094,
    "252":0.007880220646178094,
    "253":0.007880220646178094,
    "254":0.015760441292356188,
    "255":0.0,
    "256":0.0,
    "257":0.007880220646178094,
    "258":0.0,
    "259":0.007880220646178094,
    "260":0.015760441292356188,
    "261":0.0,
    "262":0.031520882584712376,
    "263":0.007880220646178094,
    "264":0.007880220646178094,
    "265":0.0,
    "266":0.031520882584712376,
    "267":0.0,
    "268":0.015760441292356188,
    "269":0.015760441292356188,