{
    "0":[
        [
            -19.917051133507435,
            -43.948549676983774
        ]
    ],
    "1":[
        [
            -19.91199102114562,
            -43.94244590949698
        ]
    ],
    "2":[
        [
            -19.918461809626645,
            -43.948940814238185
        ]
    ],
    "3":[
        [
            -19.90733828562462,
            -43.94532689614083
        ]
    ],
    "4":[
        [
            -19.91909134020398,
            -43.93721201721954
        ]
    ],
    "5":[
        [
            -19.92759262726869,
            -43.95103022150895
        ]
    ],
    "6":[
        [
            -19.91610213502968,
            -43.94200849727783
        ]
    ],
    "7":[
        [
            -19.919062835645466,
            -43.94889762227897
        ]
    ],
    "8":[
        [
            -19.912834699305886,
            -43.95219206555545
        ]
    ],
    "9":[
        [
            -19.91813334195698,
            -43.94264456626228
        ]
    ],
    "path":[
        [
            300000000001,
            8269122580,
            60649322,
            60649323,
            60650587,
            27685728,
            2309791755,
            29154964,
            300000000008
        ],
        [
            300000000008,
            29095022,
            300000000003
        ],
        [
            300000000003,
            29095393,
            4894306911,
            28794420,
            2309508183,
            29095772,
            28794428,
            60652038,
            29160459,
            29096564,
            35930993,
            29145510,
            300000000007
        ],
        [
            300000000007,
            29160545,
            8227243867,
            29544284,
            2618540179,
            29544281,
            31829637,
            300000000002
        ],
        [
            300000000002,
            61785364,
            61785365,
            1083142781,
            61785387,
            3202597990,
            61785389,
            61814732,
            61785391,
            8226856434,
            300000000004
        ],
        [
            300000000004,
            8226856434,
            61785391,
            61785374,
            61814704,
            61785415,
            61814701,
            61814697,
            61814696,
            60317926,
            60317916,
            300000000009
        ],
        [
            300000000009,
            60317916,
            60317926,
            60317927,
            3203252249,
            34851813,
            61785371,
            61785370,
            2314391096,
            61785361,
            2296385387,
            8226703628,
            8226703629,
            2277624886,
            4894306887,
            2277624885,
            29095053,
            8231162702,
            8231162701,
            1083142363,
            2971079433,
            2684142546,
            3039400037,
            2684159593,
            29160545,
            1273201209,
            35927127,
            29096667,
            5475841282,
            321042274,
            1273201210,
            5441037124,
            3440097857,
            2845291901,
            2992467334,
            2590376322,
            32449478,
            3440088421,
            32449479,
            5378208019,
            5378208016,
            998848640,
            5041878813,
            5378208017,
            29096145,
            300000000005
        ],
        [
            300000000005,
            29096145,
            5378208017,
            5041878814,
            5041878815,
            5378208018,
            5041878816,
            5041878817,
            8272717737,
            4466147354,
            32448878,
            4459870190,
            6407949754,
            4466147352,
            32448876,
            32448875,
            5041879425,
            5041879422,
            29544285,
            354123349,
            5041879421,
            35927104,
            994509664,
            5041879430,
            32448873,
            5041859080,
            5041859081,
            2388312352,
            1288421551,
            1068693082,
            6379966352,
            5266180687,
            5459976228,
            1068693093,
            1068693067,
            29555395,
            2388312350,
            5041851248,
            5041851249,
            5041851250,
            32448869,
            60649319,
            60649315,
            41416552,
            32448870,
            36417886,
            60649271,
            36418253,
            2635443393,
            36418252,
            300000000006
        ],
        [
            300000000006,
            36418252,
            2635443393,
            36418253,
            60649271,
            36417886,
            60649425,
            2826847001,
            2826852601,
            60649317,
            41416540,
            994509747,
            60649318,
            324773984,
            5041851251,
            5041851248,
            2388312350,
            29555395,
            1068693067,
            1068693093,
            5459976228,
            5266180687,
            6379966352,
            1068693086,
            8427336825,
            2388312353,
            2388312349,
            1288421553,
            993654834,
            35930990,
            29145507,
            29145508,
            29145509,
            300000000010
        ]
    ],
    "total_length":9264.326996678472,
    "work_total":1238481.8581957368
}