{
    "0":0.911854103343465,
    "1":0.15921262121870025,
    "2":1.331596468374584,
    "3":0.7815892314372557,
    "4":0.4631639889998552,
    "5":0.665798234187292,
    "6":0.6513243595310464,
    "7":0.4631639889998552,
    "8":0.27500361846866406,
    "9":0.7671153567810103,
    "10":0.636850484874801,
    "11":0.9552757273122015,
    "12":1.1579099724996382,
    "13":0.9842234766246923,
    "14":1.0131712259371835,
    "15":1.2013315964683746,
    "16":1.1434360978433926,
    "17":0.998697351280938,
    "18":0.7092198581560284,
    "19":0.7960631060935012,
    "20":0.6947459834997829,
    "21":0.7236937328122739,
    "22":0.5355333622810826,
    "23":0.636850484874801,
    "24":0.6802721088435374,
    "25":0.7236937328122739,
    "26":0.6513243595310464,
    "27":0.6513243595310464,
    "28":0.5789549862498191,
    "29":0.5500072369373281,
    "30":0.4776378636561007,
    "31":0.5210594876248371,
    "32":0.49211173831234617,
    "33":0.665798234187292,
    "34":0.41974236503111884,
    "35":0.4776378636561007,
    "36":0.43421623968736434,
    "37":0.5500072369373281,
    "38":0.5355333622810826,
    "39":0.5500072369373281,
    "40":0.7671153567810103,
    "41":0.6947459834997829,
    "42":0.41974236503111884,
    "43":0.39079461571862784,
    "44":0.4631639889998552,
    "45":0.5789549862498191,
    "46":0.5355333622810826,
    "47":0.5789549862498191,
    "48":0.7381676074685193,
    "49":0.7526414821247649,
    "50":0.41974236503111884,
    "51":0.636850484874801,
    "52":0.5500072369373281,
    "53":0.5500072369373281,
    "54":0.7092198581560284,
    "55":0.5065856129685917,
    "56":0.6513243595310464,
    "57":0.5210594876248371,
    "58":0.6223766102185555,
    "59":0.5355333622810826,
    "60":0.49211173831234617,
    "61":0.5210594876248371,
    "62":0.4486901143436098,
    "63":0.5500072369373281,
    "64":0.41974236503111884,
    "65":0.5644811115935736,
    "66":0.4631639889998552,
    "67":0.37632074106238245,
    "68":0.4631639889998552,
    "69":0.5934288609060646,
    "70":0.37632074106238245,
    "71":0.4486901143436098,
    "72":0.27500361846866406,
    "73":0.5644811115935736,
    "74":0.41974236503111884,
    "75":0.5065856129685917,
    "76":0.3184252424374005,
    "77":0.303951367781155,
    "78":0.39079461571862784,
    "79":0.36184686640613695,
    "80":0.303951367781155,
    "81":0.27500361846866406,
    "82":0.28947749312490956,
    "83":0.2315819944999276,
    "84":0.34737299174989145,
    "85":0.39079461571862784,
    "86":0.26052974381241856,
    "87":0.27500361846866406,
    "88":0.39079461571862784,
    "89":0.41974236503111884,
    "90":0.39079461571862784,
    "91":0.37632074106238245,
    "92":0.4052684903748734,
    "93":0.332899117093646,
    "94":0.4052684903748734,
    "95":0.21710811984368217,
    "96":0.43421623968736434,
    "97":0.303951367781155,
    "98":0.41974236503111884,
    "99":0.41974236503111884,
    "100":0.4052684903748734,
    "101":0.4631639889998552,
    "102":0.303951367781155,
    "103":0.37632074106238245,
    "104":0.27500361846866406,
    "105":0.39079461571862784,
    "106":0.28947749312490956,
    "107":0.2315819944999276,
    "108":0.24605586915617308,
    "109":0.3184252424374005,
    "110":0.26052974381241856,
    "111":0.28947749312490956,
    "112":0.332899117093646,
    "113":0.2315819944999276,
    "114":0.26052974381241856,
    "115":0.26052974381241856,
    "116":0.3184252424374005,
    "117":0.303951367781155,
    "118":0.4052684903748734,
    "119":0.37632074106238245,
    "120":0.28947749312490956,
    "121":0.27500361846866406,
    "122":0.3184252424374005,
    "123":0.3184252424374005,
    "124":0.303951367781155,
    "125":0.43421623968736434,
    "126":0.43421623968736434,
    "127":0.37632074106238245,
    "128":0.2026342451874367,
    "129":0.4631639889998552,
    "130":0.303951367781155,
    "131":0.4486901143436098,
    "132":0.37632074106238245,
    "133":0.34737299174989145,
    "134":0.332899117093646,
    "135":0.26052974381241856,
    "136":0.2315819944999276,
    "137":0.4631639889998552,
    "138":0.4631639889998552,
    "139":0.28947749312490956,
    "140":0.39079461571862784,
    "141":0.36184686640613695,
    "142":0.28947749312490956,
    "143":0.4776378636561007,
    "144":0.39079461571862784,
    "145":0.27500361846866406,
    "146":0.39079461571862784,
    "147":0.27500361846866406,
    "148":0.27500361846866406,
    "149":0.37632074106238245,
    "150":0.34737299174989145,
    "151":0.34737299174989145,
    "152":0.37632074106238245,
    "153":0.36184686640613695,
    "154":0.41974236503111884,
    "155":0.303951367781155,
    "156":0.36184686640613695,
    "157":0.27500361846866406,
    "158":0.28947749312490956,
    "159":0.5210594876248371,
    "160":0.5644811115935736,
    "161":0.303951367781155,
    "162":0.3184252424374005,
    "163":0.3184252424374005,
    "164":0.36184686640613695,
    "165":0.36184686640613695,
    "166":0.26052974381241856,
    "167":0.28947749312490956,
    "168":0.24605586915617308,
    "169":0.27500361846866406,
    "170":0.17368649587494572,
    "171":0.41974236503111884,
    "172":0.28947749312490956,
    "173":0.26052974381241856,
    "174":0.303951367781155,
    "175":0.21710811984368217,
    "176":0.3184252424374005,
    "177":0.2026342451874367,
    "178":0.21710811984368217,
    "179":0.13026487190620928,
    "180":0.303951367781155,
    "181":0.26052974381241856,
    "182":0.21710811984368217,
    "183":0.18816037053119122,
    "184":0.2315819944999276,
    "185":0.15921262121870025,
    "186":0.18816037053119122,
    "187":0.14473874656245478,
    "188":0.26052974381241856,
    "189":0.13026487190620928,
    "190":0.14473874656245478,
    "191":0.18816037053119122,
    "192":0.17368649587494572,
    "193":0.21710811984368217,
    "194":0.14473874656245478,
    "195":0.17368649587494572,
    "196":0.10131712259371835,
    "197":0.13026487190620928,
    "198":0.21710811984368217,
    "199":0.1157909972499638,
    "200":0.08684324793747286,
    "201":0.14473874656245478,
    "202":0.14473874656245478,
    "203":0.13026487190620928,
    "204":0.17368649587494572,
    "205":0.1157909972499638,
    "206":0.08684324793747286,
    "207":0.17368649587494572,
    "208":0.13026487190620928,
    "209":0.14473874656245478,
    "210":0.1157909972499638,
    "211":0.2026342451874367,
    "212":0.13026487190620928,
    "213":0.10131712259371835,
    "214":0.2315819944999276,
    "215":0.10131712259371835,
    "216":0.13026487190620928,
    "217":0.2026342451874367,
    "218":0.07236937328122739,
    "219":0.15921262121870025,
    "220":0.15921262121870025,
    "221":0.10131712259371835,
    "222":0.1157909972499638,
    "223":0.1157909972499638,
    "224":0.21710811984368217,
    "225":0.14473874656245478,
    "226":0.18816037053119122,
    "227":0.14473874656245478,
    "228":0.15921262121870025,
    "229":0.13026487190620928,
    "230":0.08684324793747286,
    "231":0.18816037053119122,
    "232":0.15921262121870025,
    "233":0.07236937328122739,
    "234":0.08684324793747286,
    "235":0.02894774931249095,
    "236":0.08684324793747286,
    "237":0.1157909972499638,
    "238":0.10131712259371835,
    "239":0.2026342451874367,
    "240":0.10131712259371835,
    "241":0.08684324793747286,
    "242":0.13026487190620928,
    "243":0.07236937328122739,
    "244":0.04342162396873643,
    "245":0.07236937328122739,
    "246":0.08684324793747286,
    "247":0.08684324793747286,
    "248":0.014473874656245476,
    "249":0.13026487190620928,
    "250":0.04342162396873643,
    "251":0.08684324793747286,
    "252":0.02894774931249095,
    "253":0.04342162396873643,
    "254":0.0578954986249819,
    "255":0.08684324793747286,
    "256":0.0578954986249819,
    "257":0.07236937328122739,
    "258":0.04342162396873643,
    "259":0.0578954986249819,
    "260":0.04342162396873643,
    "261":0.10131712259371835,
    "262":0.07236937328122739,
    "263":0.02894774931249095,
    "264":0.0,
    "265":0.014473874656245476,