{
    "0":1.9965473241762364,
    "1":1.9440066051189673,
    "2":4.736170532162426,
    "3":2.8296930120843653,
    "4":2.9347744501989044,
    "5":2.0340764092171435,
    "6":1.0883434661862943,
    "7":0.7130526157772273,
    "8":0.6455002627035953,
    "9":0.5404188245890565,
    "10":1.5461983036853562,
    "11":1.696314643848983,
    "12":1.8089018989717032,
    "13":1.7113262778653455,
    "14":1.8164077159798846,
    "15":2.026570592208962,
    "16":2.0190647752007806,
    "17":1.9440066051189673,
    "18":1.7188320948735272,
    "19":1.0057794790962997,
    "20":0.8406515049163102,
    "21":1.0508143811453878,
    "22":1.058320198153569,
    "23":1.0433085641372064,
    "24":0.9006980409817609,
    "25":0.8031224198754034,
    "26":0.9006980409817609,
    "27":0.8931922239735796,
    "28":0.7580875178263154,
    "29":0.6455002627035953,
    "30":0.7355700668017714,
    "31":0.6154769946708699,
    "32":0.6229828116790512,
    "33":0.6680177137281392,
    "34":0.6004653606545073,
    "35":0.6980409817608646,
    "36":0.6229828116790512,
    "37":0.7580875178263154,
    "38":0.8481573219244914,
    "39":0.990767845079937,
    "40":0.8106282368835849,
    "41":0.7280642497935901,
    "42":0.7730991518426781,
    "43":0.750581700818134,
    "44":0.6154769946708699,
    "45":0.6980409817608646,
    "46":0.6154769946708699,
    "47":0.7430758838099527,
    "48":0.6980409817608646,
    "49":0.8631689559408542,
    "50":0.6905351647526833,
    "51":0.8856864069653981,
    "52":0.637994445695414,
    "53":0.7130526157772273,
    "54":0.705546798769046,
    "55":0.6154769946708699,
    "56":0.5929595436463259,
    "57":0.6004653606545073,
    "58":0.5479246415972379,
    "59":0.4953839225399685,
    "60":0.5479246415972379,
    "61":0.5629362756136005,
    "62":0.4878781055317871,
    "63":0.5028897395481499,
    "64":0.5179013735645125,
    "65":0.4878781055317871,
    "66":0.5179013735645125,
    "67":0.5103955565563312,
    "68":0.5479246415972379,
    "69":0.6004653606545073,
    "70":0.41281993544997375,
    "71":0.47286647151542444,
    "72":0.45034902049088044,
    "73":0.4353373864745177,
    "74":0.39030248442542975,
    "75":0.4353373864745177,
    "76":0.34526758237634164,
    "77":0.45785483749906175,
    "78":0.375290850409067,
    "79":0.4203257524581551,
    "80":0.2777152293027096,
    "81":0.40531411844179244,
    "82":0.22517451024544022,
    "83":0.22517451024544022,
    "84":0.21016287622907756,
    "85":0.32275013135179764,
    "86":0.2852210463108909,
    "87":0.30023268032725364,
    "88":0.2852210463108909,
    "89":0.30773849733543496,
    "90":0.3377617653681603,
    "91":0.2777152293027096,
    "92":0.23268032725362156,
    "93":0.2401861442618029,
    "94":0.24769196126998425,
    "95":0.3677850334008857,
    "96":0.3152443143436163,
    "97":0.21766869323725885,
    "98":0.330255948359979,
    "99":0.24769196126998425,
    "100":0.15011634016362682,
    "101":0.1876454252045335,
    "102":0.2777152293027096,
    "103":0.2702094122945283,
    "104":0.21016287622907756,
    "105":0.21016287622907756,
    "106":0.24769196126998425,
    "107":0.22517451024544022,
    "108":0.2401861442618029,
    "109":0.19515124221271488,
    "110":0.2702094122945283,
    "111":0.30773849733543496,
    "112":0.2551977782781656,
    "113":0.2702094122945283,
    "114":0.17263379118817082,
    "115":0.1876454252045335,
    "116":0.21016287622907756,
    "117":0.17263379118817082,
    "118":0.2401861442618029,
    "119":0.1876454252045335,
    "120":0.2777152293027096,
    "121":0.2927268633190723,
    "122":0.18013960819635216,
    "123":0.20265705922089622,
    "124":0.21766869323725885,
    "125":0.2401861442618029,
    "126":0.1275988891390828,
    "127":0.1876454252045335,
    "128":0.1651279741799895,
    "129":0.13510470614726414,
    "130":0.15762215717180816,
    "131":0.1275988891390828,
    "132":0.14261052315544545,
    "133":0.14261052315544545,
    "134":0.2777152293027096,
    "135":0.1275988891390828,
    "136":0.22517451024544022,
    "137":0.13510470614726414,
    "138":0.13510470614726414,
    "139":0.15762215717180816,
    "140":0.18013960819635216,
    "141":0.19515124221271488,
    "142":0.15762215717180816,
    "143":0.10508143811453878,
    "144":0.18013960819635216,
    "145":0.13510470614726414,
    "146":0.10508143811453878,
    "147":0.15762215717180816,
    "148":0.06755235307363207,
    "149":0.14261052315544545,
    "150":0.15762215717180816,
    "151":0.1651279741799895,
    "152":0.15011634016362682,
    "153":0.14261052315544545,
    "154":0.18013960819635216,
    "155":0.09757562110635744,
    "156":0.09006980409817608,
    "157":0.10508143811453878,
    "158":0.09757562110635744,
    "159":0.10508143811453878,
    "160":0.09757562110635744,
    "161":0.11258725512272011,
    "162":0.08256398708999475,
    "163":0.11258725512272011,
    "164":0.06755235307363207,
    "165":0.09757562110635744,
    "166":0.10508143811453878,
    "167":0.037529085040906705,
    "168":0.09757562110635744,
    "169":0.09006980409817608,
    "170":0.08256398708999475,
    "171":0.08256398708999475,
    "172":0.09006980409817608,
    "173":0.09757562110635744,
    "174":0.17263379118817082,
    "175":0.030023268032725363,
    "176":0.09006980409817608,
    "177":0.09757562110635744,
    "178":0.060046536065450726,
    "179":0.06755235307363207,
    "180":0.09757562110635744,
    "181":0.11258725512272011,
    "182":0.060046536065450726,
    "183":0.11258725512272011,
    "184":0.08256398708999475,
    "185":0.12009307213090145,
    "186":0.11258725512272011,
    "187":0.10508143811453878,
    "188":0.09757562110635744,
    "189":0.05254071905726939,
    "190":0.07505817008181341,
    "191":0.09006980409817608,
    "192":0.07505817008181341,
    "193":0.08256398708999475,
    "194":0.060046536065450726,
    "195":0.037529085040906705,
    "196":0.04503490204908804,
    "197":0.08256398708999475,
    "198":0.037529085040906705,
    "199":0.037529085040906705,
    "200":0.05254071905726939,
    "201":0.060046536065450726,
    "202":0.05254071905726939,
    "203":0.08256398708999475,
    "204":0.05254071905726939,
    "205":0.02251745102454402,
    "206":0.02251745102454402,
    "207":0.060046536065450726,
    "208":0.060046536065450726,
    "209":0.060046536065450726,
    "210":0.060046536065450726,
    "211":0.02251745102454402,
    "212":0.02251745102454402,
    "213":0.08256398708999475,
    "214":0.04503490204908804,
    "215":0.060046536065450726,
    "216":0.037529085040906705,
    "217":0.030023268032725363,
    "218":0.037529085040906705,
    "219":0.04503490204908804,
    "220":0.09757562110635744,
    "221":0.05254071905726939,
    "222":0.015011634016362681,
    "223":0.037529085040906705,
    "224":0.02251745102454402,
    "225":0.09006980409817608,
    "226":0.04503490204908804,
    "227":0.06755235307363207,
    "228":0.04503490204908804,
    "229":0.02251745102454402,
    "230":0.060046536065450726,
    "231":0.030023268032725363,
    "232":0.04503490204908804,
    "233":0.037529085040906705,
    "234":0.02251745102454402,
    "235":0.030023268032725363,
    "236":0.04503490204908804,
    "237":0.04503490204908804,
    "238":0.060046536065450726,
    "239":0.037529085040906705,
    "240":0.030023268032725363,
    "241":0.05254071905726939,
    "242":0.037529085040906705,
    "243":0.02251745102454402,
    "244":0.030023268032725363,
    "245":0.037529085040906705,
    "246":0.030023268032725363,
    "247":0.030023268032725363,
    "248":0.05254071905726939,
    "249":0.0,
    "250":0.007505817008181341,
    "251":0.030023268032725363,
    "252":0.037529085040906705,
    "253":0.02251745102454402,
    "254":0.037529085040906705,
    "255":0.04503490204908804,
    "256":0.037529085040906705,
    "257":0.02251745102454402,
    "258":0.030023268032725363,
    "259":0.015011634016362681,
    "260":0.007505817008181341,
    "261":0.007505817008181341,
    "262":0.04503490204908804,
    "263":0.015011634016362681,