{
    "0":6.5053939195815635,
    "1":0.7518796992481203,
    "2":3.0728996404053612,
    "3":2.3373651520104612,
    "4":0.6047728015691403,
    "5":0.8989865969271004,
    "6":1.0951291271657404,
    "7":0.5884275907159202,
    "8":0.7191892775416803,
    "9":0.7191892775416803,
    "10":0.7682249101013403,
    "11":0.8499509643674402,
    "12":0.6701536449820202,
    "13":0.7845701209545604,
    "14":0.7355344883949003,
    "15":0.4740111147433802,
    "16":0.4740111147433802,
    "17":0.5393919581562603,
    "18":0.4576659038901602,
    "19":0.7028440666884602,
    "20":0.7028440666884602,
    "21":0.6047728015691403,
    "22":0.7355344883949003,
    "23":0.8009153318077803,
    "24":0.7355344883949003,
    "25":0.8499509643674402,
    "26":0.7028440666884602,
    "27":0.9807126511932003,
    "28":0.7845701209545604,
    "29":0.9643674403399805,
    "30":0.8989865969271004,
    "31":0.5067015364498202,
    "32":0.8662961752206603,
    "33":0.6864988558352403,
    "34":0.8172605426610003,
    "35":0.7518796992481203,
    "36":0.6864988558352403,
    "37":0.5230467473030402,
    "38":0.6374632232755802,
    "39":0.5557371690094802,
    "40":0.6374632232755802,
    "41":0.5230467473030402,
    "42":0.8989865969271004,
    "43":0.7355344883949003,
    "44":0.8826413860738803,
    "45":0.6538084341288003,
    "46":0.5557371690094802,
    "47":0.7355344883949003,
    "48":0.5884275907159202,
    "49":0.7191892775416803,
    "50":0.8989865969271004,
    "51":0.5393919581562603,
    "52":0.6538084341288003,
    "53":0.8336057535142204,
    "54":0.7845701209545604,
    "55":0.7191892775416803,
    "56":0.7845701209545604,
    "57":0.5230467473030402,
    "58":0.7355344883949003,
    "59":0.7191892775416803,
    "60":0.5720823798627002,
    "61":0.6211180124223602,
    "62":0.6864988558352403,
    "63":0.7028440666884602,
    "64":0.5230467473030402,
    "65":0.7518796992481203,
    "66":0.5720823798627002,
    "67":0.7518796992481203,
    "68":0.5230467473030402,
    "69":0.7191892775416803,
    "70":0.5230467473030402,
    "71":0.49035632559660014,
    "72":0.5393919581562603,
    "73":0.7191892775416803,
    "74":0.49035632559660014,
    "75":0.49035632559660014,
    "76":0.5720823798627002,
    "77":0.49035632559660014,
    "78":0.5557371690094802,
    "79":0.5557371690094802,
    "80":0.37593984962406013,
    "81":0.35959463877084014,
    "82":0.5230467473030402,
    "83":0.37593984962406013,
    "84":0.4249754821837201,
    "85":0.3922850604772802,
    "86":0.40863027133050017,
    "87":0.4740111147433802,
    "88":0.5720823798627002,
    "89":0.37593984962406013,
    "90":0.24517816279830007,
    "91":0.32690421706440015,
    "92":0.5393919581562603,
    "93":0.3105590062111801,
    "94":0.44132069303694016,
    "95":0.32690421706440015,
    "96":0.40863027133050017,
    "97":0.16345210853220007,
    "98":0.4249754821837201,
    "99":0.24517816279830007,
    "100":0.21248774109186006,
    "101":0.34324942791762014,
    "102":0.32690421706440015,
    "103":0.2778685845047401,
    "104":0.2615233736515201,
    "105":0.2615233736515201,
    "106":0.2778685845047401,
    "107":0.1961425302386401,
    "108":0.17979731938542007,
    "109":0.17979731938542007,
    "110":0.2778685845047401,
    "111":0.32690421706440015,
    "112":0.1961425302386401,
    "113":0.14710689767898005,
    "114":0.24517816279830007,
    "115":0.2288329519450801,
    "116":0.2942137953579601,
    "117":0.2615233736515201,
    "118":0.2615233736515201,
    "119":0.13076168682576006,
    "120":0.2288329519450801,
    "121":0.11441647597254005,
    "122":0.1961425302386401,
    "123":0.1961425302386401,
    "124":0.2615233736515201,
    "125":0.21248774109186006,
    "126":0.16345210853220007,
    "127":0.14710689767898005,
    "128":0.11441647597254005,
    "129":0.17979731938542007,
    "130":0.09807126511932004,
    "131":0.17979731938542007,
    "132":0.08172605426610004,
    "133":0.09807126511932004,
    "134":0.11441647597254005,
    "135":0.06538084341288003,
    "136":0.11441647597254005,
    "137":0.032690421706440015,
    "138":0.14710689767898005,
    "139":0.2615233736515201,
    "140":0.16345210853220007,
    "141":0.06538084341288003,
    "142":0.06538084341288003,
    "143":0.13076168682576006,
    "144":0.08172605426610004,
    "145":0.09807126511932004,
    "146":0.21248774109186006,
    "147":0.11441647597254005,
    "148":0.21248774109186006,
    "149":0.09807126511932004,
    "150":0.06538084341288003,
    "151":0.016345210853220007,
    "152":0.08172605426610004,
    "153":0.06538084341288003,
    "154":0.16345210853220007,
    "155":0.06538084341288003,
    "156":0.16345210853220007,
    "157":0.16345210853220007,
    "158":0.06538084341288003,
    "159":0.016345210853220007,
    "160":0.08172605426610004,
    "161":0.13076168682576006,
    "162":0.06538084341288003,
    "163":0.09807126511932004,
    "164":0.04903563255966002,
    "165":0.08172605426610004,
    "166":0.09807126511932004,
    "167":0.06538084341288003,
    "168":0.016345210853220007,
    "169":0.06538084341288003,
    "170":0.06538084341288003,
    "171":0.14710689767898005,
    "172":0.09807126511932004,
    "173":0.06538084341288003,
    "174":0.13076168682576006,
    "175":0.08172605426610004,
    "176":0.08172605426610004,
    "177":0.09807126511932004,
    "178":0.06538084341288003,
    "179":0.16345210853220007,
    "180":0.21248774109186006,
    "181":0.11441647597254005,
    "182":0.16345210853220007,
    "183":0.09807126511932004,
    "184":0.16345210853220007,
    "185":0.08172605426610004,
    "186":0.11441647597254005,
    "187":0.09807126511932004,
    "188":0.1961425302386401,
    "189":0.08172605426610004,
    "190":0.14710689767898005,
    "191":0.14710689767898005,
    "192":0.16345210853220007,
    "193":0.09807126511932004,
    "194":0.11441647597254005,
    "195":0.14710689767898005,
    "196":0.11441647597254005,
    "197":0.09807126511932004,
    "198":0.16345210853220007,
    "199":0.04903563255966002,
    "200":0.08172605426610004,
    "201":0.17979731938542007,
    "202":0.11441647597254005,
    "203":0.11441647597254005,
    "204":0.1961425302386401,
    "205":0.13076168682576006,
    "206":0.14710689767898005,
    "207":0.13076168682576006,
    "208":0.08172605426610004,
    "209":0.04903563255966002,
    "210":0.21248774109186006,
    "211":0.06538084341288003,
    "212":0.04903563255966002,
    "213":0.032690421706440015,
    "214":0.09807126511932004,
    "215":0.11441647597254005,
    "216":0.09807126511932004,
    "217":0.06538084341288003,
    "218":0.13076168682576006,
    "219":0.11441647597254005,
    "220":0.08172605426610004,
    "221":0.13076168682576006,
    "222":0.09807126511932004,
    "223":0.06538084341288003,
    "224":0.16345210853220007,
    "225":0.08172605426610004,
    "226":0.06538084341288003,
    "227":0.09807126511932004,
    "228":0.016345210853220007,
    "229":0.09807126511932004,
    "230":0.06538084341288003,
    "231":0.11441647597254005,
    "232":0.13076168682576006,
    "233":0.09807126511932004,
    "234":0.08172605426610004,
    "235":0.032690421706440015,
    "236":0.032690421706440015,
    "237":0.06538084341288003,
    "238":0.09807126511932004,
    "239":0.06538084341288003,
    "240":0.09807126511932004,
    "241":0.16345210853220007,
    "242":0.11441647597254005,
    "243":0.11441647597254005,
    "244":0.11441647597254005,
    "245":0.032690421706440015,
    "246":0.032690421706440015,
    "247":0.08172605426610004,
    "248":0.06538084341288003,
    "249":0.13076168682576006,
    "250":0.06538084341288003,
    "251":0.032690421706440015,
    "252":0.06538084341288003,
    "253":0.11441647597254005,
    "254":0.06538084341288003,
    "255":0.1961425302386401,
    "256":0.032690421706440015,
    "257":0.04903563255966002,
    "258":0.04903563255966002,
    "259":0.11441647597254005,
    "260":0.04903563255966002,
    "261":0.08172605426610004,
    "262":0.13076168682576006,
    "263":0.13076168682576006,