{
    "0":[
        [
            -19.925889252263794,
            -43.94231968860123
        ]
    ],
    "1":[
        [
            -19.921376090688213,
            -43.94114928296064
        ]
    ],
    "2":[
        [
            -19.912598362997645,
            -43.93718563643079
        ]
    ],
    "3":[
        [
            -19.91231740784031,
            -43.944609616103165
        ]
    ],
    "4":[
        [
            -19.924650914124626,
            -43.943445016231045
        ]
    ],
    "5":[
        [
            -19.913329070063394,
            -43.93842116067577
        ]
    ],
    "6":[
        [
            -19.921672937197915,
            -43.94882367427056
        ]
    ],
    "7":[
        [
            -19.918345714253462,
            -43.946490058179485
        ]
    ],
    "8":[
        [
            -19.920955195381804,
            -43.947562266577165
        ]
    ],
    "9":[
        [
            -19.923767405249425,
            -43.94994424010934
        ]
    ],
    "total_length":6814.092617552521,
    "work_total":728094.5937165066
}