{
    "0":1.7336661021481417,
    "1":1.871824583296194,
    "2":4.572600053480702,
    "3":3.690168464212497,
    "4":2.397718156698458,
    "5":2.4066316070951066,
    "6":1.8450842321062484,
    "7":1.3503877350922542,
    "8":1.31473393350566,
    "9":1.5776807202067922,
    "10":1.9342187360727336,
    "11":2.1927087975755417,
    "12":1.8629111328995454,
    "13":1.8317140565112755,
    "14":1.9698725376593278,
    "15":2.183795347178893,
    "16":2.0768339424191105,
    "17":2.0946608432124076,
    "18":1.920848560477761,
    "19":1.840627506907924,
    "20":1.822800606114627,
    "21":1.657901773776629,
    "22":1.7693199037347358,
    "23":1.7292093769498171,
    "24":1.5910508958017648,
    "25":1.6846421249665746,
    "26":1.4618058650503611,
    "27":1.4662625902486852,
    "28":1.542026918620198,
    "29":1.5286567430252251,
    "30":1.3503877350922542,
    "31":1.3593011854889028,
    "32":1.2345128799358231,
    "33":1.363757910687227,
    "34":1.1230947499777164,
    "35":1.1141812995810678,
    "36":1.0785274979944737,
    "37":0.9938497192263125,
    "38":0.9581959176397182,
    "39":0.8200374364916659,
    "40":0.9804795436313397,
    "41":0.8378643372849629,
    "42":0.8423210624832873,
    "43":0.9002584900615028,
    "44":0.7843836349050717,
    "45":0.739816382921829,
    "46":0.7576432837151261,
    "47":0.771013459310099,
    "48":0.8066672608966932,
    "49":0.7175327569302077,
    "50":0.6595953293519922,
    "51":0.606114626972101,
    "52":0.5526339245922097,
    "53":0.4323023442374543,
    "54":0.4323023442374543,
    "55":0.4501292450307514,
    "56":0.4323023442374543,
    "57":0.5392637489972368,
    "58":0.5303502986005882,
    "59":0.3387111150726446,
    "60":0.38327836705588736,
    "61":0.3654514662625903,
    "62":0.39664854265086014,
    "63":0.3297976646759961,
    "64":0.41001871824583297,
    "65":0.34762456546929316,
    "66":0.28523041269275334,
    "67":0.31642748908102325,
    "68":0.32088421427934755,
    "69":0.3431678402709689,
    "70":0.3075140386843747,
    "71":0.31197076388269895,
    "72":0.31642748908102325,
    "73":0.24511988590783493,
    "74":0.3297976646759961,
    "75":0.3342543898743203,
    "76":0.22283625991621356,
    "77":0.20055263392459222,
    "78":0.23620643551118636,
    "79":0.25849006150280773,
    "80":0.16044210713967377,
    "81":0.1693555575363223,
    "82":0.23620643551118636,
    "83":0.28523041269275334,
    "84":0.15152865674302524,
    "85":0.16489883233799804,
    "86":0.21392280951956505,
    "87":0.19163918352794368,
    "88":0.15152865674302524,
    "89":0.18718245832961938,
    "90":0.13370175594972813,
    "91":0.20500935912291648,
    "92":0.13815848114805243,
    "93":0.15598538194134948,
    "94":0.17381228273464658,
    "95":0.18272573313129514,
    "96":0.15598538194134948,
    "97":0.13815848114805243,
    "98":0.19163918352794368,
    "99":0.15152865674302524,
    "100":0.1693555575363223,
    "101":0.13370175594972813,
    "102":0.11587485515643105,
    "103":0.15152865674302524,
    "104":0.16489883233799804,
    "105":0.17381228273464658,
    "106":0.16489883233799804,
    "107":0.08467777876816115,
    "108":0.12924503075140387,
    "109":0.12478830555307958,
    "110":0.12924503075140387,
    "111":0.11141812995810678,
    "112":0.12478830555307958,
    "113":0.15152865674302524,
    "114":0.12033158035475533,
    "115":0.11141812995810678,
    "116":0.09804795436313396,
    "117":0.11587485515643105,
    "118":0.08022105356983689,
    "119":0.08467777876816115,
    "120":0.10696140475978252,
    "121":0.11587485515643105,
    "122":0.08913450396648542,
    "123":0.13370175594972813,
    "124":0.10696140475978252,
    "125":0.15598538194134948,
    "126":0.08022105356983689,
    "127":0.07130760317318834,
    "128":0.08467777876816115,
    "129":0.10250467956145824,
    "130":0.07130760317318834,
    "131":0.04902397718156698,
    "132":0.07130760317318834,
    "133":0.06685087797486407,
    "134":0.08913450396648542,
    "135":0.09804795436313396,
    "136":0.07576432837151262,
    "137":0.08022105356983689,
    "138":0.08022105356983689,
    "139":0.057937427578215524,
    "140":0.02674035118994563,
    "141":0.04902397718156698,
    "142":0.057937427578215524,
    "143":0.04456725198324271,
    "144":0.05348070237989126,
    "145":0.04011052678491844,
    "146":0.04456725198324271,
    "147":0.07130760317318834,
    "148":0.03565380158659417,
    "149":0.022283625991621356,
    "150":0.022283625991621356,
    "151":0.017826900793297084,
    "152":0.02674035118994563,
    "153":0.013370175594972816,
    "154":0.04456725198324271,
    "155":0.02674035118994563,
    "156":0.04456725198324271,
    "157":0.04456725198324271,
    "158":0.04011052678491844,
    "159":0.04456725198324271,
    "160":0.03565380158659417,
    "161":0.031197076388269896,
    "162":0.022283625991621356,
    "163":0.04011052678491844,
    "164":0.013370175594972816,
    "165":0.04456725198324271,
    "166":0.004456725198324271,
    "167":0.008913450396648542,
    "168":0.04456725198324271,
    "169":0.02674035118994563,
    "170":0.022283625991621356,
    "171":0.022283625991621356,
    "172":0.013370175594972816,
    "173":0.017826900793297084,
    "174":0.02674035118994563,
    "175":0.022283625991621356,
    "176":0.017826900793297084,
    "177":0.04011052678491844,
    "178":0.03565380158659417,
    "179":0.022283625991621356,
    "180":0.004456725198324271,
    "181":0.022283625991621356,
    "182":0.03565380158659417,
    "183":0.008913450396648542,
    "184":0.017826900793297084,
    "185":0.02674035118994563,
    "186":0.03565380158659417,
    "187":0.017826900793297084,
    "188":0.008913450396648542,
    "189":0.02674035118994563,
    "190":0.013370175594972816,
    "191":0.017826900793297084,
    "192":0.013370175594972816,
    "193":0.013370175594972816,
    "194":0.013370175594972816,
    "195":0.022283625991621356,
    "196":0.031197076388269896,
    "197":0.017826900793297084,
    "198":0.013370175594972816,
    "199":0.013370175594972816,
    "200":0.004456725198324271,
    "201":0.013370175594972816,
    "202":0.004456725198324271,
    "203":0.022283625991621356,
    "204":0.017826900793297084,
    "205":0.008913450396648542,
    "206":0.031197076388269896,
    "207":0.02674035118994563,
    "208":0.008913450396648542,
    "209":0.0,
    "210":0.017826900793297084,
    "211":0.004456725198324271,
    "212":0.008913450396648542,
    "213":0.008913450396648542,
    "214":0.008913450396648542,
    "215":0.008913450396648542,
    "216":0.013370175594972816,
    "217":0.004456725198324271,
    "218":0.004456725198324271,
    "219":0.0,
    "220":0.013370175594972816,
    "221":0.017826900793297084,
    "222":0.013370175594972816,
    "223":0.004456725198324271,
    "224":0.0,
    "225":0.008913450396648542,
    "226":0.008913450396648542,
    "227":0.008913450396648542,
    "228":0.013370175594972816,
    "229":0.004456725198324271,
    "230":0.008913450396648542,
    "231":0.004456725198324271,
    "232":0.022283625991621356,
    "233":0.008913450396648542,
    "234":0.004456725198324271,
    "235":0.004456725198324271,
    "236":0.013370175594972816,
    "237":0.004456725198324271,
    "238":0.004456725198324271,
    "239":0.004456725198324271,
    "240":0.008913450396648542,
    "241":0.004456725198324271,
    "242":0.013370175594972816,
    "243":0.008913450396648542,
    "244":0.017826900793297084,
    "245":0.022283625991621356,
    "246":0.004456725198324271,
    "247":0.0,
    "248":0.004456725198324271,
    "249":0.004456725198324271,
    "250":0.004456725198324271,
    "251":0.013370175594972816,
    "252":0.02674035118994563,
    "253":0.017826900793297084,
    "254":0.004456725198324271,
    "255":0.013370175594972816,
    "256":0.013370175594972816,
    "257":0.0,
    "258":0.0,
    "259":0.008913450396648542,
    "260":0.008913450396648542,
    "261":0.004456725198324271,
    "262":0.0,
    "263":0.0,
    "264":0.004456725198324271,