{
    "0":3.2520325203252036,
    "1":0.12044564890093346,
    "2":1.7163504968383017,
    "3":2.740138512496236,
    "4":1.2496236073471845,
    "5":0.8280638361939174,
    "6":0.5118940078289671,
    "7":0.06022282445046673,
    "8":0.07527853056308341,
    "9":0.36133694670280037,
    "10":0.6022282445046673,
    "11":0.662451068955134,
    "12":0.6775067750677507,
    "13":0.49683830171635046,
    "14":0.8431195423065342,
    "15":0.7979524239686842,
    "16":0.9183980728696176,
    "17":1.2044564890093346,
    "18":1.0237880156579342,
    "19":0.6172839506172839,
    "20":0.9485094850948509,
    "21":1.1141222523336345,
    "22":0.9786208973200844,
    "23":1.1141222523336345,
    "24":1.475459199036435,
    "25":1.6410719662752185,
    "26":1.5507377295995182,
    "27":1.475459199036435,
    "28":1.1141222523336345,
    "29":1.2345679012345678,
    "30":1.3399578440228848,
    "31":1.4001806684733513,
    "32":0.7828967178560674,
    "33":1.2195121951219512,
    "34":1.0689551339957843,
    "35":0.9786208973200844,
    "36":1.2044564890093346,
    "37":0.9786208973200844,
    "38":0.9334537789822344,
    "39":0.8130081300813009,
    "40":0.9183980728696176,
    "41":0.8581752484191508,
    "42":0.8431195423065342,
    "43":0.8280638361939174,
    "44":0.9334537789822344,
    "45":0.7377295995182175,
    "46":0.7527853056308341,
    "47":0.5269497139415839,
    "48":0.6022282445046673,
    "49":0.4366154772658838,
    "50":0.572116832279434,
    "51":0.7377295995182175,
    "52":0.5420054200542005,
    "53":0.5118940078289671,
    "54":0.6775067750677507,
    "55":0.662451068955134,
    "56":0.4817825956037338,
    "57":0.8280638361939174,
    "58":0.5570611261668172,
    "59":0.572116832279434,
    "60":0.6323396567299007,
    "61":0.4366154772658838,
    "62":0.5118940078289671,
    "63":0.5871725383920506,
    "64":0.7226738934056007,
    "65":0.5570611261668172,
    "66":0.4366154772658838,
    "67":0.6323396567299007,
    "68":0.6925624811803673,
    "69":0.7226738934056007,
    "70":0.7527853056308341,
    "71":0.5269497139415839,
    "72":0.6925624811803673,
    "73":0.4667268894911172,
    "74":0.6775067750677507,
    "75":0.7377295995182175,
    "76":0.5269497139415839,
    "77":0.7226738934056007,
    "78":0.37639265281541706,
    "79":0.5420054200542005,
    "80":0.4215597711532671,
    "81":0.5871725383920506,
    "82":0.6172839506172839,
    "83":0.6473953628425173,
    "84":0.5118940078289671,
    "85":0.5269497139415839,
    "86":0.45167118337850043,
    "87":0.331225534477567,
    "88":0.4215597711532671,
    "89":0.4366154772658838,
    "90":0.34628124059018367,
    "91":0.4817825956037338,
    "92":0.3914483589280337,
    "93":0.34628124059018367,
    "94":0.3914483589280337,
    "95":0.5570611261668172,
    "96":0.34628124059018367,
    "97":0.4215597711532671,
    "98":0.572116832279434,
    "99":0.30111412225233364,
    "100":0.36133694670280037,
    "101":0.34628124059018367,
    "102":0.286058416139717,
    "103":0.286058416139717,
    "104":0.22583559168925021,
    "105":0.18066847335140018,
    "106":0.45167118337850043,
    "107":0.36133694670280037,
    "108":0.30111412225233364,
    "109":0.31616982836495033,
    "110":0.21077988557663355,
    "111":0.1656127672387835,
    "112":0.331225534477567,
    "113":0.22583559168925021,
    "114":0.4366154772658838,
    "115":0.22583559168925021,
    "116":0.22583559168925021,
    "117":0.27100271002710025,
    "118":0.31616982836495033,
    "119":0.27100271002710025,
    "120":0.22583559168925021,
    "121":0.27100271002710025,
    "122":0.27100271002710025,
    "123":0.21077988557663355,
    "124":0.25594700391448355,
    "125":0.18066847335140018,
    "126":0.331225534477567,
    "127":0.31616982836495033,
    "128":0.18066847335140018,
    "129":0.31616982836495033,
    "130":0.27100271002710025,
    "131":0.27100271002710025,
    "132":0.12044564890093346,
    "133":0.1656127672387835,
    "134":0.13550135501355012,
    "135":0.1656127672387835,
    "136":0.13550135501355012,
    "137":0.10538994278831677,
    "138":0.1656127672387835,
    "139":0.12044564890093346,
    "140":0.030111412225233364,
    "141":0.1656127672387835,
    "142":0.12044564890093346,
    "143":0.09033423667570009,
    "144":0.09033423667570009,
    "145":0.09033423667570009,
    "146":0.09033423667570009,
    "147":0.045167118337850046,
    "148":0.09033423667570009,
    "149":0.06022282445046673,
    "150":0.09033423667570009,
    "151":0.07527853056308341,
    "152":0.07527853056308341,
    "153":0.12044564890093346,
    "154":0.06022282445046673,
    "155":0.045167118337850046,
    "156":0.1656127672387835,
    "157":0.12044564890093346,
    "158":0.07527853056308341,
    "159":0.045167118337850046,
    "160":0.07527853056308341,
    "161":0.015055706112616682,
    "162":0.07527853056308341,
    "163":0.06022282445046673,
    "164":0.10538994278831677,
    "165":0.030111412225233364,
    "166":0.045167118337850046,
    "167":0.030111412225233364,
    "168":0.07527853056308341,
    "169":0.07527853056308341,
    "170":0.045167118337850046,
    "171":0.06022282445046673,
    "172":0.07527853056308341,
    "173":0.06022282445046673,
    "174":0.045167118337850046,
    "175":0.045167118337850046,
    "176":0.15055706112616682,
    "177":0.06022282445046673,
    "178":0.10538994278831677,
    "179":0.10538994278831677,
    "180":0.015055706112616682,
    "181":0.10538994278831677,
    "182":0.07527853056308341,
    "183":0.12044564890093346,
    "184":0.09033423667570009,
    "185":0.045167118337850046,
    "186":0.045167118337850046,
    "187":0.045167118337850046,
    "188":0.045167118337850046,
    "189":0.030111412225233364,
    "190":0.12044564890093346,
    "191":0.10538994278831677,
    "192":0.13550135501355012,
    "193":0.07527853056308341,
    "194":0.09033423667570009,
    "195":0.06022282445046673,
    "196":0.07527853056308341,
    "197":0.09033423667570009,
    "198":0.07527853056308341,
    "199":0.07527853056308341,
    "200":0.09033423667570009,
    "201":0.06022282445046673,
    "202":0.06022282445046673,
    "203":0.06022282445046673,
    "204":0.030111412225233364,
    "205":0.045167118337850046,
    "206":0.045167118337850046,
    "207":0.07527853056308341,
    "208":0.10538994278831677,
    "209":0.07527853056308341,
    "210":0.06022282445046673,
    "211":0.12044564890093346,
    "212":0.07527853056308341,
    "213":0.0,
    "214":0.06022282445046673,
    "215":0.07527853056308341,
    "216":0.07527853056308341,
    "217":0.030111412225233364,
    "218":0.10538994278831677,
    "219":0.06022282445046673,
    "220":0.0,
    "221":0.030111412225233364,
    "222":0.030111412225233364,
    "223":0.0,
    "224":0.045167118337850046,
    "225":0.030111412225233364,
    "226":0.045167118337850046,
    "227":0.10538994278831677,
    "228":0.045167118337850046,
    "229":0.030111412225233364,
    "230":0.07527853056308341,
    "231":0.030111412225233364,
    "232":0.030111412225233364,
    "233":0.06022282445046673,
    "234":0.09033423667570009,
    "235":0.045167118337850046,
    "236":0.030111412225233364,
    "237":0.045167118337850046,
    "238":0.0,
    "239":0.07527853056308341,
    "240":0.06022282445046673,
    "241":0.06022282445046673,
    "242":0.045167118337850046,
    "243":0.030111412225233364,
    "244":0.06022282445046673,
    "245":0.045167118337850046,
    "246":0.07527853056308341,
    "247":0.07527853056308341,
    "248":0.06022282445046673,
    "249":0.06022282445046673,
    "250":0.06022282445046673,
    "251":0.045167118337850046,
    "252":0.06022282445046673,
    "253":0.06022282445046673,
    "254":0.030111412225233364,
    "255":0.06022282445046673,
    "256":0.06022282445046673,
    "257":0.06022282445046673,
    "258":0.09033423667570009,
    "259":0.045167118337850046,
    "260":0.06022282445046673,
    "261":0.09033423667570009,
    "262":0.045167118337850046,
    "263":0.09033423667570009,
    "264":0.06022282445046673,