{
    "0":2.7728403839317455,
    "1":2.7965398743927006,
    "2":2.9268870719279536,
    "3":3.0572342694632066,
    "4":2.630643441166015,
    "5":2.2988505747126435,
    "6":2.429197772247897,
    "7":2.369949046095509,
    "8":2.4884464984002843,
    "9":1.6826638227278115,
    "10":2.0618556701030926,
    "11":1.8604100011849745,
    "12":1.8248607654935418,
    "13":1.6352648418059013,
    "14":1.7774617845716316,
    "15":1.9907571987202273,
    "16":1.6826638227278115,
    "17":1.765612039341154,
    "18":1.6826638227278115,
    "19":1.5404668799620809,
    "20":1.1731247778172769,
    "21":1.3627207015049176,
    "22":1.3390212110439625,
    "23":1.4930678990401707,
    "24":1.3745704467353952,
    "25":1.1138760516648891,
    "26":1.1257257968953667,
    "27":0.9479796184382037,
    "28":1.0072283445905912,
    "29":1.3627207015049176,
    "30":1.2442232492001422,
    "31":1.35087095627444,
    "32":1.0664770707429791,
    "33":1.433819172887783,
    "34":1.0072283445905912,
    "35":1.0072283445905912,
    "36":1.35087095627444,
    "37":1.220523758739187,
    "38":0.9716791088991588,
    "39":1.0783268159734567,
    "40":1.0546273255125016,
    "41":0.9598293636686812,
    "42":0.9005806375162934,
    "43":1.0427775802820238,
    "44":0.9005806375162934,
    "45":1.0664770707429791,
    "46":0.7820831852115179,
    "47":0.8176324209029506,
    "48":0.9124303827467709,
    "49":0.7702334399810404,
    "50":0.8057826756724731,
    "51":0.6872852233676976,
    "52":0.7109847138286527,
    "53":0.8176324209029506,
    "54":0.7346842042896078,
    "55":0.8887308922858158,
    "56":0.6991349685981751,
    "57":0.67543547813722,
    "58":0.5924872615238772,
    "59":0.9479796184382037,
    "60":0.7702334399810404,
    "61":0.43844057352766913,
    "62":0.6161867519848323,
    "63":0.37919184737528144,
    "64":0.4976892996800568,
    "65":0.40289133783623654,
    "66":0.4147410830667141,
    "67":0.5332385353714896,
    "68":0.42659082829719164,
    "69":0.33179286645337125,
    "70":0.35549235691432635,
    "71":0.47398980921910183,
    "72":0.39104159260575894,
    "73":0.35549235691432635,
    "74":0.26069439507050596,
    "75":0.3436426116838488,
    "76":0.40289133783623654,
    "77":0.3673421021448039,
    "78":0.39104159260575894,
    "79":0.20144566891811827,
    "80":0.3436426116838488,
    "81":0.20144566891811827,
    "82":0.18959592368764072,
    "83":0.2488446498400284,
    "84":0.22514515937907334,
    "85":0.14219694276573053,
    "86":0.17774617845716317,
    "87":0.23699490460955092,
    "88":0.22514515937907334,
    "89":0.18959592368764072,
    "90":0.22514515937907334,
    "91":0.15404668799620808,
    "92":0.20144566891811827,
    "93":0.22514515937907334,
    "94":0.27254414030098356,
    "95":0.15404668799620808,
    "96":0.14219694276573053,
    "97":0.14219694276573053,
    "98":0.21329541414859582,
    "99":0.16589643322668562,
    "100":0.11849745230477546,
    "101":0.17774617845716317,
    "102":0.17774617845716317,
    "103":0.28439388553146105,
    "104":0.09479796184382036,
    "105":0.17774617845716317,
    "106":0.13034719753525298,
    "107":0.16589643322668562,
    "108":0.17774617845716317,
    "109":0.02369949046095509,
    "110":0.14219694276573053,
    "111":0.03554923569143263,
    "112":0.03554923569143263,
    "113":0.09479796184382036,
    "114":0.05924872615238773,
    "115":0.07109847138286526,
    "116":0.07109847138286526,
    "117":0.011849745230477545,
    "118":0.05924872615238773,
    "119":0.09479796184382036,
    "120":0.07109847138286526,
    "121":0.04739898092191018,
    "122":0.07109847138286526,
    "123":0.011849745230477545,
    "124":0.07109847138286526,
    "125":0.10664770707429791,
    "126":0.11849745230477546,
    "127":0.05924872615238773,
    "128":0.05924872615238773,
    "129":0.03554923569143263,
    "130":0.07109847138286526,
    "131":0.11849745230477546,
    "132":0.02369949046095509,
    "133":0.011849745230477545,
    "134":0.02369949046095509,
    "135":0.0,
    "136":0.0,
    "137":0.03554923569143263,
    "138":0.011849745230477545,
    "139":0.0,
    "140":0.0,
    "141":0.011849745230477545,
    "142":0.0,
    "143":0.0,
    "144":0.0,
    "145":0.011849745230477545,
    "146":0.0,
    "147":0.0,
    "148":0.0,
    "149":0.011849745230477545,
    "150":0.0,
    "151":0.0,
    "152":0.011849745230477545,
    "153":0.0,
    "154":0.0,
    "155":0.0,
    "156":0.011849745230477545,
    "157":0.011849745230477545,
    "158":0.0,
    "159":0.011849745230477545,
    "160":0.0,
    "161":0.0,
    "162":0.0,
    "163":0.0,
    "164":0.0,
    "165":0.0,
    "166":0.0,
    "167":0.011849745230477545,
    "168":0.0,
    "169":0.0,
    "170":0.0,
    "171":0.0,
    "172":0.0,
    "173":0.0,
    "174":0.0,
    "175":0.011849745230477545,
    "176":0.0,
    "177":0.0,
    "178":0.0,
    "179":0.0,
    "180":0.0,
    "181":0.011849745230477545,
    "182":0.0,
    "183":0.0,
    "184":0.011849745230477545,
    "185":0.011849745230477545,
    "186":0.0,
    "187":0.011849745230477545,
    "188":0.0,
    "189":0.0,
    "190":0.0,
    "191":0.0,
    "192":0.0,
    "193":0.0,
    "194":0.0,
    "195":0.0,
    "196":0.011849745230477545,
    "197":0.0,
    "198":0.0,
    "199":0.0,
    "200":0.011849745230477545,
    "201":0.0,
    "202":0.0,
    "203":0.0,
    "204":0.0,
    "205":0.0,
    "206":0.0,
    "207":0.0,
    "208":0.0,
    "209":0.0,
    "210":0.0,
    "211":0.0,
    "212":0.0,
    "213":0.0,
    "214":0.0,
    "215":0.0,
    "216":0.0,
    "217":0.0,
    "218":0.0,
    "219":0.011849745230477545,
    "220":0.0,
    "221":0.0,
    "222":0.0,
    "223":0.0,
    "224":0.0,
    "225":0.0,
    "226":0.0,
    "227":0.0,
    "228":0.04739898092191018,
    "229":0.0,
    "230":0.0,
    "231":0.0,
    "232":0.0,
    "233":0.0,
    "234":0.0,
    "235":0.0,
    "236":0.0,
    "237":0.0,
    "238":0.0,
    "239":0.0,
    "240":0.0,
    "241":0.0,
    "242":0.0,
    "243":0.0,
    "244":0.0,
    "245":0.0,
    "246":0.0,
    "247":0.0,
    "248":0.0,
    "249":0.0,
    "250":0.0,
    "251":0.0,
    "252":0.0,
    "253":0.0,
    "254":0.0,
    "255":0.0,
    "256":0.0,
    "257":0.0,
    "258":0.0,
    "259":0.0,
    "260":0.0,
    "261":0.011849745230477545,
    "262":0.0,
    "263":0.0,
    "264":0.011849745230477545,
    "265":0.0,
    "266":0.0,
    "267":0.0,
    "268":0.0,
    "269":0.0,
    "270":0.0,
    "271":0.0,
    "272":0.0,
    "273":0.011849745230477545,
    "274":0.0,
    "275":0.0,
    "276":0.0,
    "277":0.0,
    "278":0.0,
    "279":0.0,
    "280":0.0,
    "281":0.0,
    "282":0.0,
    "283":0.011849745230477545,
    "284":0.0,
    "285":0.011849745230477545,
    "286":0.0,
    "287":0.0,
    "288":0.0,
    "289":0.0,
    "290":0.0,
    "291":0.0,
    "292":0.0,
    "293":0.0,
    "294":0.0,
    "295":0.0,
    "296":0.0,
    "297":0.0,
    "298":0.0,
    "299":0.0,
    "300":0.011849745230477545,
    "301":0.0,
    "302":0.0,
    "303":0.0,
    "304":0.0,
    "305":0.0,
    "306":0.0,
    "307":0.0,
    "308":0.0,
    "309":0.0,
    "310":0.0,
    "311":0.0,
    "312":0.0,
    "313":0.0,
    "314":0.0,
    "315":0.0,
    "316":0.0,
    "317":0.0,
    "318":0.0,
    "319":0.0,
    "320":0.0,
    "321":0.0,
    "322":0.0,
    "323":0.0,
    "324":0.011849745230477545,
    "325":0.0,
    "326":0.0,
    "327":0.0,
    "328":0.0,
    "329":0.0,
    "330":0.0,
    "331":0.011849745230477545,
    "332":0.0,
    "333":0.0,
    "334":0.0,
    "335":0.0,
    "336":0.0,
    "337":0.0,
    "338":0.0,
    "339":0.0,
    "340":0.0,
    "341":0.0,
    "342":0.0,
    "343":0.0,
    "344":0.0,
    "345":0.0,
    "346":0.0,
    "347":0.0,
    "348":0.0,
    "349":0.0,
    "350":0.0,
    "351":0.0,
    "352":0.0,
    "353":0.0,
    "354":0.0,
    "355":0.0,
    "356":0.0,
    "357":0.0,
    "358":0.0,
    "359":0.0,
    "360":0.0,
    "361":0.0,
    "362":0.0,
    "363":0.0,
    "364":0.0,
    "365":0.0,
    "366":0.0,
    "367":0.0,
    "368":0.0,
    "369":0.0,
    "370":0.0,