{
    "0":0.8216926869350863,
    "1":0.23007395234182415,
    "2":3.253903040262942,
    "3":1.3640098603122432,
    "4":0.8874281018898932,
    "5":1.42974527526705,
    "6":1.1832374691865242,
    "7":0.8874281018898932,
    "8":0.7230895645028759,
    "9":0.26294165981922757,
    "10":1.1010682004930157,
    "11":1.380443714050945,
    "12":1.9720624486442069,
    "13":2.1035332785538206,
    "14":2.218570254724733,
    "15":2.2021364009860314,
    "16":1.873459326211997,
    "17":2.037797863599014,
    "18":2.087099424815119,
    "19":2.6787181594083815,
    "20":1.4461791290057517,
    "21":1.6598192276088743,
    "22":1.018898931799507,
    "23":1.495480690221857,
    "24":1.1503697617091209,
    "25":1.018898931799507,
    "26":1.1339359079704192,
    "27":1.1503697617091209,
    "28":0.7888249794576828,
    "29":0.8709942481511914,
    "30":0.8052588331963845,
    "31":0.9367296631059985,
    "32":0.838126540673788,
    "33":1.0682004930156122,
    "34":1.084634346754314,
    "35":0.8545603944124897,
    "36":0.9367296631059985,
    "37":0.9202958093672966,
    "38":0.8874281018898932,
    "39":1.0517666392769103,
    "40":0.7230895645028759,
    "41":0.6409202958093673,
    "42":0.5751848808545604,
    "43":0.5587510271158587,
    "44":1.0353327855382086,
    "45":0.8052588331963845,
    "46":0.5751848808545604,
    "47":0.5094494658997535,
    "48":0.657354149548069,
    "49":0.7230895645028759,
    "50":0.657354149548069,
    "51":0.772391125718981,
    "52":0.7559572719802793,
    "53":0.6080525883319639,
    "54":0.7888249794576828,
    "55":0.7888249794576828,
    "56":0.657354149548069,
    "57":0.772391125718981,
    "58":0.6080525883319639,
    "59":0.657354149548069,
    "60":0.7395234182415776,
    "61":0.6080525883319639,
    "62":0.7395234182415776,
    "63":0.6244864420706655,
    "64":0.6737880032867708,
    "65":0.6737880032867708,
    "66":0.5094494658997535,
    "67":0.5916187345932621,
    "68":0.5094494658997535,
    "69":0.5094494658997535,
    "70":0.36154478225143794,
    "71":0.3944124897288414,
    "72":0.4601479046836483,
    "73":0.37797863599013964,
    "74":0.31224322103533275,
    "75":0.3451109285127362,
    "76":0.5587510271158587,
    "77":0.4108463434675432,
    "78":0.4437140509449466,
    "79":0.31224322103533275,
    "80":0.4437140509449466,
    "81":0.24650780608052586,
    "82":0.36154478225143794,
    "83":0.3451109285127362,
    "84":0.3451109285127362,
    "85":0.36154478225143794,
    "86":0.4437140509449466,
    "87":0.37797863599013964,
    "88":0.31224322103533275,
    "89":0.3286770747740345,
    "90":0.31224322103533275,
    "91":0.4601479046836483,
    "92":0.36154478225143794,
    "93":0.14790468364831552,
    "94":0.18077239112571897,
    "95":0.31224322103533275,
    "96":0.27937551355792933,
    "97":0.31224322103533275,
    "98":0.18077239112571897,
    "99":0.37797863599013964,
    "100":0.23007395234182415,
    "101":0.3451109285127362,
    "102":0.3286770747740345,
    "103":0.31224322103533275,
    "104":0.23007395234182415,
    "105":0.26294165981922757,
    "106":0.18077239112571897,
    "107":0.27937551355792933,
    "108":0.3286770747740345,
    "109":0.23007395234182415,
    "110":0.13147082990961378,
    "111":0.24650780608052586,
    "112":0.29580936729663104,
    "113":0.24650780608052586,
    "114":0.26294165981922757,
    "115":0.14790468364831552,
    "116":0.16433853738701726,
    "117":0.29580936729663104,
    "118":0.27937551355792933,
    "119":0.18077239112571897,
    "120":0.26294165981922757,
    "121":0.14790468364831552,
    "122":0.27937551355792933,
    "123":0.27937551355792933,
    "124":0.2136400986031224,
    "125":0.16433853738701726,
    "126":0.13147082990961378,
    "127":0.09860312243221035,
    "128":0.29580936729663104,
    "129":0.1972062448644207,
    "130":0.14790468364831552,
    "131":0.14790468364831552,
    "132":0.16433853738701726,
    "133":0.09860312243221035,
    "134":0.11503697617091208,
    "135":0.14790468364831552,
    "136":0.032867707477403446,
    "137":0.14790468364831552,
    "138":0.2136400986031224,
    "139":0.24650780608052586,
    "140":0.09860312243221035,
    "141":0.1972062448644207,
    "142":0.09860312243221035,
    "143":0.16433853738701726,
    "144":0.09860312243221035,
    "145":0.1972062448644207,
    "146":0.09860312243221035,
    "147":0.16433853738701726,
    "148":0.1972062448644207,
    "149":0.11503697617091208,
    "150":0.049301561216105176,
    "151":0.09860312243221035,
    "152":0.049301561216105176,
    "153":0.11503697617091208,
    "154":0.09860312243221035,
    "155":0.16433853738701726,
    "156":0.016433853738701723,
    "157":0.11503697617091208,
    "158":0.049301561216105176,
    "159":0.016433853738701723,
    "160":0.08216926869350863,
    "161":0.032867707477403446,
    "162":0.08216926869350863,
    "163":0.08216926869350863,
    "164":0.08216926869350863,
    "165":0.08216926869350863,
    "166":0.032867707477403446,
    "167":0.09860312243221035,
    "168":0.032867707477403446,
    "169":0.09860312243221035,
    "170":0.09860312243221035,
    "171":0.06573541495480689,
    "172":0.08216926869350863,
    "173":0.11503697617091208,
    "174":0.08216926869350863,
    "175":0.08216926869350863,
    "176":0.032867707477403446,
    "177":0.13147082990961378,
    "178":0.06573541495480689,
    "179":0.049301561216105176,
    "180":0.06573541495480689,
    "181":0.049301561216105176,
    "182":0.016433853738701723,
    "183":0.049301561216105176,
    "184":0.14790468364831552,
    "185":0.06573541495480689,
    "186":0.09860312243221035,
    "187":0.09860312243221035,
    "188":0.032867707477403446,
    "189":0.06573541495480689,
    "190":0.049301561216105176,
    "191":0.08216926869350863,
    "192":0.09860312243221035,
    "193":0.032867707477403446,
    "194":0.049301561216105176,
    "195":0.049301561216105176,
    "196":0.06573541495480689,
    "197":0.032867707477403446,
    "198":0.06573541495480689,
    "199":0.08216926869350863,
    "200":0.032867707477403446,
    "201":0.06573541495480689,
    "202":0.06573541495480689,
    "203":0.049301561216105176,
    "204":0.0,
    "205":0.032867707477403446,
    "206":0.06573541495480689,
    "207":0.0,
    "208":0.06573541495480689,
    "209":0.049301561216105176,
    "210":0.016433853738701723,
    "211":0.11503697617091208,
    "212":0.032867707477403446,
    "213":0.049301561216105176,
    "214":0.08216926869350863,
    "215":0.06573541495480689,
    "216":0.032867707477403446,
    "217":0.016433853738701723,
    "218":0.06573541495480689,
    "219":0.08216926869350863,
    "220":0.06573541495480689,
    "221":0.0,
    "222":0.11503697617091208,
    "223":0.016433853738701723,
    "224":0.049301561216105176,
    "225":0.08216926869350863,
    "226":0.016433853738701723,
    "227":0.08216926869350863,
    "228":0.032867707477403446,
    "229":0.09860312243221035,
    "230":0.032867707477403446,
    "231":0.049301561216105176,
    "232":0.032867707477403446,
    "233":0.11503697617091208,
    "234":0.0,
    "235":0.08216926869350863,
    "236":0.0,
    "237":0.06573541495480689,
    "238":0.032867707477403446,
    "239":0.0,
    "240":0.016433853738701723,
    "241":0.049301561216105176,
    "242":0.049301561216105176,
    "243":0.0,
    "244":0.016433853738701723,
    "245":0.016433853738701723,
    "246":0.049301561216105176,
    "247":0.032867707477403446,
    "248":0.0,
    "249":0.016433853738701723,
    "250":0.049301561216105176,
    "251":0.032867707477403446,
    "252":0.0,
    "253":0.0,
    "254":0.016433853738701723,
    "255":0.016433853738701723,
    "256":0.032867707477403446,
    "257":0.016433853738701723,
    "258":0.049301561216105176,
    "259":0.032867707477403446,
    "260":0.016433853738701723,
    "261":0.032867707477403446,
    "262":0.032867707477403446,
    "263":0.032867707477403446,
    "264":0.016433853738701723,
    "265":0.0,
    "266":0.0,
    "267":0.016433853738701723,
    "268":0.0,
    "269":0.0,