{
    "0":1.6314867729744678,
    "1":1.6960088487418195,
    "2":0.7005253940455342,
    "3":1.7328786063231634,
    "4":2.7007097428334412,
    "5":3.1800165913909115,
    "6":2.4518388791593697,
    "7":1.9080099548345468,
    "8":1.6038344547884598,
    "9":1.4379205456724122,
    "10":1.456355424463084,
    "11":1.2351368789750208,
    "12":1.2074845607890128,
    "13":1.170614803207669,
    "14":1.3457461517190525,
    "15":1.4102682274864042,
    "16":1.3733984699050603,
    "17":1.2720066365563645,
    "18":1.0231357728822932,
    "19":1.0231357728822932,
    "20":1.096875288044981,
    "21":1.170614803207669,
    "22":1.3549635911143882,
    "23":1.3180938335330445,
    "24":1.3641810305097244,
    "25":1.530094939625772,
    "26":1.2167020001843487,
    "27":1.133745045626325,
    "28":1.0323532122776293,
    "29":1.170614803207669,
    "30":1.0784404092543092,
    "31":0.8295695455802378,
    "32":1.0600055304636373,
    "33":1.152179924416997,
    "34":1.0600055304636373,
    "35":1.0876578486496453,
    "36":1.3088763941377086,
    "37":1.161397363812333,
    "38":0.9401788183242695,
    "39":0.8387869849755737,
    "40":0.6360033182781822,
    "41":0.7742649092082219,
    "42":0.746612591022214,
    "43":0.5530463637201585,
    "44":0.4977417273481427,
    "45":0.5161766061388147,
    "46":0.40556733339478296,
    "47":0.5069591667434786,
    "48":0.6360033182781822,
    "49":0.7373951516268781,
    "50":0.5714812425108305,
    "51":0.6267858788828464,
    "52":0.6083510000921744,
    "53":0.5161766061388147,
    "54":0.7742649092082219,
    "55":0.6452207576735183,
    "56":0.6452207576735183,
    "57":0.5806986819061665,
    "58":0.6083510000921744,
    "59":0.6544381970688543,
    "60":0.5438289243248227,
    "61":0.5899161213015024,
    "62":0.6544381970688543,
    "63":0.6728730758595263,
    "64":0.5346114849294866,
    "65":0.6452207576735183,
    "66":0.5714812425108305,
    "67":0.47930684855747074,
    "68":0.4424370909761268,
    "69":0.6083510000921744,
    "70":0.5253940455341506,
    "71":0.5346114849294866,
    "72":0.40556733339478296,
    "73":0.36869757581343904,
    "74":0.36869757581343904,
    "75":0.40556733339478296,
    "76":0.38713245460411094,
    "77":0.2949580606507512,
    "78":0.4147847727901189,
    "79":0.43321965158079084,
    "80":0.43321965158079084,
    "81":0.46087196976679873,
    "82":0.42400221218545486,
    "83":0.3410452576274311,
    "84":0.38713245460411094,
    "85":0.3041755000460872,
    "86":0.3133929394414232,
    "87":0.3318278182320951,
    "88":0.32261037883675914,
    "89":0.3041755000460872,
    "90":0.2857406212554153,
    "91":0.2673057424647433,
    "92":0.23043598488339936,
    "93":0.23965342427873537,
    "94":0.32261037883675914,
    "95":0.23043598488339936,
    "96":0.2857406212554153,
    "97":0.2673057424647433,
    "98":0.16591390911604756,
    "99":0.20278366669739148,
    "100":0.17513134851138354,
    "101":0.1474790303253756,
    "102":0.1566964697207116,
    "103":0.16591390911604756,
    "104":0.23965342427873537,
    "105":0.1474790303253756,
    "106":0.17513134851138354,
    "107":0.18434878790671952,
    "108":0.1474790303253756,
    "109":0.11982671213936769,
    "110":0.11982671213936769,
    "111":0.17513134851138354,
    "112":0.20278366669739148,
    "113":0.17513134851138354,
    "114":0.10139183334869574,
    "115":0.11982671213936769,
    "116":0.16591390911604756,
    "117":0.18434878790671952,
    "118":0.1566964697207116,
    "119":0.23965342427873537,
    "120":0.10139183334869574,
    "121":0.1474790303253756,
    "122":0.13826159093003962,
    "123":0.10139183334869574,
    "124":0.08295695455802378,
    "125":0.17513134851138354,
    "126":0.1474790303253756,
    "127":0.08295695455802378,
    "128":0.12904415153470367,
    "129":0.09217439395335976,
    "130":0.08295695455802378,
    "131":0.12904415153470367,
    "132":0.0737395151626878,
    "133":0.12904415153470367,
    "134":0.09217439395335976,
    "135":0.16591390911604756,
    "136":0.10139183334869574,
    "137":0.1474790303253756,
    "138":0.1106092727440317,
    "139":0.09217439395335976,
    "140":0.0737395151626878,
    "141":0.11982671213936769,
    "142":0.1566964697207116,
    "143":0.10139183334869574,
    "144":0.11982671213936769,
    "145":0.06452207576735183,
    "146":0.12904415153470367,
    "147":0.10139183334869574,
    "148":0.0737395151626878,
    "149":0.13826159093003962,
    "150":0.11982671213936769,
    "151":0.1106092727440317,
    "152":0.10139183334869574,
    "153":0.08295695455802378,
    "154":0.09217439395335976,
    "155":0.12904415153470367,
    "156":0.09217439395335976,
    "157":0.1106092727440317,
    "158":0.0737395151626878,
    "159":0.09217439395335976,
    "160":0.1566964697207116,
    "161":0.11982671213936769,
    "162":0.13826159093003962,
    "163":0.10139183334869574,
    "164":0.11982671213936769,
    "165":0.0737395151626878,
    "166":0.0737395151626878,
    "167":0.08295695455802378,
    "168":0.08295695455802378,
    "169":0.0368697575813439,
    "170":0.1106092727440317,
    "171":0.12904415153470367,
    "172":0.08295695455802378,
    "173":0.1106092727440317,
    "174":0.08295695455802378,
    "175":0.027652318186007926,
    "176":0.11982671213936769,
    "177":0.06452207576735183,
    "178":0.10139183334869574,
    "179":0.04608719697667988,
    "180":0.04608719697667988,
    "181":0.0737395151626878,
    "182":0.04608719697667988,
    "183":0.05530463637201585,
    "184":0.05530463637201585,
    "185":0.04608719697667988,
    "186":0.04608719697667988,
    "187":0.027652318186007926,
    "188":0.09217439395335976,
    "189":0.0368697575813439,
    "190":0.027652318186007926,
    "191":0.027652318186007926,
    "192":0.08295695455802378,
    "193":0.08295695455802378,
    "194":0.06452207576735183,
    "195":0.0368697575813439,
    "196":0.05530463637201585,
    "197":0.05530463637201585,
    "198":0.027652318186007926,
    "199":0.08295695455802378,
    "200":0.08295695455802378,
    "201":0.06452207576735183,
    "202":0.04608719697667988,
    "203":0.04608719697667988,
    "204":0.0368697575813439,
    "205":0.027652318186007926,
    "206":0.0368697575813439,
    "207":0.01843487879067195,
    "208":0.0368697575813439,
    "209":0.027652318186007926,
    "210":0.027652318186007926,
    "211":0.027652318186007926,
    "212":0.027652318186007926,
    "213":0.04608719697667988,
    "214":0.08295695455802378,
    "215":0.01843487879067195,
    "216":0.05530463637201585,
    "217":0.0368697575813439,
    "218":0.027652318186007926,
    "219":0.04608719697667988,
    "220":0.009217439395335975,
    "221":0.009217439395335975,
    "222":0.04608719697667988,
    "223":0.027652318186007926,
    "224":0.06452207576735183,
    "225":0.05530463637201585,
    "226":0.0368697575813439,
    "227":0.027652318186007926,
    "228":0.009217439395335975,
    "229":0.01843487879067195,
    "230":0.05530463637201585,
    "231":0.009217439395335975,
    "232":0.04608719697667988,
    "233":0.0368697575813439,
    "234":0.01843487879067195,
    "235":0.04608719697667988,
    "236":0.0368697575813439,
    "237":0.01843487879067195,
    "238":0.05530463637201585,
    "239":0.08295695455802378,
    "240":0.0368697575813439,
    "241":0.0368697575813439,
    "242":0.009217439395335975,
    "243":0.027652318186007926,
    "244":0.01843487879067195,
    "245":0.0368697575813439,
    "246":0.04608719697667988,
    "247":0.01843487879067195,
    "248":0.027652318186007926,
    "249":0.027652318186007926,
    "250":0.06452207576735183,
    "251":0.0368697575813439,
    "252":0.01843487879067195,
    "253":0.009217439395335975,
    "254":0.04608719697667988,
    "255":0.01843487879067195,
    "256":0.027652318186007926,
    "257":0.01843487879067195,
    "258":0.009217439395335975,
    "259":0.009217439395335975,
    "260":0.04608719697667988,
    "261":0.027652318186007926,
    "262":0.009217439395335975,
    "263":0.0368697575813439,