{
    "0":3.1246062744109864,
    "1":2.1418672042333378,
    "2":0.012599218848431397,
    "3":0.4661710973919617,
    "4":0.7937507874511781,
    "5":1.2473226659947083,
    "6":1.3733148544790221,
    "7":2.129267985384906,
    "8":1.9528789215068665,
    "9":1.297719541388434,
    "10":1.209525009449414,
    "11":1.4489101675696108,
    "12":0.7937507874511781,
    "13":0.5291671916341186,
    "14":0.4535718785435303,
    "15":0.5291671916341186,
    "16":0.32757969005921633,
    "17":0.23938515812019656,
    "18":0.31498047121078493,
    "19":0.3905757843013733,
    "20":0.4535718785435303,
    "21":0.49136953508882447,
    "22":0.6299609424215699,
    "23":0.6551593801184327,
    "24":0.7685523497543152,
    "25":0.7559531309058838,
    "26":0.566964848179413,
    "27":0.7055562555121583,
    "28":0.54176641048255,
    "29":0.5921632858762756,
    "30":0.7181554743605896,
    "31":0.7307546932090211,
    "32":0.7937507874511781,
    "33":1.0835328209651,
    "34":0.9701398513292177,
    "35":1.1843265717525513,
    "36":1.0331359455713747,
    "37":0.9701398513292177,
    "38":0.8819453193901977,
    "39":1.209525009449414,
    "40":0.9197429759354919,
    "41":0.7433539120574525,
    "42":1.0709336021166689,
    "43":0.9323421947839234,
    "44":0.6677585989668641,
    "45":0.8945445382386292,
    "46":0.8063500062996094,
    "47":0.6425601612700013,
    "48":0.7433539120574525,
    "49":0.8063500062996094,
    "50":0.6803578178152955,
    "51":0.6677585989668641,
    "52":0.566964848179413,
    "53":0.8693461005417664,
    "54":0.7685523497543152,
    "55":0.8315484439964722,
    "56":1.020536726722943,
    "57":1.0835328209651,
    "58":0.8063500062996094,
    "59":0.8693461005417664,
    "60":1.0709336021166689,
    "61":0.8189492251480409,
    "62":0.6803578178152955,
    "63":0.9197429759354919,
    "64":0.7811515686027466,
    "65":0.7811515686027466,
    "66":0.7811515686027466,
    "67":0.7937507874511781,
    "68":0.5543656293309815,
    "69":0.566964848179413,
    "70":0.6173617235731385,
    "71":0.5921632858762756,
    "72":0.5795640670278442,
    "73":0.8945445382386292,
    "74":0.6677585989668641,
    "75":0.6551593801184327,
    "76":0.54176641048255,
    "77":0.5165679727856873,
    "78":0.6677585989668641,
    "79":0.6173617235731385,
    "80":0.5291671916341186,
    "81":0.5795640670278442,
    "82":0.6425601612700013,
    "83":0.49136953508882447,
    "84":0.6551593801184327,
    "85":0.4787703162403931,
    "86":0.49136953508882447,
    "87":0.5921632858762756,
    "88":0.42837344084666756,
    "89":0.566964848179413,
    "90":0.49136953508882447,
    "91":0.6677585989668641,
    "92":0.5039687539372559,
    "93":0.6299609424215699,
    "94":0.4661710973919617,
    "95":0.44097265969509886,
    "96":0.49136953508882447,
    "97":0.6551593801184327,
    "98":0.5543656293309815,
    "99":0.49136953508882447,
    "100":0.49136953508882447,
    "101":0.5165679727856873,
    "102":0.44097265969509886,
    "103":0.5165679727856873,
    "104":0.5291671916341186,
    "105":0.3905757843013733,
    "106":0.3905757843013733,
    "107":0.4031750031498047,
    "108":0.5165679727856873,
    "109":0.5543656293309815,
    "110":0.34017890890764774,
    "111":0.49136953508882447,
    "112":0.4787703162403931,
    "113":0.42837344084666756,
    "114":0.2771828146654908,
    "115":0.36537734660451054,
    "116":0.35277812775607914,
    "117":0.2645835958170593,
    "118":0.2771828146654908,
    "119":0.36537734660451054,
    "120":0.3905757843013733,
    "121":0.2897820335139221,
    "122":0.2897820335139221,
    "123":0.34017890890764774,
    "124":0.31498047121078493,
    "125":0.2771828146654908,
    "126":0.2771828146654908,
    "127":0.3905757843013733,
    "128":0.2645835958170593,
    "129":0.2645835958170593,
    "130":0.2645835958170593,
    "131":0.2645835958170593,
    "132":0.2897820335139221,
    "133":0.16378984502960817,
    "134":0.17638906387803957,
    "135":0.2897820335139221,
    "136":0.20158750157490235,
    "137":0.2645835958170593,
    "138":0.3023812523623535,
    "139":0.2645835958170593,
    "140":0.32757969005921633,
    "141":0.18898828272647095,
    "142":0.20158750157490235,
    "143":0.16378984502960817,
    "144":0.17638906387803957,
    "145":0.15119062618117676,
    "146":0.18898828272647095,
    "147":0.16378984502960817,
    "148":0.15119062618117676,
    "149":0.16378984502960817,
    "150":0.18898828272647095,
    "151":0.16378984502960817,
    "152":0.20158750157490235,
    "153":0.1385914073327454,
    "154":0.10079375078745118,
    "155":0.1385914073327454,
    "156":0.15119062618117676,
    "157":0.10079375078745118,
    "158":0.1385914073327454,
    "159":0.17638906387803957,
    "160":0.12599218848431398,
    "161":0.025198437696862794,
    "162":0.03779765654529419,
    "163":0.05039687539372559,
    "164":0.07559531309058838,
    "165":0.07559531309058838,
    "166":0.03779765654529419,
    "167":0.16378984502960817,
    "168":0.11339296963588258,
    "169":0.10079375078745118,
    "170":0.05039687539372559,
    "171":0.10079375078745118,
    "172":0.12599218848431398,
    "173":0.16378984502960817,
    "174":0.07559531309058838,
    "175":0.10079375078745118,
    "176":0.012599218848431397,
    "177":0.06299609424215699,
    "178":0.025198437696862794,
    "179":0.03779765654529419,
    "180":0.06299609424215699,
    "181":0.025198437696862794,
    "182":0.07559531309058838,
    "183":0.06299609424215699,
    "184":0.10079375078745118,
    "185":0.05039687539372559,
    "186":0.025198437696862794,
    "187":0.025198437696862794,
    "188":0.03779765654529419,
    "189":0.03779765654529419,
    "190":0.05039687539372559,
    "191":0.07559531309058838,
    "192":0.05039687539372559,
    "193":0.025198437696862794,
    "194":0.03779765654529419,
    "195":0.012599218848431397,
    "196":0.03779765654529419,
    "197":0.05039687539372559,
    "198":0.025198437696862794,
    "199":0.012599218848431397,
    "200":0.025198437696862794,
    "201":0.08819453193901979,
    "202":0.03779765654529419,
    "203":0.05039687539372559,
    "204":0.025198437696862794,
    "205":0.025198437696862794,
    "206":0.0,
    "207":0.012599218848431397,
    "208":0.03779765654529419,
    "209":0.06299609424215699,
    "210":0.025198437696862794,
    "211":0.03779765654529419,
    "212":0.05039687539372559,
    "213":0.06299609424215699,
    "214":0.06299609424215699,
    "215":0.06299609424215699,
    "216":0.0,
    "217":0.025198437696862794,
    "218":0.025198437696862794,
    "219":0.025198437696862794,
    "220":0.025198437696862794,
    "221":0.03779765654529419,
    "222":0.06299609424215699,
    "223":0.06299609424215699,
    "224":0.03779765654529419,
    "225":0.07559531309058838,
    "226":0.025198437696862794,
    "227":0.012599218848431397,
    "228":0.025198437696862794,
    "229":0.025198437696862794,
    "230":0.025198437696862794,
    "231":0.012599218848431397,
    "232":0.05039687539372559,
    "233":0.012599218848431397,
    "234":0.012599218848431397,
    "235":0.07559531309058838,
    "236":0.05039687539372559,
    "237":0.0,
    "238":0.012599218848431397,
    "239":0.012599218848431397,
    "240":0.025198437696862794,
    "241":0.025198437696862794,
    "242":0.025198437696862794,
    "243":0.10079375078745118,
    "244":0.0,
    "245":0.0,
    "246":0.0,
    "247":0.0,
    "248":0.012599218848431397,
    "249":0.0,
    "250":0.0,
    "251":0.025198437696862794,
    "252":0.012599218848431397,
    "253":0.0,
    "254":0.012599218848431397,
    "255":0.0,
    "256":0.0,
    "257":0.0,
    "258":0.012599218848431397,
    "259":0.0,
    "260":0.0,
    "261":0.0,
    "262":0.0,
    "263":0.012599218848431397,
    "264":0.012599218848431397,
    "265":0.0,
    "266":0.0,
    "267":0.0,
    "268":0.0,
    "269":0.012599218848431397,
    "270":0.012599218848431397,
    "271":0.0,
    "272":0.0,
    "273":0.012599218848431397,
    "274":0.0,
    "275":0.0,
    "276":0.012599218848431397,
    "277":0.0,