{
    "0":1.2312382739212007,
    "1":2.7673545966228894,
    "2":1.7354596622889307,
    "3":2.016885553470919,
    "4":2.5680112570356473,
    "5":2.4155722326454034,
    "6":2.673545966228893,
    "7":3.400562851782364,
    "8":3.0605065666041273,
    "9":2.098968105065666,
    "10":2.6500938086303942,
    "11":2.345215759849906,
    "12":2.4390243902439024,
    "13":2.0637898686679175,
    "14":1.9113508442776737,
    "15":2.122420262664165,
    "16":1.9348030018761726,
    "17":1.7940900562851783,
    "18":1.8175422138836772,
    "19":1.6064727954971856,
    "20":1.149155722326454,
    "21":1.3367729831144466,
    "22":1.3719512195121952,
    "23":1.477485928705441,
    "24":1.3954033771106942,
    "25":1.0787992495309568,
    "26":1.0670731707317074,
    "27":0.9849906191369606,
    "28":0.9967166979362101,
    "29":1.1608818011257036,
    "30":1.2429643527204504,
    "31":1.348499061913696,
    "32":1.0436210131332082,
    "33":1.3954033771106942,
    "34":0.9849906191369606,
    "35":1.0318949343339587,
    "36":1.0787992495309568,
    "37":1.0905253283302063,
    "38":0.9967166979362101,
    "39":1.0201688555347093,
    "40":0.9029080675422139,
    "41":0.9380863039399625,
    "42":0.8794559099437148,
    "43":1.1374296435272044,
    "44":0.8677298311444653,
    "45":1.125703564727955,
    "46":0.8677298311444653,
    "47":0.8442776735459663,
    "48":0.9615384615384616,
    "49":0.7621951219512195,
    "50":0.7856472795497185,
    "51":0.6332082551594747,
    "52":0.7621951219512195,
    "53":0.7504690431519699,
    "54":0.6918386491557224,
    "55":0.8442776735459663,
    "56":0.6332082551594747,
    "57":0.6918386491557224,
    "58":0.6449343339587241,
    "59":0.9849906191369606,
    "60":0.8208255159474672,
    "61":0.5628517823639775,
    "62":0.551125703564728,
    "63":0.4104127579737336,
    "64":0.43386491557223267,
    "65":0.3635084427767355,
    "66":0.37523452157598497,
    "67":0.42213883677298314,
    "68":0.43386491557223267,
    "69":0.3400562851782364,
    "70":0.3517823639774859,
    "71":0.46904315196998125,
    "72":0.4104127579737336,
    "73":0.24624765478424016,
    "74":0.29315196998123827,
    "75":0.3048780487804878,
    "76":0.5393996247654784,
    "77":0.3048780487804878,
    "78":0.42213883677298314,
    "79":0.23452157598499063,
    "80":0.29315196998123827,
    "81":0.22279549718574107,
    "82":0.12898686679174484,
    "83":0.23452157598499063,
    "84":0.24624765478424016,
    "85":0.22279549718574107,
    "86":0.199343339587242,
    "87":0.3400562851782364,
    "88":0.18761726078799248,
    "89":0.23452157598499063,
    "90":0.17589118198874296,
    "91":0.17589118198874296,
    "92":0.199343339587242,
    "93":0.17589118198874296,
    "94":0.21106941838649157,
    "95":0.11726078799249531,
    "96":0.11726078799249531,
    "97":0.14071294559099437,
    "98":0.17589118198874296,
    "99":0.11726078799249531,
    "100":0.08208255159474673,
    "101":0.14071294559099437,
    "102":0.08208255159474673,
    "103":0.08208255159474673,
    "104":0.09380863039399624,
    "105":0.14071294559099437,
    "106":0.05863039399624766,
    "107":0.1524390243902439,
    "108":0.08208255159474673,
    "109":0.03517823639774859,
    "110":0.1524390243902439,
    "111":0.04690431519699812,
    "112":0.03517823639774859,
    "113":0.08208255159474673,
    "114":0.04690431519699812,
    "115":0.04690431519699812,
    "116":0.10553470919324578,
    "117":0.0,
    "118":0.04690431519699812,
    "119":0.09380863039399624,
    "120":0.07035647279549719,
    "121":0.03517823639774859,
    "122":0.05863039399624766,
    "123":0.03517823639774859,
    "124":0.10553470919324578,
    "125":0.12898686679174484,
    "126":0.11726078799249531,
    "127":0.09380863039399624,
    "128":0.05863039399624766,
    "129":0.03517823639774859,
    "130":0.07035647279549719,
    "131":0.08208255159474673,
    "132":0.02345215759849906,
    "133":0.02345215759849906,
    "134":0.03517823639774859,
    "135":0.02345215759849906,
    "136":0.01172607879924953,
    "137":0.05863039399624766,
    "138":0.05863039399624766,
    "139":0.02345215759849906,
    "140":0.0,
    "141":0.01172607879924953,
    "142":0.0,
    "143":0.01172607879924953,
    "144":0.02345215759849906,
    "145":0.02345215759849906,
    "146":0.0,
    "147":0.0,
    "148":0.02345215759849906,
    "149":0.01172607879924953,
    "150":0.03517823639774859,
    "151":0.0,
    "152":0.01172607879924953,
    "153":0.0,
    "154":0.0,
    "155":0.01172607879924953,
    "156":0.01172607879924953,
    "157":0.01172607879924953,
    "158":0.0,
    "159":0.02345215759849906,
    "160":0.0,
    "161":0.0,
    "162":0.0,
    "163":0.0,
    "164":0.0,
    "165":0.0,
    "166":0.0,
    "167":0.01172607879924953,
    "168":0.0,
    "169":0.0,
    "170":0.0,
    "171":0.0,
    "172":0.0,
    "173":0.0,
    "174":0.0,
    "175":0.01172607879924953,
    "176":0.0,
    "177":0.0,
    "178":0.0,
    "179":0.0,
    "180":0.0,
    "181":0.01172607879924953,
    "182":0.0,
    "183":0.0,
    "184":0.01172607879924953,
    "185":0.01172607879924953,
    "186":0.0,
    "187":0.01172607879924953,
    "188":0.0,
    "189":0.0,
    "190":0.0,
    "191":0.0,
    "192":0.0,
    "193":0.0,
    "194":0.0,
    "195":0.0,
    "196":0.0,
    "197":0.0,
    "198":0.0,
    "199":0.0,
    "200":0.0,
    "201":0.01172607879924953,
    "202":0.0,
    "203":0.0,
    "204":0.0,
    "205":0.0,
    "206":0.0,
    "207":0.0,
    "208":0.0,
    "209":0.0,
    "210":0.0,
    "211":0.0,
    "212":0.0,
    "213":0.0,
    "214":0.0,
    "215":0.0,
    "216":0.0,
    "217":0.01172607879924953,
    "218":0.0,
    "219":0.0,
    "220":0.0,
    "221":0.0,
    "222":0.01172607879924953,
    "223":0.0,
    "224":0.01172607879924953,
    "225":0.0,
    "226":0.0,
    "227":0.0,
    "228":0.0,
    "229":0.01172607879924953,
    "230":0.0,
    "231":0.0,
    "232":0.0,
    "233":0.0,
    "234":0.0,
    "235":0.0,
    "236":0.0,
    "237":0.0,
    "238":0.0,
    "239":0.0,
    "240":0.0,
    "241":0.0,
    "242":0.0,
    "243":0.0,
    "244":0.0,
    "245":0.0,
    "246":0.01172607879924953,
    "247":0.0,
    "248":0.0,
    "249":0.0,
    "250":0.0,
    "251":0.0,
    "252":0.0,
    "253":0.0,
    "254":0.0,
    "255":0.0,
    "256":0.0,
    "257":0.0,
    "258":0.0,
    "259":0.0,
    "260":0.0,
    "261":0.0,
    "262":0.0,
    "263":0.0,
    "264":0.0,
    "265":0.0,
    "266":0.0,
    "267":0.0,
    "268":0.0,
    "269":0.0,
    "270":0.0,
    "271":0.0,
    "272":0.0,
    "273":0.01172607879924953,
    "274":0.0,
    "275":0.0,
    "276":0.0,
    "277":0.0,
    "278":0.0,
    "279":0.0,
    "280":0.0,
    "281":0.0,
    "282":0.0,
    "283":0.0,
    "284":0.0,
    "285":0.0,
    "286":0.0,
    "287":0.0,
    "288":0.0,
    "289":0.0,
    "290":0.0,
    "291":0.0,
    "292":0.0,
    "293":0.0,
    "294":0.0,
    "295":0.0,
    "296":0.0,
    "297":0.0,
    "298":0.0,
    "299":0.0,
    "300":0.0,
    "301":0.0,
    "302":0.0,
    "303":0.0,
    "304":0.0,
    "305":0.0,
    "306":0.0,
    "307":0.0,
    "308":0.0,
    "309":0.0,
    "310":0.0,
    "311":0.0,
    "312":0.0,
    "313":0.0,
    "314":0.0,
    "315":0.0,
    "316":0.0,
    "317":0.0,
    "318":0.01172607879924953,
    "319":0.0,
    "320":0.0,
    "321":0.0,
    "322":0.0,
    "323":0.0,
    "324":0.0,
    "325":0.0,
    "326":0.01172607879924953,
    "327":0.0,
    "328":0.0,
    "329":0.0,
    "330":0.0,
    "331":0.0,
    "332":0.0,
    "333":0.0,
    "334":0.0,
    "335":0.0,
    "336":0.0,
    "337":0.0,
    "338":0.0,
    "339":0.0,
    "340":0.0,
    "341":0.0,
    "342":0.0,
    "343":0.0,
    "344":0.0,
    "345":0.0,
    "346":0.0,
    "347":0.0,
    "348":0.0,
    "349":0.0,
    "350":0.0,
    "351":0.0,
    "352":0.0,
    "353":0.02345215759849906,
    "354":0.0,
    "355":0.0,
    "356":0.0,
    "357":0.0,
    "358":0.0,
    "359":0.0,
    "360":0.0,
    "361":0.0,
    "362":0.0,
    "363":0.0,
    "364":0.0,
    "365":0.0,
    "366":0.0,
    "367":0.0,