{
    "0":1.425891181988743,
    "1":1.397748592870544,
    "2":5.741088180112571,
    "3":4.099437148217636,
    "4":2.8142589118198873,
    "5":3.1050656660412757,
    "6":2.3264540337711073,
    "7":1.8386491557223266,
    "8":1.4071294559099436,
    "9":0.9474671669793621,
    "10":0.9849906191369606,
    "11":0.9380863039399625,
    "12":1.00375234521576,
    "13":1.097560975609756,
    "14":1.2945590994371483,
    "15":1.0131332082551596,
    "16":1.3133208255159476,
    "17":1.1350844277673546,
    "18":1.4165103189493433,
    "19":1.3508442776735459,
    "20":1.2570356472795496,
    "21":1.2288930581613509,
    "22":1.172607879924953,
    "23":1.172607879924953,
    "24":0.9943714821763603,
    "25":0.7223264540337712,
    "26":0.8442776735459663,
    "27":0.8067542213883677,
    "28":0.7786116322701688,
    "29":0.7879924953095686,
    "30":0.8255159474671669,
    "31":0.853658536585366,
    "32":0.6941838649155723,
    "33":0.7129455909943715,
    "34":0.6378986866791745,
    "35":0.5065666041275798,
    "36":0.6660412757973734,
    "37":0.45966228893058164,
    "38":0.6472795497185742,
    "39":0.6191369606003753,
    "40":0.797373358348968,
    "41":0.9099437148217636,
    "42":0.6941838649155723,
    "43":0.8255159474671669,
    "44":0.7879924953095686,
    "45":0.8818011257035647,
    "46":0.6754221388367729,
    "47":0.6097560975609756,
    "48":0.6941838649155723,
    "49":0.7786116322701688,
    "50":0.5440900562851783,
    "51":0.7223264540337712,
    "52":0.7035647279549718,
    "53":0.6848030018761726,
    "54":0.7598499061913696,
    "55":0.6941838649155723,
    "56":0.6097560975609756,
    "57":0.6097560975609756,
    "58":0.6097560975609756,
    "59":0.6472795497185742,
    "60":0.6097560975609756,
    "61":0.7223264540337712,
    "62":0.49718574108818014,
    "63":0.7410881801125704,
    "64":0.5065666041275798,
    "65":0.6285178236397748,
    "66":0.6566604127579738,
    "67":0.6378986866791745,
    "68":0.6285178236397748,
    "69":0.40337711069418386,
    "70":0.4315196998123828,
    "71":0.5816135084427768,
    "72":0.45966228893058164,
    "73":0.45966228893058164,
    "74":0.5347091932457786,
    "75":0.46904315196998125,
    "76":0.46904315196998125,
    "77":0.4315196998123828,
    "78":0.45966228893058164,
    "79":0.225140712945591,
    "80":0.34709193245778613,
    "81":0.28142589118198874,
    "82":0.24390243902439024,
    "83":0.150093808630394,
    "84":0.2626641651031895,
    "85":0.19699812382739215,
    "86":0.28142589118198874,
    "87":0.16885553470919323,
    "88":0.12195121951219512,
    "89":0.20637898686679174,
    "90":0.18761726078799248,
    "91":0.2157598499061914,
    "92":0.16885553470919323,
    "93":0.20637898686679174,
    "94":0.225140712945591,
    "95":0.17823639774859287,
    "96":0.28142589118198874,
    "97":0.17823639774859287,
    "98":0.19699812382739215,
    "99":0.17823639774859287,
    "100":0.18761726078799248,
    "101":0.15947467166979362,
    "102":0.18761726078799248,
    "103":0.150093808630394,
    "104":0.15947467166979362,
    "105":0.18761726078799248,
    "106":0.10318949343339587,
    "107":0.150093808630394,
    "108":0.13133208255159476,
    "109":0.150093808630394,
    "110":0.15947467166979362,
    "111":0.14071294559099437,
    "112":0.10318949343339587,
    "113":0.13133208255159476,
    "114":0.150093808630394,
    "115":0.15947467166979362,
    "116":0.10318949343339587,
    "117":0.16885553470919323,
    "118":0.12195121951219512,
    "119":0.16885553470919323,
    "120":0.16885553470919323,
    "121":0.04690431519699812,
    "122":0.08442776735459662,
    "123":0.075046904315197,
    "124":0.20637898686679174,
    "125":0.10318949343339587,
    "126":0.1125703564727955,
    "127":0.16885553470919323,
    "128":0.14071294559099437,
    "129":0.1125703564727955,
    "130":0.15947467166979362,
    "131":0.1125703564727955,
    "132":0.13133208255159476,
    "133":0.06566604127579738,
    "134":0.08442776735459662,
    "135":0.05628517823639775,
    "136":0.16885553470919323,
    "137":0.08442776735459662,
    "138":0.1125703564727955,
    "139":0.10318949343339587,
    "140":0.10318949343339587,
    "141":0.06566604127579738,
    "142":0.150093808630394,
    "143":0.1125703564727955,
    "144":0.10318949343339587,
    "145":0.09380863039399624,
    "146":0.15947467166979362,
    "147":0.12195121951219512,
    "148":0.1125703564727955,
    "149":0.04690431519699812,
    "150":0.19699812382739215,
    "151":0.08442776735459662,
    "152":0.08442776735459662,
    "153":0.09380863039399624,
    "154":0.20637898686679174,
    "155":0.09380863039399624,
    "156":0.04690431519699812,
    "157":0.06566604127579738,
    "158":0.05628517823639775,
    "159":0.1125703564727955,
    "160":0.08442776735459662,
    "161":0.08442776735459662,
    "162":0.075046904315197,
    "163":0.12195121951219512,
    "164":0.06566604127579738,
    "165":0.09380863039399624,
    "166":0.1125703564727955,
    "167":0.075046904315197,
    "168":0.14071294559099437,
    "169":0.06566604127579738,
    "170":0.05628517823639775,
    "171":0.06566604127579738,
    "172":0.028142589118198873,
    "173":0.06566604127579738,
    "174":0.08442776735459662,
    "175":0.10318949343339587,
    "176":0.06566604127579738,
    "177":0.1125703564727955,
    "178":0.05628517823639775,
    "179":0.08442776735459662,
    "180":0.04690431519699812,
    "181":0.06566604127579738,
    "182":0.06566604127579738,
    "183":0.06566604127579738,
    "184":0.04690431519699812,
    "185":0.04690431519699812,
    "186":0.08442776735459662,
    "187":0.04690431519699812,
    "188":0.09380863039399624,
    "189":0.05628517823639775,
    "190":0.06566604127579738,
    "191":0.0375234521575985,
    "192":0.06566604127579738,
    "193":0.075046904315197,
    "194":0.075046904315197,
    "195":0.08442776735459662,
    "196":0.08442776735459662,
    "197":0.04690431519699812,
    "198":0.04690431519699812,
    "199":0.05628517823639775,
    "200":0.0375234521575985,
    "201":0.05628517823639775,
    "202":0.075046904315197,
    "203":0.0375234521575985,
    "204":0.04690431519699812,
    "205":0.05628517823639775,
    "206":0.04690431519699812,
    "207":0.05628517823639775,
    "208":0.05628517823639775,
    "209":0.075046904315197,
    "210":0.09380863039399624,
    "211":0.05628517823639775,
    "212":0.0375234521575985,
    "213":0.06566604127579738,
    "214":0.028142589118198873,
    "215":0.075046904315197,
    "216":0.0375234521575985,
    "217":0.04690431519699812,
    "218":0.009380863039399626,
    "219":0.01876172607879925,
    "220":0.04690431519699812,
    "221":0.009380863039399626,
    "222":0.01876172607879925,
    "223":0.01876172607879925,
    "224":0.01876172607879925,
    "225":0.028142589118198873,
    "226":0.01876172607879925,
    "227":0.028142589118198873,
    "228":0.0375234521575985,
    "229":0.01876172607879925,
    "230":0.075046904315197,
    "231":0.028142589118198873,
    "232":0.04690431519699812,
    "233":0.04690431519699812,
    "234":0.0,
    "235":0.028142589118198873,
    "236":0.0375234521575985,
    "237":0.0375234521575985,
    "238":0.0,
    "239":0.01876172607879925,
    "240":0.01876172607879925,
    "241":0.009380863039399626,
    "242":0.01876172607879925,
    "243":0.05628517823639775,
    "244":0.01876172607879925,
    "245":0.04690431519699812,
    "246":0.0375234521575985,
    "247":0.04690431519699812,
    "248":0.01876172607879925,
    "249":0.028142589118198873,
    "250":0.04690431519699812,
    "251":0.0375234521575985,
    "252":0.0375234521575985,
    "253":0.028142589118198873,
    "254":0.04690431519699812,
    "255":0.0375234521575985,
    "256":0.009380863039399626,
    "257":0.01876172607879925,
    "258":0.01876172607879925,
    "259":0.05628517823639775,
    "260":0.05628517823639775,
    "261":0.01876172607879925,
    "262":0.01876172607879925,
    "263":0.028142589118198873,
    "264":0.0375234521575985,
    "265":0.0375234521575985,