{
    "0":5.59662090813094,
    "1":0.7295766535470866,
    "2":3.676682346164923,
    "3":1.9967361044446579,
    "4":1.2575597580877411,
    "5":2.620716137083613,
    "6":2.9183066141883462,
    "7":3.2734952481520594,
    "8":3.465489104348661,
    "9":3.475088797158491,
    "10":2.1215321109724488,
    "11":1.919938561966017,
    "12":1.6319477776711147,
    "13":1.7567437841989058,
    "14":1.449553614284343,
    "15":1.1615628299894403,
    "16":0.9791686666026688,
    "17":1.353556686186042,
    "18":1.0751655947009695,
    "19":0.8447729672650475,
    "20":0.9599692809830085,
    "21":0.9215705097436883,
    "22":0.7967745032158972,
    "23":1.0367668234616494,
    "24":1.007967745032159,
    "25":0.9311702025535183,
    "26":0.9791686666026688,
    "27":1.0559662090813093,
    "28":1.1039646731304598,
    "29":0.8639723528847078,
    "30":0.9119708169338582,
    "31":0.787174810406067,
    "32":0.9599692809830085,
    "33":0.4895843333013344,
    "34":0.5951809542094653,
    "35":0.5759815685898052,
    "36":0.5855812613996352,
    "37":0.6143803398291254,
    "38":0.6335797254487857,
    "39":0.5759815685898052,
    "40":0.5279831045406547,
    "41":0.3935874052030335,
    "42":0.42238648363252373,
    "43":0.47038494768167416,
    "44":0.4895843333013344,
    "45":0.4415858692521839,
    "46":0.4031870980128636,
    "47":0.29759047710473263,
    "48":0.3071901699145627,
    "49":0.23999232024575212,
    "50":0.4031870980128636,
    "51":0.33598924834405297,
    "52":0.42238648363252373,
    "53":0.3455889411538831,
    "54":0.47998464049150424,
    "55":0.33598924834405297,
    "56":0.4319861764423539,
    "57":0.4031870980128636,
    "58":0.41278679082269365,
    "59":0.4415858692521839,
    "60":0.3071901699145627,
    "61":0.42238648363252373,
    "62":0.3839877123932034,
    "63":0.3647883267735433,
    "64":0.3647883267735433,
    "65":0.46078525487184413,
    "66":0.46078525487184413,
    "67":0.41278679082269365,
    "68":0.6047806470192955,
    "69":0.4031870980128636,
    "70":0.4895843333013344,
    "71":0.3743880195833733,
    "72":0.5759815685898052,
    "73":0.4031870980128636,
    "74":0.451185562062014,
    "75":0.46078525487184413,
    "76":0.5183834117308247,
    "77":0.5087837189209945,
    "78":0.3263895555342229,
    "79":0.3743880195833733,
    "80":0.3455889411538831,
    "81":0.4415858692521839,
    "82":0.3647883267735433,
    "83":0.4895843333013344,
    "84":0.27839109148507246,
    "85":0.3935874052030335,
    "86":0.3455889411538831,
    "87":0.35518863396371314,
    "88":0.3647883267735433,
    "89":0.3647883267735433,
    "90":0.2687913986752424,
    "91":0.25919170586541235,
    "92":0.35518863396371314,
    "93":0.2879907842949026,
    "94":0.29759047710473263,
    "95":0.3263895555342229,
    "96":0.3935874052030335,
    "97":0.27839109148507246,
    "98":0.29759047710473263,
    "99":0.4031870980128636,
    "100":0.3071901699145627,
    "101":0.3263895555342229,
    "102":0.27839109148507246,
    "103":0.2687913986752424,
    "104":0.33598924834405297,
    "105":0.25919170586541235,
    "106":0.24959201305558223,
    "107":0.21119324181626187,
    "108":0.29759047710473263,
    "109":0.3647883267735433,
    "110":0.15359508495728136,
    "111":0.22079293462609195,
    "112":0.25919170586541235,
    "113":0.2015935490064318,
    "114":0.21119324181626187,
    "115":0.2687913986752424,
    "116":0.2687913986752424,
    "117":0.1343956993376212,
    "118":0.2015935490064318,
    "119":0.2687913986752424,
    "120":0.24959201305558223,
    "121":0.2687913986752424,
    "122":0.23039262743592206,
    "123":0.24959201305558223,
    "124":0.11519631371796103,
    "125":0.24959201305558223,
    "126":0.11519631371796103,
    "127":0.23039262743592206,
    "128":0.09599692809830085,
    "129":0.10559662090813093,
    "130":0.12479600652779112,
    "131":0.22079293462609195,
    "132":0.047998464049150424,
    "133":0.09599692809830085,
    "134":0.057598156858980516,
    "135":0.009599692809830085,
    "136":0.057598156858980516,
    "137":0.08639723528847078,
    "138":0.047998464049150424,
    "139":0.03839877123932034,
    "140":0.028799078429490258,
    "141":0.09599692809830085,
    "142":0.08639723528847078,
    "143":0.1439953921474513,
    "144":0.03839877123932034,
    "145":0.057598156858980516,
    "146":0.057598156858980516,
    "147":0.08639723528847078,
    "148":0.10559662090813093,
    "149":0.09599692809830085,
    "150":0.047998464049150424,
    "151":0.047998464049150424,
    "152":0.047998464049150424,
    "153":0.08639723528847078,
    "154":0.0671978496688106,
    "155":0.12479600652779112,
    "156":0.15359508495728136,
    "157":0.03839877123932034,
    "158":0.07679754247864068,
    "159":0.1343956993376212,
    "160":0.16319477776711144,
    "161":0.09599692809830085,
    "162":0.047998464049150424,
    "163":0.057598156858980516,
    "164":0.07679754247864068,
    "165":0.07679754247864068,
    "166":0.08639723528847078,
    "167":0.07679754247864068,
    "168":0.08639723528847078,
    "169":0.0671978496688106,
    "170":0.08639723528847078,
    "171":0.057598156858980516,
    "172":0.09599692809830085,
    "173":0.0671978496688106,
    "174":0.07679754247864068,
    "175":0.08639723528847078,
    "176":0.09599692809830085,
    "177":0.0671978496688106,
    "178":0.047998464049150424,
    "179":0.03839877123932034,
    "180":0.028799078429490258,
    "181":0.07679754247864068,
    "182":0.0671978496688106,
    "183":0.0671978496688106,
    "184":0.0,
    "185":0.03839877123932034,
    "186":0.08639723528847078,
    "187":0.09599692809830085,
    "188":0.0671978496688106,
    "189":0.10559662090813093,
    "190":0.0671978496688106,
    "191":0.0671978496688106,
    "192":0.09599692809830085,
    "193":0.03839877123932034,
    "194":0.03839877123932034,
    "195":0.0671978496688106,
    "196":0.08639723528847078,
    "197":0.028799078429490258,
    "198":0.057598156858980516,
    "199":0.08639723528847078,
    "200":0.03839877123932034,
    "201":0.03839877123932034,
    "202":0.07679754247864068,
    "203":0.047998464049150424,
    "204":0.03839877123932034,
    "205":0.08639723528847078,
    "206":0.07679754247864068,
    "207":0.08639723528847078,
    "208":0.0671978496688106,
    "209":0.08639723528847078,
    "210":0.057598156858980516,
    "211":0.01919938561966017,
    "212":0.028799078429490258,
    "213":0.047998464049150424,
    "214":0.03839877123932034,
    "215":0.057598156858980516,
    "216":0.07679754247864068,
    "217":0.047998464049150424,
    "218":0.07679754247864068,
    "219":0.01919938561966017,
    "220":0.11519631371796103,
    "221":0.057598156858980516,
    "222":0.08639723528847078,
    "223":0.09599692809830085,
    "224":0.0671978496688106,
    "225":0.10559662090813093,
    "226":0.028799078429490258,
    "227":0.057598156858980516,
    "228":0.10559662090813093,
    "229":0.028799078429490258,
    "230":0.03839877123932034,
    "231":0.057598156858980516,
    "232":0.09599692809830085,
    "233":0.03839877123932034,
    "234":0.028799078429490258,
    "235":0.03839877123932034,
    "236":0.0671978496688106,
    "237":0.047998464049150424,
    "238":0.009599692809830085,
    "239":0.0,
    "240":0.03839877123932034,
    "241":0.03839877123932034,
    "242":0.03839877123932034,
    "243":0.028799078429490258,
    "244":0.01919938561966017,
    "245":0.047998464049150424,
    "246":0.0671978496688106,
    "247":0.028799078429490258,
    "248":0.028799078429490258,
    "249":0.028799078429490258,
    "250":0.01919938561966017,
    "251":0.03839877123932034,
    "252":0.03839877123932034,
    "253":0.057598156858980516,
    "254":0.03839877123932034,
    "255":0.01919938561966017,
    "256":0.01919938561966017,
    "257":0.057598156858980516,
    "258":0.01919938561966017,
    "259":0.01919938561966017,
    "260":0.009599692809830085,
    "261":0.01919938561966017,
    "262":0.01919938561966017,
    "263":0.0671978496688106,
    "264":0.057598156858980516,