{
    "0":[
        [
            -19.925951045974287,
            -43.94384019692068
        ]
    ],
    "1":[
        [
            -19.930171455923258,
            -43.94104351865887
        ]
    ],
    "2":[
        [
            -19.913344404682345,
            -43.94660995135066
        ]
    ],
    "3":[
        [
            -19.923931857266094,
            -43.95059289099849
        ]
    ],
    "4":[
        [
            -19.916957842396048,
            -43.93911774818183
        ]
    ],
    "5":[
        [
            -19.92149155774428,
            -43.94044541754859
        ]
    ],
    "6":[
        [
            -19.921633665952303,
            -43.947672279713636
        ]
    ],
    "7":[
        [
            -19.912403958304463,
            -43.94114650514458
        ]
    ],
    "8":[
        [
            -19.932608827962106,
            -43.94157814862469
        ]
    ],
    "9":[
        [
            -19.90920895689574,
            -43.95495075153908
        ]
    ],
    "total_length":10496.145334984081,
    "work_total":1051185.747407232
}