{
    "0":[
        [
            -19.91152445892228,
            -43.94886168041644
        ]
    ],
    "1":[
        [
            -19.921056464515594,
            -43.94874527419358
        ]
    ],
    "2":[
        [
            -19.925076138357497,
            -43.94023300049362
        ]
    ],
    "3":[
        [
            -19.91839896151392,
            -43.94682525754024
        ]
    ],
    "4":[
        [
            -19.920822004373118,
            -43.95104402996618
        ]
    ],
    "5":[
        [
            -19.923388817805325,
            -43.94567466762581
        ]
    ],
    "6":[
        [
            -19.922961026075974,
            -43.93406842697808
        ]
    ],
    "7":[
        [
            -19.91903209891568,
            -43.94511659312553
        ]
    ],
    "8":[
        [
            -19.914304126395425,
            -43.94603013195971
        ]
    ],
    "9":[
        [
            -19.914385091897092,
            -43.94787878432902
        ]
    ],
    "total_length":8300.895577798252,
    "work_total":753867.7755213785
}