{
    "0":1.2409513960703205,
    "1":3.6401240951396066,
    "2":3.185108583247156,
    "3":0.4239917269906929,
    "4":1.0754912099276113,
    "5":1.985522233712513,
    "6":2.0372285418821097,
    "7":1.8407445708376422,
    "8":1.6028955532574976,
    "9":1.2719751809720787,
    "10":0.8273009307135472,
    "11":1.1582213029989659,
    "12":0.9307135470527405,
    "13":0.765253360910031,
    "14":1.0237849017580145,
    "15":0.8066184074457083,
    "16":0.734229576008273,
    "17":0.8686659772492245,
    "18":0.8790072388831437,
    "19":0.734229576008273,
    "20":0.8066184074457083,
    "21":1.1168562564632885,
    "22":1.4167528438469494,
    "23":1.3547052740434333,
    "24":1.1789038262668046,
    "25":1.5098241985522234,
    "26":1.530506721820062,
    "27":1.1995863495346433,
    "28":1.2306101344364013,
    "29":1.313340227507756,
    "30":1.1685625646328852,
    "31":1.2719751809720787,
    "32":0.8790072388831437,
    "33":1.1685625646328852,
    "34":1.127197518097208,
    "35":1.2823164426059979,
    "36":1.2512926577042398,
    "37":1.0444674250258532,
    "38":1.0651499482936917,
    "39":0.8169596690796277,
    "40":1.127197518097208,
    "41":0.8790072388831437,
    "42":0.7755946225439504,
    "43":0.8996897621509825,
    "44":0.8583247156153051,
    "45":0.9100310237849016,
    "46":0.796277145811789,
    "47":0.8376421923474663,
    "48":0.8479834539813857,
    "49":0.9100310237849016,
    "50":0.8790072388831437,
    "51":0.8479834539813857,
    "52":0.9410548086866598,
    "53":0.765253360910031,
    "54":0.8479834539813857,
    "55":0.8790072388831437,
    "56":0.765253360910031,
    "57":0.9100310237849016,
    "58":0.7859358841778697,
    "59":0.6514994829369183,
    "60":0.7755946225439504,
    "61":0.6618407445708376,
    "62":0.5894519131334023,
    "63":0.7445708376421923,
    "64":0.6618407445708376,
    "65":0.765253360910031,
    "66":0.6204756980351602,
    "67":0.5687693898655636,
    "68":0.5377456049638056,
    "69":0.4963805584281282,
    "70":0.48603929679420893,
    "71":0.5791106514994829,
    "72":0.5377456049638056,
    "73":0.5584281282316442,
    "74":0.5687693898655636,
    "75":0.3929679420889349,
    "76":0.5067218200620476,
    "77":0.4653567735263702,
    "78":0.4963805584281282,
    "79":0.4653567735263702,
    "80":0.4239917269906929,
    "81":0.5894519131334023,
    "82":0.5377456049638056,
    "83":0.5480868665977249,
    "84":0.4963805584281282,
    "85":0.3929679420889349,
    "86":0.4136504653567736,
    "87":0.4136504653567736,
    "88":0.4963805584281282,
    "89":0.4136504653567736,
    "90":0.4756980351602895,
    "91":0.4446742502585315,
    "92":0.37228541882109617,
    "93":0.3619441571871768,
    "94":0.3619441571871768,
    "95":0.3619441571871768,
    "96":0.3102378490175801,
    "97":0.23784901758014476,
    "98":0.28955532574974147,
    "99":0.2688728024819028,
    "100":0.37228541882109617,
    "101":0.4239917269906929,
    "102":0.2792140641158221,
    "103":0.2275077559462254,
    "104":0.2481902792140641,
    "105":0.28955532574974147,
    "106":0.28955532574974147,
    "107":0.23784901758014476,
    "108":0.12409513960703206,
    "109":0.2792140641158221,
    "110":0.2275077559462254,
    "111":0.19648397104446744,
    "112":0.25853154084798347,
    "113":0.2275077559462254,
    "114":0.3102378490175801,
    "115":0.1654601861427094,
    "116":0.1137538779731127,
    "117":0.2171664943123061,
    "118":0.19648397104446744,
    "119":0.2481902792140641,
    "120":0.17580144777662876,
    "121":0.14477766287487073,
    "122":0.2171664943123061,
    "123":0.15511892450879006,
    "124":0.18614270941054809,
    "125":0.1654601861427094,
    "126":0.14477766287487073,
    "127":0.1034126163391934,
    "128":0.2068252326783868,
    "129":0.23784901758014476,
    "130":0.1654601861427094,
    "131":0.1654601861427094,
    "132":0.1137538779731127,
    "133":0.14477766287487073,
    "134":0.17580144777662876,
    "135":0.2068252326783868,
    "136":0.1654601861427094,
    "137":0.12409513960703206,
    "138":0.2275077559462254,
    "139":0.19648397104446744,
    "140":0.1344364012409514,
    "141":0.1344364012409514,
    "142":0.14477766287487073,
    "143":0.2068252326783868,
    "144":0.09307135470527404,
    "145":0.14477766287487073,
    "146":0.2171664943123061,
    "147":0.1654601861427094,
    "148":0.12409513960703206,
    "149":0.1034126163391934,
    "150":0.12409513960703206,
    "151":0.06204756980351603,
    "152":0.1034126163391934,
    "153":0.12409513960703206,
    "154":0.17580144777662876,
    "155":0.06204756980351603,
    "156":0.0517063081695967,
    "157":0.1344364012409514,
    "158":0.1137538779731127,
    "159":0.18614270941054809,
    "160":0.0517063081695967,
    "161":0.12409513960703206,
    "162":0.12409513960703206,
    "163":0.04136504653567735,
    "164":0.031023784901758014,
    "165":0.1137538779731127,
    "166":0.1034126163391934,
    "167":0.1137538779731127,
    "168":0.04136504653567735,
    "169":0.04136504653567735,
    "170":0.0517063081695967,
    "171":0.031023784901758014,
    "172":0.1137538779731127,
    "173":0.0517063081695967,
    "174":0.010341261633919338,
    "175":0.0517063081695967,
    "176":0.0,
    "177":0.0,
    "178":0.0517063081695967,
    "179":0.010341261633919338,
    "180":0.010341261633919338,
    "181":0.010341261633919338,
    "182":0.010341261633919338,
    "183":0.010341261633919338,
    "184":0.020682523267838676,
    "185":0.04136504653567735,
    "186":0.0,
    "187":0.0,
    "188":0.020682523267838676,
    "189":0.020682523267838676,
    "190":0.0,
    "191":0.04136504653567735,
    "192":0.031023784901758014,
    "193":0.020682523267838676,
    "194":0.04136504653567735,
    "195":0.0,
    "196":0.0,
    "197":0.0,
    "198":0.0,
    "199":0.0,
    "200":0.0,
    "201":0.0,
    "202":0.0,
    "203":0.0,
    "204":0.0,
    "205":0.0,
    "206":0.0,
    "207":0.0,
    "208":0.0,
    "209":0.0,
    "210":0.0,
    "211":0.0,
    "212":0.0,
    "213":0.0,
    "214":0.0,
    "215":0.0,
    "216":0.0,
    "217":0.0,
    "218":0.0,
    "219":0.0,
    "220":0.0,
    "221":0.0,
    "222":0.0,
    "223":0.0,
    "224":0.0,
    "225":0.0,
    "226":0.0,
    "227":0.0,
    "228":0.0,
    "229":0.0,
    "230":0.0,
    "231":0.0,
    "232":0.0,
    "233":0.0,
    "234":0.0,
    "235":0.0,
    "236":0.0,
    "237":0.0,
    "238":0.0,
    "239":0.0,
    "240":0.0,
    "241":0.0,
    "242":0.0,
    "243":0.0,
    "244":0.0,
    "245":0.0,
    "246":0.0,
    "247":0.0,
    "248":0.0,
    "249":0.0,
    "250":0.0,
    "251":0.0,
    "252":0.0,
    "253":0.0,
    "254":0.0,
    "255":0.0,
    "256":0.0,
    "257":0.0,
    "258":0.0,
    "259":0.0,
    "260":0.0,
    "261":0.0,
    "262":0.0,
    "263":0.0,
    "264":0.0,
    "265":0.0,
    "266":0.0,
    "267":0.0,
    "268":0.0,
    "269":0.0,
    "270":0.0,
    "271":0.0,
    "272":0.0,
    "273":0.0,
    "274":0.0,
    "275":0.0,
    "276":0.0,
    "277":0.0,
    "278":0.0,
    "279":0.0,
    "280":0.0,
    "281":0.0,
    "282":0.0,
    "283":0.0,
    "284":0.0,
    "285":0.0,
    "286":0.0,
    "287":0.0,
    "288":0.0,
    "289":0.0,
    "290":0.0,
    "291":0.0,
    "292":0.0,
    "293":0.0,
    "294":0.0,
    "295":0.0,
    "296":0.0,
    "297":0.0,
    "298":0.0,
    "299":0.0,
    "300":0.0,
    "301":0.0,
    "302":0.0,
    "303":0.0,
    "304":0.0,
    "305":0.0,
    "306":0.0,
    "307":0.0,
    "308":0.0,
    "309":0.0,
    "310":0.0,
    "311":0.0,
    "312":0.0,
    "313":0.0,
    "314":0.0,
    "315":0.0,
    "316":0.0,
    "317":0.0,
    "318":0.0,
    "319":0.0,
    "320":0.0,
    "321":0.0,
    "322":0.0,
    "323":0.0,
    "324":0.0,
    "325":0.0,
    "326":0.0,
    "327":0.0,
    "328":0.0,
    "329":0.0,
    "330":0.0,
    "331":0.0,
    "332":0.0,
    "333":0.0,
    "334":0.0,
    "335":0.0,
    "336":0.0,
    "337":0.0,
    "338":0.0,
    "339":0.0,
    "340":0.0,
    "341":0.0,
    "342":0.010341261633919338,
    "343":0.0,
    "344":0.0,