{
    "0":1.5079872204472844,
    "1":4.044728434504792,
    "2":2.856230031948882,
    "3":0.9137380191693291,
    "4":1.0095846645367412,
    "5":1.3993610223642172,
    "6":1.4057507987220448,
    "7":1.182108626198083,
    "8":1.3354632587859425,
    "9":1.2460063897763578,
    "10":1.4313099041533546,
    "11":1.7571884984025559,
    "12":1.7955271565495208,
    "13":1.9872204472843449,
    "14":2.1661341853035143,
    "15":2.3386581469648564,
    "16":2.217252396166134,
    "17":2.4345047923322682,
    "18":2.4920127795527156,
    "19":2.1533546325878596,
    "20":2.293929712460064,
    "21":2.1725239616613417,
    "22":1.9361022364217253,
    "23":1.9169329073482428,
    "24":1.8722044728434504,
    "25":1.9361022364217253,
    "26":1.4952076677316293,
    "27":1.4824281150159744,
    "28":1.4185303514376997,
    "29":1.0926517571884984,
    "30":1.0159744408945686,
    "31":0.9840255591054312,
    "32":0.9456869009584664,
    "33":1.0862619808306708,
    "34":1.194888178913738,
    "35":1.1118210862619808,
    "36":1.194888178913738,
    "37":1.1757188498402555,
    "38":1.0031948881789137,
    "39":1.073482428115016,
    "40":0.9456869009584664,
    "41":1.1309904153354633,
    "42":1.2204472843450478,
    "43":0.9392971246006391,
    "44":1.1054313099041533,
    "45":1.1246006389776357,
    "46":1.1118210862619808,
    "47":0.8945686900958467,
    "48":0.9201277955271566,
    "49":0.9712460063897763,
    "50":0.7795527156549521,
    "51":0.805111821086262,
    "52":0.6517571884984026,
    "53":0.9392971246006391,
    "54":0.7348242811501597,
    "55":0.7220447284345048,
    "56":0.7028753993610224,
    "57":0.645367412140575,
    "58":0.6900958466453674,
    "59":0.7412140575079872,
    "60":0.7348242811501597,
    "61":0.4792332268370607,
    "62":0.6198083067092652,
    "63":0.5942492012779552,
    "64":0.35782747603833864,
    "65":0.41533546325878595,
    "66":0.3258785942492013,
    "67":0.3769968051118211,
    "68":0.3003194888178914,
    "69":0.38338658146964855,
    "70":0.3514376996805112,
    "71":0.3194888178913738,
    "72":0.3258785942492013,
    "73":0.22364217252396168,
    "74":0.28115015974440893,
    "75":0.28753993610223644,
    "76":0.33226837060702874,
    "77":0.26198083067092653,
    "78":0.25559105431309903,
    "79":0.22364217252396168,
    "80":0.38338658146964855,
    "81":0.28115015974440893,
    "82":0.268370607028754,
    "83":0.1853035143769968,
    "84":0.20447284345047922,
    "85":0.15335463258785942,
    "86":0.3194888178913738,
    "87":0.1597444089456869,
    "88":0.2108626198083067,
    "89":0.19808306709265178,
    "90":0.268370607028754,
    "91":0.28115015974440893,
    "92":0.14696485623003194,
    "93":0.12779552715654952,
    "94":0.1597444089456869,
    "95":0.12779552715654952,
    "96":0.12140575079872204,
    "97":0.134185303514377,
    "98":0.14057507987220447,
    "99":0.10223642172523961,
    "100":0.12779552715654952,
    "101":0.10223642172523961,
    "102":0.16613418530351437,
    "103":0.16613418530351437,
    "104":0.17891373801916932,
    "105":0.11501597444089458,
    "106":0.15335463258785942,
    "107":0.134185303514377,
    "108":0.11501597444089458,
    "109":0.15335463258785942,
    "110":0.09584664536741214,
    "111":0.10862619808306709,
    "112":0.06389776357827476,
    "113":0.07028753993610223,
    "114":0.16613418530351437,
    "115":0.12779552715654952,
    "116":0.08306709265175719,
    "117":0.06389776357827476,
    "118":0.038338658146964855,
    "119":0.10862619808306709,
    "120":0.012779552715654952,
    "121":0.07028753993610223,
    "122":0.06389776357827476,
    "123":0.06389776357827476,
    "124":0.04472843450479233,
    "125":0.06389776357827476,
    "126":0.07028753993610223,
    "127":0.06389776357827476,
    "128":0.05750798722044729,
    "129":0.06389776357827476,
    "130":0.025559105431309903,
    "131":0.03194888178913738,
    "132":0.012779552715654952,
    "133":0.019169329073482427,
    "134":0.08306709265175719,
    "135":0.025559105431309903,
    "136":0.04472843450479233,
    "137":0.019169329073482427,
    "138":0.012779552715654952,
    "139":0.038338658146964855,
    "140":0.03194888178913738,
    "141":0.038338658146964855,
    "142":0.04472843450479233,
    "143":0.038338658146964855,
    "144":0.012779552715654952,
    "145":0.04472843450479233,
    "146":0.019169329073482427,
    "147":0.006389776357827476,
    "148":0.012779552715654952,
    "149":0.019169329073482427,
    "150":0.012779552715654952,
    "151":0.025559105431309903,
    "152":0.012779552715654952,
    "153":0.038338658146964855,
    "154":0.006389776357827476,
    "155":0.03194888178913738,
    "156":0.012779552715654952,
    "157":0.006389776357827476,
    "158":0.006389776357827476,
    "159":0.006389776357827476,
    "160":0.019169329073482427,
    "161":0.038338658146964855,
    "162":0.012779552715654952,
    "163":0.025559105431309903,
    "164":0.038338658146964855,
    "165":0.012779552715654952,
    "166":0.04472843450479233,
    "167":0.006389776357827476,
    "168":0.012779552715654952,
    "169":0.012779552715654952,
    "170":0.012779552715654952,
    "171":0.0,
    "172":0.019169329073482427,
    "173":0.012779552715654952,
    "174":0.006389776357827476,
    "175":0.0,
    "176":0.012779552715654952,
    "177":0.006389776357827476,
    "178":0.019169329073482427,
    "179":0.0,
    "180":0.025559105431309903,
    "181":0.0,
    "182":0.006389776357827476,
    "183":0.0,
    "184":0.006389776357827476,
    "185":0.012779552715654952,
    "186":0.006389776357827476,
    "187":0.019169329073482427,
    "188":0.03194888178913738,
    "189":0.012779552715654952,
    "190":0.006389776357827476,
    "191":0.006389776357827476,
    "192":0.006389776357827476,
    "193":0.025559105431309903,
    "194":0.0,
    "195":0.006389776357827476,
    "196":0.006389776357827476,
    "197":0.0,
    "198":0.025559105431309903,
    "199":0.0,
    "200":0.0,
    "201":0.006389776357827476,
    "202":0.0,
    "203":0.012779552715654952,
    "204":0.0,
    "205":0.006389776357827476,
    "206":0.019169329073482427,
    "207":0.0,
    "208":0.0,
    "209":0.0,
    "210":0.0,
    "211":0.006389776357827476,
    "212":0.025559105431309903,
    "213":0.012779552715654952,
    "214":0.0,
    "215":0.019169329073482427,
    "216":0.006389776357827476,
    "217":0.0,
    "218":0.0,
    "219":0.006389776357827476,
    "220":0.006389776357827476,
    "221":0.0,
    "222":0.019169329073482427,
    "223":0.0,
    "224":0.0,
    "225":0.0,
    "226":0.0,
    "227":0.0,
    "228":0.006389776357827476,
    "229":0.006389776357827476,
    "230":0.006389776357827476,
    "231":0.006389776357827476,
    "232":0.0,
    "233":0.0,
    "234":0.0,
    "235":0.012779552715654952,
    "236":0.0,
    "237":0.006389776357827476,
    "238":0.0,
    "239":0.0,
    "240":0.006389776357827476,
    "241":0.0,
    "242":0.006389776357827476,
    "243":0.006389776357827476,
    "244":0.012779552715654952,
    "245":0.0,
    "246":0.0,
    "247":0.0,
    "248":0.0,
    "249":0.0,
    "250":0.0,
    "251":0.012779552715654952,
    "252":0.0,
    "253":0.006389776357827476,
    "254":0.0,
    "255":0.0,
    "256":0.012779552715654952,
    "257":0.0,
    "258":0.012779552715654952,
    "259":0.0,
    "260":0.0,
    "261":0.0,
    "262":0.012779552715654952,
    "263":0.0,
    "264":0.006389776357827476,
    "265":0.0,
    "266":0.0,
    "267":0.0,
    "268":0.012779552715654952,
    "269":0.0,
    "270":0.006389776357827476,
    "271":0.0,
    "272":0.012779552715654952,
    "273":0.0,
    "274":0.0,
    "275":0.012779552715654952,
    "276":0.0,
    "277":0.0,
    "278":0.006389776357827476,
    "279":0.0,
    "280":0.006389776357827476,
    "281":0.006389776357827476,
    "282":0.0,
    "283":0.0,
    "284":0.006389776357827476,
    "285":0.0,
    "286":0.0,
    "287":0.006389776357827476,
    "288":0.0,
    "289":0.0,
    "290":0.006389776357827476,
    "291":0.0,
    "292":0.0,
    "293":0.0,
    "294":0.0,