{
    "0":[
        [
            -19.9169371250358,
            -43.94231688453819
        ]
    ],
    "1":[
        [
            -19.923967721028742,
            -43.94368448291641
        ]
    ],
    "2":[
        [
            -19.911993293336046,
            -43.94407410213467
        ]
    ],
    "3":[
        [
            -19.922598829014273,
            -43.955151303882914
        ]
    ],
    "4":[
        [
            -19.919097015042166,
            -43.93480322521791
        ]
    ],
    "5":[
        [
            -19.916426021074233,
            -43.947954231873545
        ]
    ],
    "6":[
        [
            -19.917293206649234,
            -43.94002421767633
        ]
    ],
    "7":[
        [
            -19.92105612577049,
            -43.94085861595752
        ]
    ],
    "8":[
        [
            -19.91809088144607,
            -43.945736580110044
        ]
    ],
    "9":[
        [
            -19.915258293311545,
            -43.94587421043332
        ]
    ],
    "path":[
        [
            300000000001,
            29145510,
            29145509,
            35930992,
            29124056,
            2834021361,
            29124052,
            29096836,
            300000000009
        ],
        [
            300000000009,
            29096836,
            29096835,
            29124051,
            994509685,
            28800978,
            993654834,
            1288421553,
            2388312349,
            2388312353,
            8427336825,
            1068693082,
            1068693077,
            5459976301,
            2388312354,
            993654841,
            35761801,
            993654844,
            300000000002
        ],
        [
            300000000002,
            35968163,
            1288421473,
            993654844,
            28800979,
            994509646,
            29096535,
            3936935212,
            2828780801,
            2828733705,
            324773722,
            2931015004,
            32448889,
            348047524,
            32448876,
            29095724,
            1342749710,
            29095127,
            29095737,
            300000000007
        ],
        [
            300000000007,
            29095737,
            29095127,
            1342749710,
            29095724,
            32448876,
            348047524,
            32448890,
            300000000008
        ],
        [
            300000000008,
            29095886,
            2828798702,
            2838020402,
            2838020501,
            8278346185,
            5456961284,
            5462242773,
            28109262,
            32449482,
            2908237201,
            28109263,
            28109295,
            3509333393,
            5049706738,
            28109289,
            5049706788,
            5049706754,
            5049706753,
            5049706771,
            300000000005
        ],
        [
            300000000005,
            5049717284,
            35788246,
            5049636821,
            5049636828,
            5049636829,
            29096813,
            5049636827,
            5049636824,
            5441037022,
            7283893473,
            3042548692,
            5475841273,
            5475841271,
            35927160,
            35927156,
            3699726847,
            35927151,
            1505099174,
            5441037125,
            5441037106,
            7283893465,
            5441037113,
            5441037102,
            321042079,
            1818421222,
            321049973,
            3203252247,
            6399693734,
            6399693732,
            321049947,
            448203551,
            8231064599,
            61785365,
            61785364,
            61785406,
            61785407,
            300000000003
        ],
        [
            300000000003,
            61785407,
            1273201187,
            1273201186,
            28294350,
            4894437737,
            2388186746,
            2388186748,
            4894437740,
            2296385387,
            7396345088,
            2314391124,
            61785360,
            8231216152,
            61785359,
            300000000006
        ],
        [
            300000000006,
            61785359,
            2314391100,
            38428095,
            2314391116,
            61785355,
            38428102,
            5238125696,
            5238125697,
            38428099,
            5238125701,
            2279593425,
            2279593426,
            2279592750,
            4524664456,
            61821541,
            321403410,
            2277624896,
            321403428,
            2386325178,
            29096829,
            4341442141,
            4548581105,
            2977330734,
            3057277933,
            3057278033,
            35927205,
            60649328,
            60649358,
            60649359,
            300000000004
        ],
        [
            300000000004,
            60649360,
            60649299,
            60649283,
            60649378,
            60649277,
            4682305693,
            4682305708,
            35927179,
            60649320,
            29095022,
            29095393,
            29096406,
            321403477,
            28109328,
            300000000010
        ]
    ],
    "total_length":9960.178249259032,
    "work_total":949658.2858637039
}