{
    "0":1.795252225519288,
    "1":1.9510385756676556,
    "2":4.725519287833828,
    "3":2.7077151335311576,
    "4":2.841246290801187,
    "5":2.344213649851632,
    "6":1.4910979228486647,
    "7":1.0682492581602374,
    "8":0.9643916913946587,
    "9":0.6528189910979229,
    "10":1.483679525222552,
    "11":1.698813056379822,
    "12":1.6913946587537092,
    "13":1.6320474777448073,
    "14":1.795252225519288,
    "15":1.817507418397626,
    "16":1.8323442136498516,
    "17":1.7804154302670623,
    "18":1.5578635014836795,
    "19":0.9718100890207715,
    "20":0.8160237388724036,
    "21":1.053412462908012,
    "22":0.9866468842729971,
    "23":1.053412462908012,
    "24":0.897626112759644,
    "25":0.741839762611276,
    "26":0.8827893175074184,
    "27":0.8605341246290801,
    "28":0.7344213649851632,
    "29":0.6379821958456974,
    "30":0.7789317507418397,
    "31":0.586053412462908,
    "32":0.6899109792284867,
    "33":0.6899109792284867,
    "34":0.6676557863501483,
    "35":0.6750741839762611,
    "36":0.5786350148367952,
    "37":0.7566765578635014,
    "38":0.9421364985163204,
    "39":0.9643916913946587,
    "40":0.8160237388724036,
    "41":0.7492581602373888,
    "42":0.7863501483679526,
    "43":0.7640949554896143,
    "44":0.6305637982195845,
    "45":0.6824925816023739,
    "46":0.6379821958456974,
    "47":0.6973293768545994,
    "48":0.7566765578635014,
    "49":0.8531157270029673,
    "50":0.8011869436201781,
    "51":0.8679525222551929,
    "52":0.7121661721068249,
    "53":0.7492581602373888,
    "54":0.7047477744807121,
    "55":0.6083086053412462,
    "56":0.5415430267062314,
    "57":0.5934718100890208,
    "58":0.5637982195845697,
    "59":0.5415430267062314,
    "60":0.586053412462908,
    "61":0.5489614243323443,
    "62":0.556379821958457,
    "63":0.5489614243323443,
    "64":0.6008902077151336,
    "65":0.5044510385756676,
    "66":0.586053412462908,
    "67":0.6083086053412462,
    "68":0.5489614243323443,
    "69":0.6824925816023739,
    "70":0.4821958456973294,
    "71":0.5934718100890208,
    "72":0.4970326409495549,
    "73":0.5341246290801187,
    "74":0.5118694362017804,
    "75":0.556379821958457,
    "76":0.4821958456973294,
    "77":0.45252225519287836,
    "78":0.45994065281899116,
    "79":0.45994065281899116,
    "80":0.33382789317507416,
    "81":0.43026706231454004,
    "82":0.2893175074183976,
    "83":0.2967359050445104,
    "84":0.2967359050445104,
    "85":0.370919881305638,
    "86":0.3264094955489614,
    "87":0.28189910979228483,
    "88":0.33382789317507416,
    "89":0.33382789317507416,
    "90":0.35608308605341243,
    "91":0.27448071216617215,
    "92":0.22997032640949558,
    "93":0.33382789317507416,
    "94":0.28189910979228483,
    "95":0.36350148367952523,
    "96":0.28189910979228483,
    "97":0.20771513353115725,
    "98":0.3189910979228487,
    "99":0.22997032640949558,
    "100":0.1632047477744807,
    "101":0.25964391691394656,
    "102":0.3264094955489614,
    "103":0.22997032640949558,
    "104":0.20029673590504452,
    "105":0.22997032640949558,
    "106":0.17062314540059348,
    "107":0.20029673590504452,
    "108":0.2967359050445104,
    "109":0.22997032640949558,
    "110":0.2522255192878338,
    "111":0.3041543026706231,
    "112":0.21513353115727002,
    "113":0.28189910979228483,
    "114":0.1483679525222552,
    "115":0.17804154302670622,
    "116":0.1483679525222552,
    "117":0.14094955489614241,
    "118":0.24480712166172108,
    "119":0.21513353115727002,
    "120":0.25964391691394656,
    "121":0.28189910979228483,
    "122":0.13353115727002968,
    "123":0.19287833827893175,
    "124":0.185459940652819,
    "125":0.20771513353115725,
    "126":0.22255192878338279,
    "127":0.19287833827893175,
    "128":0.20029673590504452,
    "129":0.1261127596439169,
    "130":0.17804154302670622,
    "131":0.1483679525222552,
    "132":0.15578635014836795,
    "133":0.11869436201780414,
    "134":0.20029673590504452,
    "135":0.11869436201780414,
    "136":0.21513353115727002,
    "137":0.09643916913946587,
    "138":0.14094955489614241,
    "139":0.17804154302670622,
    "140":0.17804154302670622,
    "141":0.10385756676557863,
    "142":0.08902077151335311,
    "143":0.1632047477744807,
    "144":0.185459940652819,
    "145":0.11127596439169139,
    "146":0.1261127596439169,
    "147":0.09643916913946587,
    "148":0.11869436201780414,
    "149":0.08902077151335311,
    "150":0.1261127596439169,
    "151":0.11127596439169139,
    "152":0.13353115727002968,
    "153":0.1483679525222552,
    "154":0.13353115727002968,
    "155":0.11127596439169139,
    "156":0.11869436201780414,
    "157":0.08160237388724036,
    "158":0.09643916913946587,
    "159":0.10385756676557863,
    "160":0.10385756676557863,
    "161":0.09643916913946587,
    "162":0.0741839762611276,
    "163":0.13353115727002968,
    "164":0.08160237388724036,
    "165":0.08160237388724036,
    "166":0.08160237388724036,
    "167":0.08902077151335311,
    "168":0.09643916913946587,
    "169":0.08160237388724036,
    "170":0.1261127596439169,
    "171":0.08160237388724036,
    "172":0.13353115727002968,
    "173":0.10385756676557863,
    "174":0.1261127596439169,
    "175":0.05934718100890207,
    "176":0.0741839762611276,
    "177":0.09643916913946587,
    "178":0.05192878338278931,
    "179":0.08902077151335311,
    "180":0.09643916913946587,
    "181":0.10385756676557863,
    "182":0.08902077151335311,
    "183":0.044510385756676554,
    "184":0.08160237388724036,
    "185":0.11127596439169139,
    "186":0.11127596439169139,
    "187":0.0741839762611276,
    "188":0.05934718100890207,
    "189":0.044510385756676554,
    "190":0.06676557863501484,
    "191":0.0370919881305638,
    "192":0.05192878338278931,
    "193":0.044510385756676554,
    "194":0.0370919881305638,
    "195":0.0,
    "196":0.05934718100890207,
    "197":0.029673590504451036,
    "198":0.05192878338278931,
    "199":0.022255192878338277,
    "200":0.044510385756676554,
    "201":0.022255192878338277,
    "202":0.05192878338278931,
    "203":0.05934718100890207,
    "204":0.06676557863501484,
    "205":0.0741839762611276,
    "206":0.0370919881305638,
    "207":0.029673590504451036,
    "208":0.05934718100890207,
    "209":0.10385756676557863,
    "210":0.08160237388724036,
    "211":0.044510385756676554,
    "212":0.05192878338278931,
    "213":0.0741839762611276,
    "214":0.06676557863501484,
    "215":0.0370919881305638,
    "216":0.014836795252225518,
    "217":0.0370919881305638,
    "218":0.06676557863501484,
    "219":0.044510385756676554,
    "220":0.029673590504451036,
    "221":0.05192878338278931,
    "222":0.014836795252225518,
    "223":0.044510385756676554,
    "224":0.05192878338278931,
    "225":0.0370919881305638,
    "226":0.022255192878338277,
    "227":0.022255192878338277,
    "228":0.0370919881305638,
    "229":0.06676557863501484,
    "230":0.029673590504451036,
    "231":0.014836795252225518,
    "232":0.029673590504451036,
    "233":0.029673590504451036,
    "234":0.014836795252225518,
    "235":0.0370919881305638,
    "236":0.022255192878338277,
    "237":0.022255192878338277,
    "238":0.029673590504451036,
    "239":0.05192878338278931,
    "240":0.022255192878338277,
    "241":0.044510385756676554,
    "242":0.014836795252225518,
    "243":0.014836795252225518,
    "244":0.022255192878338277,
    "245":0.022255192878338277,
    "246":0.029673590504451036,
    "247":0.029673590504451036,
    "248":0.022255192878338277,
    "249":0.014836795252225518,
    "250":0.0,
    "251":0.014836795252225518,
    "252":0.0370919881305638,
    "253":0.0,
    "254":0.0370919881305638,
    "255":0.007418397626112759,
    "256":0.0,
    "257":0.029673590504451036,
    "258":0.014836795252225518,
    "259":0.022255192878338277,
    "260":0.022255192878338277,
    "261":0.0,
    "262":0.014836795252225518,
    "263":0.029673590504451036,
    "264":0.014836795252225518,
    "265":0.007418397626112759,
    "266":0.0,