{
    "0":1.2977498691784406,
    "1":1.5593929879644166,
    "2":0.7849293563579277,
    "3":1.2349555206698064,
    "4":3.0141287284144425,
    "5":3.36996336996337,
    "6":3.076923076923077,
    "7":1.8524332810047097,
    "8":2.1036106750392465,
    "9":2.1350078492935634,
    "10":1.967556253270539,
    "11":2.3547880690737837,
    "12":1.8210361067503924,
    "13":1.9152276295133437,
    "14":1.7059131344845628,
    "15":1.3500784929356358,
    "16":1.5070643642072212,
    "17":1.5593929879644166,
    "18":1.8838304552590266,
    "19":2.030350601779173,
    "20":1.967556253270539,
    "21":1.684981684981685,
    "22":1.5803244374672947,
    "23":1.2872841444270016,
    "24":1.1721611721611722,
    "25":1.5593929879644166,
    "26":1.5698587127158554,
    "27":1.3082155939298796,
    "28":1.4233385661957092,
    "29":1.5698587127158554,
    "30":1.5175300889586603,
    "31":1.4756671899529041,
    "32":1.3605442176870748,
    "33":0.9628466771323915,
    "34":0.9314495028780743,
    "35":0.9942438513867086,
    "36":0.8686551543694401,
    "37":0.9105180533751962,
    "38":0.5756148613291471,
    "39":0.7116692830978546,
    "40":0.8163265306122449,
    "41":0.7535321821036106,
    "42":0.7953950811093667,
    "43":0.8895866038723181,
    "44":0.805860805860806,
    "45":0.826792255363684,
    "46":1.1512297226582942,
    "47":1.0884353741496597,
    "48":0.8163265306122449,
    "49":1.0047095761381475,
    "50":0.9733124018838305,
    "51":0.7012035583464156,
    "52":0.8163265306122449,
    "53":0.5232862375719518,
    "54":0.7012035583464156,
    "55":0.6802721088435374,
    "56":0.6070120355834642,
    "57":0.6698063840920984,
    "58":0.554683411826269,
    "59":0.5023547880690737,
    "60":0.5442176870748299,
    "61":0.6070120355834642,
    "62":0.49188906331763477,
    "63":0.5128205128205128,
    "64":0.3663003663003663,
    "65":0.43956043956043955,
    "66":0.3453689167974882,
    "67":0.4290947148090005,
    "68":0.554683411826269,
    "69":0.5023547880690737,
    "70":0.43956043956043955,
    "71":0.39769754055468337,
    "72":0.3349031920460492,
    "73":0.32443746729461015,
    "74":0.3558346415489273,
    "75":0.48142333856619574,
    "76":0.43956043956043955,
    "77":0.3453689167974882,
    "78":0.27210884353741494,
    "79":0.282574568288854,
    "80":0.4186289900575615,
    "81":0.32443746729461015,
    "82":0.3035060177917321,
    "83":0.3453689167974882,
    "84":0.3139717425431711,
    "85":0.2616431187859759,
    "86":0.24071166928309787,
    "87":0.25117739403453687,
    "88":0.282574568288854,
    "89":0.24071166928309787,
    "90":0.19884877027734169,
    "91":0.21978021978021978,
    "92":0.18838304552590265,
    "93":0.13605442176870747,
    "94":0.0837257980115123,
    "95":0.15698587127158556,
    "96":0.1674515960230246,
    "97":0.13605442176870747,
    "98":0.14652014652014653,
    "99":0.12558869701726844,
    "100":0.13605442176870747,
    "101":0.09419152276295133,
    "102":0.14652014652014653,
    "103":0.1151229722658294,
    "104":0.13605442176870747,
    "105":0.1674515960230246,
    "106":0.10465724751439037,
    "107":0.14652014652014653,
    "108":0.12558869701726844,
    "109":0.12558869701726844,
    "110":0.18838304552590265,
    "111":0.10465724751439037,
    "112":0.18838304552590265,
    "113":0.09419152276295133,
    "114":0.06279434850863422,
    "115":0.10465724751439037,
    "116":0.12558869701726844,
    "117":0.052328623757195186,
    "118":0.10465724751439037,
    "119":0.010465724751439037,
    "120":0.06279434850863422,
    "121":0.06279434850863422,
    "122":0.06279434850863422,
    "123":0.07326007326007326,
    "124":0.020931449502878074,
    "125":0.04186289900575615,
    "126":0.07326007326007326,
    "127":0.10465724751439037,
    "128":0.06279434850863422,
    "129":0.06279434850863422,
    "130":0.020931449502878074,
    "131":0.06279434850863422,
    "132":0.07326007326007326,
    "133":0.04186289900575615,
    "134":0.052328623757195186,
    "135":0.06279434850863422,
    "136":0.04186289900575615,
    "137":0.07326007326007326,
    "138":0.04186289900575615,
    "139":0.052328623757195186,
    "140":0.10465724751439037,
    "141":0.06279434850863422,
    "142":0.06279434850863422,
    "143":0.052328623757195186,
    "144":0.07326007326007326,
    "145":0.04186289900575615,
    "146":0.052328623757195186,
    "147":0.04186289900575615,
    "148":0.0837257980115123,
    "149":0.03139717425431711,
    "150":0.0837257980115123,
    "151":0.052328623757195186,
    "152":0.04186289900575615,
    "153":0.052328623757195186,
    "154":0.06279434850863422,
    "155":0.03139717425431711,
    "156":0.052328623757195186,
    "157":0.06279434850863422,
    "158":0.052328623757195186,
    "159":0.052328623757195186,
    "160":0.020931449502878074,
    "161":0.052328623757195186,
    "162":0.010465724751439037,
    "163":0.06279434850863422,
    "164":0.020931449502878074,
    "165":0.010465724751439037,
    "166":0.010465724751439037,
    "167":0.010465724751439037,
    "168":0.03139717425431711,
    "169":0.020931449502878074,
    "170":0.052328623757195186,
    "171":0.010465724751439037,
    "172":0.06279434850863422,
    "173":0.020931449502878074,
    "174":0.03139717425431711,
    "175":0.0,
    "176":0.020931449502878074,
    "177":0.03139717425431711,
    "178":0.020931449502878074,
    "179":0.010465724751439037,
    "180":0.052328623757195186,
    "181":0.03139717425431711,
    "182":0.07326007326007326,
    "183":0.020931449502878074,
    "184":0.03139717425431711,
    "185":0.03139717425431711,
    "186":0.010465724751439037,
    "187":0.020931449502878074,
    "188":0.052328623757195186,
    "189":0.010465724751439037,
    "190":0.020931449502878074,
    "191":0.04186289900575615,
    "192":0.03139717425431711,
    "193":0.010465724751439037,
    "194":0.020931449502878074,
    "195":0.03139717425431711,
    "196":0.020931449502878074,
    "197":0.0,
    "198":0.010465724751439037,
    "199":0.04186289900575615,
    "200":0.03139717425431711,
    "201":0.0,
    "202":0.04186289900575615,
    "203":0.03139717425431711,
    "204":0.052328623757195186,
    "205":0.04186289900575615,
    "206":0.03139717425431711,
    "207":0.04186289900575615,
    "208":0.06279434850863422,
    "209":0.020931449502878074,
    "210":0.020931449502878074,
    "211":0.03139717425431711,
    "212":0.03139717425431711,
    "213":0.04186289900575615,
    "214":0.010465724751439037,
    "215":0.06279434850863422,
    "216":0.03139717425431711,
    "217":0.0,
    "218":0.020931449502878074,
    "219":0.020931449502878074,
    "220":0.0,
    "221":0.020931449502878074,
    "222":0.010465724751439037,
    "223":0.03139717425431711,
    "224":0.020931449502878074,
    "225":0.010465724751439037,
    "226":0.020931449502878074,
    "227":0.020931449502878074,
    "228":0.010465724751439037,
    "229":0.0,
    "230":0.04186289900575615,
    "231":0.010465724751439037,
    "232":0.020931449502878074,
    "233":0.020931449502878074,
    "234":0.04186289900575615,
    "235":0.010465724751439037,
    "236":0.0,
    "237":0.0,
    "238":0.010465724751439037,
    "239":0.03139717425431711,
    "240":0.03139717425431711,
    "241":0.010465724751439037,
    "242":0.010465724751439037,
    "243":0.03139717425431711,
    "244":0.020931449502878074,
    "245":0.03139717425431711,
    "246":0.04186289900575615,
    "247":0.03139717425431711,
    "248":0.052328623757195186,
    "249":0.010465724751439037,
    "250":0.010465724751439037,
    "251":0.0,
    "252":0.04186289900575615,
    "253":0.020931449502878074,
    "254":0.010465724751439037,
    "255":0.010465724751439037,
    "256":0.0,
    "257":0.0,
    "258":0.020931449502878074,
    "259":0.0,
    "260":0.0,
    "261":0.010465724751439037,
    "262":0.020931449502878074,
    "263":0.03139717425431711,
    "264":0.0,
    "265":0.0,
    "266":0.010465724751439037,
    "267":0.0,
    "268":0.0,
    "269":0.0,
    "270":0.0,
    "271":0.010465724751439037,