{
    "0":2.8785188942429625,
    "1":2.8277960943444076,
    "2":1.2934313974131373,
    "3":0.4565051990869896,
    "4":0.6593963986812071,
    "5":0.8496068983007862,
    "6":1.2934313974131373,
    "7":1.7245751965508496,
    "8":1.9147856961704286,
    "9":1.8640628962718742,
    "10":1.4202383971595232,
    "11":1.4329190971341619,
    "12":0.63403499873193,
    "13":0.5833121988333756,
    "14":0.570631498858737,
    "15":0.6593963986812071,
    "16":0.4565051990869896,
    "17":0.3677402992645194,
    "18":0.5452700989094599,
    "19":0.5579507988840984,
    "20":0.5579507988840984,
    "21":0.6974384986051231,
    "22":0.6847577986304844,
    "23":1.0017752979964494,
    "24":0.9130103981739792,
    "25":0.8622875982754248,
    "26":0.8242454983515091,
    "27":0.9637331980725337,
    "28":0.63403499873193,
    "29":0.6593963986812071,
    "30":0.7735226984529546,
    "31":0.7481612985036774,
    "32":0.9764138980471722,
    "33":0.9890945980218108,
    "34":1.0017752979964494,
    "35":1.0271366979457266,
    "36":1.0651787978696423,
    "37":0.9003296981993406,
    "38":0.8496068983007862,
    "39":0.951052498097895,
    "40":0.8622875982754248,
    "41":0.8369261983261477,
    "42":0.9130103981739792,
    "43":0.9130103981739792,
    "44":0.6086735987826528,
    "45":0.7227998985544002,
    "46":0.760841998478316,
    "47":0.63403499873193,
    "48":0.6720770986558459,
    "49":0.6847577986304844,
    "50":0.7735226984529546,
    "51":0.8242454983515091,
    "52":0.6720770986558459,
    "53":0.7862033984275932,
    "54":0.7101191985797616,
    "55":0.7735226984529546,
    "56":0.9764138980471722,
    "57":0.9130103981739792,
    "58":0.7988840984022317,
    "59":0.9003296981993406,
    "60":0.7988840984022317,
    "61":0.8242454983515091,
    "62":0.7101191985797616,
    "63":0.9130103981739792,
    "64":0.7101191985797616,
    "65":0.8749682982500635,
    "66":0.7354805985290388,
    "67":0.9003296981993406,
    "68":0.6086735987826528,
    "69":0.570631498858737,
    "70":0.6467156987065686,
    "71":0.6213542987572914,
    "72":0.6847577986304844,
    "73":0.8369261983261477,
    "74":0.7227998985544002,
    "75":0.6720770986558459,
    "76":0.6593963986812071,
    "77":0.7735226984529546,
    "78":0.6467156987065686,
    "79":0.63403499873193,
    "80":0.6213542987572914,
    "81":0.63403499873193,
    "82":0.5452700989094599,
    "83":0.5199086989601827,
    "84":0.6720770986558459,
    "85":0.6720770986558459,
    "86":0.5199086989601827,
    "87":0.5959928988080142,
    "88":0.5325893989348212,
    "89":0.5325893989348212,
    "90":0.5199086989601827,
    "91":0.6467156987065686,
    "92":0.5072279989855439,
    "93":0.5199086989601827,
    "94":0.4311437991377124,
    "95":0.48186659903626683,
    "96":0.41846309916307384,
    "97":0.6974384986051231,
    "98":0.4311437991377124,
    "99":0.5072279989855439,
    "100":0.3931016992137966,
    "101":0.5452700989094599,
    "102":0.44382449911235095,
    "103":0.41846309916307384,
    "104":0.41846309916307384,
    "105":0.3677402992645194,
    "106":0.4565051990869896,
    "107":0.40578239918843517,
    "108":0.4565051990869896,
    "109":0.46918589906162816,
    "110":0.40578239918843517,
    "111":0.40578239918843517,
    "112":0.41846309916307384,
    "113":0.40578239918843517,
    "114":0.2282525995434948,
    "115":0.24093329951813341,
    "116":0.3043367993913264,
    "117":0.190210499619579,
    "118":0.2662946994674106,
    "119":0.2916560994166878,
    "120":0.2916560994166878,
    "121":0.2282525995434948,
    "122":0.24093329951813341,
    "123":0.2916560994166878,
    "124":0.3043367993913264,
    "125":0.317017499365965,
    "126":0.20289119959421759,
    "127":0.317017499365965,
    "128":0.2789753994420492,
    "129":0.2282525995434948,
    "130":0.190210499619579,
    "131":0.2789753994420492,
    "132":0.1521683996956632,
    "133":0.1141262997717474,
    "134":0.20289119959421759,
    "135":0.1775297996449404,
    "136":0.0760841998478316,
    "137":0.1775297996449404,
    "138":0.1521683996956632,
    "139":0.2282525995434948,
    "140":0.1521683996956632,
    "141":0.16484909967030179,
    "142":0.20289119959421759,
    "143":0.12680699974638598,
    "144":0.2155718995688562,
    "145":0.20289119959421759,
    "146":0.12680699974638598,
    "147":0.0887648998224702,
    "148":0.16484909967030179,
    "149":0.0760841998478316,
    "150":0.0887648998224702,
    "151":0.1141262997717474,
    "152":0.0760841998478316,
    "153":0.0887648998224702,
    "154":0.050722799898554397,
    "155":0.10144559979710879,
    "156":0.1141262997717474,
    "157":0.0760841998478316,
    "158":0.06340349987319299,
    "159":0.10144559979710879,
    "160":0.12680699974638598,
    "161":0.0380420999239158,
    "162":0.012680699974638599,
    "163":0.050722799898554397,
    "164":0.0380420999239158,
    "165":0.025361399949277198,
    "166":0.050722799898554397,
    "167":0.10144559979710879,
    "168":0.06340349987319299,
    "169":0.0760841998478316,
    "170":0.050722799898554397,
    "171":0.0887648998224702,
    "172":0.0887648998224702,
    "173":0.1141262997717474,
    "174":0.0887648998224702,
    "175":0.06340349987319299,
    "176":0.012680699974638599,
    "177":0.050722799898554397,
    "178":0.012680699974638599,
    "179":0.06340349987319299,
    "180":0.0760841998478316,
    "181":0.012680699974638599,
    "182":0.06340349987319299,
    "183":0.0760841998478316,
    "184":0.0760841998478316,
    "185":0.025361399949277198,
    "186":0.025361399949277198,
    "187":0.0380420999239158,
    "188":0.050722799898554397,
    "189":0.0380420999239158,
    "190":0.050722799898554397,
    "191":0.025361399949277198,
    "192":0.0760841998478316,
    "193":0.0,
    "194":0.050722799898554397,
    "195":0.012680699974638599,
    "196":0.025361399949277198,
    "197":0.050722799898554397,
    "198":0.025361399949277198,
    "199":0.012680699974638599,
    "200":0.0380420999239158,
    "201":0.06340349987319299,
    "202":0.0380420999239158,
    "203":0.0380420999239158,
    "204":0.025361399949277198,
    "205":0.0380420999239158,
    "206":0.012680699974638599,
    "207":0.012680699974638599,
    "208":0.025361399949277198,
    "209":0.06340349987319299,
    "210":0.0,
    "211":0.0380420999239158,
    "212":0.0380420999239158,
    "213":0.050722799898554397,
    "214":0.050722799898554397,
    "215":0.0760841998478316,
    "216":0.012680699974638599,
    "217":0.0380420999239158,
    "218":0.025361399949277198,
    "219":0.012680699974638599,
    "220":0.0380420999239158,
    "221":0.0380420999239158,
    "222":0.0760841998478316,
    "223":0.06340349987319299,
    "224":0.050722799898554397,
    "225":0.06340349987319299,
    "226":0.06340349987319299,
    "227":0.025361399949277198,
    "228":0.025361399949277198,
    "229":0.0380420999239158,
    "230":0.050722799898554397,
    "231":0.012680699974638599,
    "232":0.0380420999239158,
    "233":0.025361399949277198,
    "234":0.012680699974638599,
    "235":0.050722799898554397,
    "236":0.050722799898554397,
    "237":0.0,
    "238":0.012680699974638599,
    "239":0.012680699974638599,
    "240":0.025361399949277198,
    "241":0.025361399949277198,
    "242":0.012680699974638599,
    "243":0.10144559979710879,
    "244":0.0,
    "245":0.012680699974638599,
    "246":0.0,
    "247":0.0,
    "248":0.0,
    "249":0.0,
    "250":0.0,
    "251":0.012680699974638599,
    "252":0.012680699974638599,
    "253":0.0,
    "254":0.012680699974638599,
    "255":0.0,
    "256":0.0,
    "257":0.0,
    "258":0.0,
    "259":0.0,
    "260":0.0,
    "261":0.0,
    "262":0.0,
    "263":0.012680699974638599,
    "264":0.012680699974638599,
    "265":0.0,
    "266":0.0,
    "267":0.0,
    "268":0.012680699974638599,
    "269":0.0,
    "270":0.012680699974638599,
    "271":0.0,
    "272":0.0,
    "273":0.0,
    "274":0.0,
    "275":0.0,
    "276":0.0,
    "277":0.0,
    "278":0.0,
    "279":0.012680699974638599,
    "280":0.012680699974638599,