{
    "0":0.6975036710719531,
    "1":0.0,
    "2":0.07342143906020558,
    "3":1.0401370533529124,
    "4":1.5296133137542829,
    "5":1.2726382770435634,
    "6":0.4405286343612335,
    "7":0.648556045031816,
    "8":0.6975036710719531,
    "9":0.7831620166421929,
    "10":1.297112090063632,
    "11":1.2848751835535976,
    "12":1.1013215859030838,
    "13":1.162506118453255,
    "14":0.9667156142927067,
    "15":0.9911894273127754,
    "16":0.7219774840920216,
    "17":1.076847772883015,
    "18":0.7953989231522272,
    "19":0.8076358296622614,
    "20":0.5261869799314733,
    "21":0.5628976994615761,
    "22":0.4405286343612335,
    "23":0.7097405775819873,
    "24":0.6118453255017132,
    "25":0.7097405775819873,
    "26":0.6363191385217817,
    "27":0.7097405775819873,
    "28":0.5384238864415075,
    "29":0.6118453255017132,
    "30":0.4894762604013705,
    "31":0.5628976994615761,
    "32":0.5996084189916789,
    "33":0.6363191385217817,
    "34":0.4405286343612335,
    "35":0.5873715124816447,
    "36":0.5017131669114048,
    "37":0.6607929515418502,
    "38":0.6118453255017132,
    "39":0.74645129711209,
    "40":0.7219774840920216,
    "41":0.7219774840920216,
    "42":0.7097405775819873,
    "43":0.6975036710719531,
    "44":0.6118453255017132,
    "45":0.6730298580518845,
    "46":0.7097405775819873,
    "47":0.6607929515418502,
    "48":0.5628976994615761,
    "49":0.5384238864415075,
    "50":0.5873715124816447,
    "51":0.7342143906020557,
    "52":0.5873715124816447,
    "53":0.9055310817425355,
    "54":0.7097405775819873,
    "55":0.7709251101321586,
    "56":0.7097405775819873,
    "57":0.5996084189916789,
    "58":0.7219774840920216,
    "59":0.6852667645619187,
    "60":0.8198727361722956,
    "61":0.7219774840920216,
    "62":0.74645129711209,
    "63":0.8321096426823299,
    "64":0.7831620166421929,
    "65":0.9055310817425355,
    "66":0.5751346059716104,
    "67":0.5996084189916789,
    "68":0.6240822320117474,
    "69":0.648556045031816,
    "70":0.6975036710719531,
    "71":0.5628976994615761,
    "72":0.5996084189916789,
    "73":0.7342143906020557,
    "74":0.5628976994615761,
    "75":0.6730298580518845,
    "76":0.6730298580518845,
    "77":0.5384238864415075,
    "78":0.5139500734214391,
    "79":0.45276554087126775,
    "80":0.4282917278511992,
    "81":0.47723935389133626,
    "82":0.648556045031816,
    "83":0.5873715124816447,
    "84":0.5017131669114048,
    "85":0.5873715124816447,
    "86":0.5261869799314733,
    "87":0.5139500734214391,
    "88":0.41605482134116495,
    "89":0.5261869799314733,
    "90":0.47723935389133626,
    "91":0.4038179148311307,
    "92":0.5017131669114048,
    "93":0.6240822320117474,
    "94":0.5261869799314733,
    "95":0.41605482134116495,
    "96":0.39158100832109644,
    "97":0.37934410181106215,
    "98":0.47723935389133626,
    "99":0.4894762604013705,
    "100":0.37934410181106215,
    "101":0.25697503671071953,
    "102":0.4894762604013705,
    "103":0.47723935389133626,
    "104":0.26921194322075376,
    "105":0.2936857562408223,
    "106":0.39158100832109644,
    "107":0.31815956926089084,
    "108":0.28144884973078804,
    "109":0.3059226627508566,
    "110":0.3303964757709251,
    "111":0.31815956926089084,
    "112":0.4405286343612335,
    "113":0.4038179148311307,
    "114":0.35487028879099364,
    "115":0.34263338228095935,
    "116":0.36710719530102787,
    "117":0.4038179148311307,
    "118":0.2936857562408223,
    "119":0.36710719530102787,
    "120":0.34263338228095935,
    "121":0.34263338228095935,
    "122":0.31815956926089084,
    "123":0.20802741067058247,
    "124":0.26921194322075376,
    "125":0.3059226627508566,
    "126":0.25697503671071953,
    "127":0.23250122369065102,
    "128":0.23250122369065102,
    "129":0.37934410181106215,
    "130":0.23250122369065102,
    "131":0.2936857562408223,
    "132":0.22026431718061676,
    "133":0.17131669114047968,
    "134":0.22026431718061676,
    "135":0.25697503671071953,
    "136":0.11013215859030838,
    "137":0.22026431718061676,
    "138":0.19579050416054822,
    "139":0.36710719530102787,
    "140":0.39158100832109644,
    "141":0.26921194322075376,
    "142":0.26921194322075376,
    "143":0.20802741067058247,
    "144":0.20802741067058247,
    "145":0.26921194322075376,
    "146":0.37934410181106215,
    "147":0.24473813020068524,
    "148":0.41605482134116495,
    "149":0.15907978463044542,
    "150":0.35487028879099364,
    "151":0.24473813020068524,
    "152":0.23250122369065102,
    "153":0.11013215859030838,
    "154":0.24473813020068524,
    "155":0.19579050416054822,
    "156":0.25697503671071953,
    "157":0.19579050416054822,
    "158":0.12236906510034262,
    "159":0.28144884973078804,
    "160":0.19579050416054822,
    "161":0.3059226627508566,
    "162":0.23250122369065102,
    "163":0.28144884973078804,
    "164":0.18355359765051393,
    "165":0.11013215859030838,
    "166":0.23250122369065102,
    "167":0.24473813020068524,
    "168":0.20802741067058247,
    "169":0.13460597161037688,
    "170":0.2936857562408223,
    "171":0.23250122369065102,
    "172":0.19579050416054822,
    "173":0.15907978463044542,
    "174":0.11013215859030838,
    "175":0.20802741067058247,
    "176":0.13460597161037688,
    "177":0.15907978463044542,
    "178":0.13460597161037688,
    "179":0.20802741067058247,
    "180":0.15907978463044542,
    "181":0.19579050416054822,
    "182":0.12236906510034262,
    "183":0.15907978463044542,
    "184":0.12236906510034262,
    "185":0.09789525208027411,
    "186":0.11013215859030838,
    "187":0.18355359765051393,
    "188":0.18355359765051393,
    "189":0.18355359765051393,
    "190":0.08565834557023984,
    "191":0.09789525208027411,
    "192":0.24473813020068524,
    "193":0.15907978463044542,
    "194":0.11013215859030838,
    "195":0.20802741067058247,
    "196":0.12236906510034262,
    "197":0.14684287812041116,
    "198":0.13460597161037688,
    "199":0.24473813020068524,
    "200":0.13460597161037688,
    "201":0.14684287812041116,
    "202":0.09789525208027411,
    "203":0.08565834557023984,
    "204":0.07342143906020558,
    "205":0.09789525208027411,
    "206":0.11013215859030838,
    "207":0.13460597161037688,
    "208":0.13460597161037688,
    "209":0.09789525208027411,
    "210":0.11013215859030838,
    "211":0.11013215859030838,
    "212":0.15907978463044542,
    "213":0.09789525208027411,
    "214":0.07342143906020558,
    "215":0.07342143906020558,
    "216":0.14684287812041116,
    "217":0.12236906510034262,
    "218":0.13460597161037688,
    "219":0.13460597161037688,
    "220":0.048947626040137054,
    "221":0.06118453255017131,
    "222":0.08565834557023984,
    "223":0.06118453255017131,
    "224":0.13460597161037688,
    "225":0.07342143906020558,
    "226":0.03671071953010279,
    "227":0.08565834557023984,
    "228":0.048947626040137054,
    "229":0.07342143906020558,
    "230":0.14684287812041116,
    "231":0.09789525208027411,
    "232":0.12236906510034262,
    "233":0.03671071953010279,
    "234":0.08565834557023984,
    "235":0.09789525208027411,
    "236":0.06118453255017131,
    "237":0.06118453255017131,
    "238":0.11013215859030838,
    "239":0.06118453255017131,
    "240":0.12236906510034262,
    "241":0.08565834557023984,
    "242":0.09789525208027411,
    "243":0.048947626040137054,
    "244":0.07342143906020558,
    "245":0.03671071953010279,
    "246":0.048947626040137054,
    "247":0.18355359765051393,
    "248":0.11013215859030838,
    "249":0.13460597161037688,
    "250":0.08565834557023984,
    "251":0.12236906510034262,
    "252":0.03671071953010279,
    "253":0.09789525208027411,
    "254":0.048947626040137054,
    "255":0.08565834557023984,
    "256":0.06118453255017131,
    "257":0.06118453255017131,
    "258":0.03671071953010279,
    "259":0.09789525208027411,
    "260":0.048947626040137054,
    "261":0.15907978463044542,
    "262":0.07342143906020558,
    "263":0.048947626040137054,
    "264":0.048947626040137054,