{
    "0":[
        [
            -19.916531012571983,
            -43.94230783511444
        ]
    ],
    "1":[
        [
            -19.91712925926551,
            -43.95260556888481
        ]
    ],
    "2":[
        [
            -19.929283561156144,
            -43.941088329190976
        ]
    ],
    "3":[
        [
            -19.92171303412487,
            -43.94415658083751
        ]
    ],
    "4":[
        [
            -19.921944337810203,
            -43.94272559526414
        ]
    ],
    "5":[
        [
            -19.925095829425583,
            -43.94105320454889
        ]
    ],
    "6":[
        [
            -19.91747342417481,
            -43.94147440734316
        ]
    ],
    "7":[
        [
            -19.92580882293984,
            -43.94281532605542
        ]
    ],
    "8":[
        [
            -19.915923268786347,
            -43.94348122211817
        ]
    ],
    "9":[
        [
            -19.92470243966814,
            -43.94023330455768
        ]
    ],
    "total_length":7915.667681825736,
    "work_total":842363.2740156453
}