{
    "0":2.3429672447013488,
    "1":1.1252408477842004,
    "2":2.820809248554913,
    "3":2.5125240847784203,
    "4":2.674373795761079,
    "5":2.951830443159923,
    "6":2.4739884393063587,
    "7":2.0346820809248554,
    "8":1.510597302504817,
    "9":1.5876685934489405,
    "10":1.1021194605009634,
    "11":1.02504816955684,
    "12":0.9325626204238922,
    "13":1.0789980732177264,
    "14":1.2716763005780347,
    "15":1.2870905587668593,
    "16":1.3179190751445087,
    "17":1.1329479768786126,
    "18":1.1560693641618496,
    "19":1.0867052023121386,
    "20":1.2254335260115607,
    "21":1.394990366088632,
    "22":1.348747591522158,
    "23":1.4258188824662814,
    "24":1.348747591522158,
    "25":1.3179190751445087,
    "26":0.9788053949903661,
    "27":1.0173410404624277,
    "28":1.071290944123314,
    "29":1.0404624277456647,
    "30":1.02504816955684,
    "31":1.0173410404624277,
    "32":0.8863198458574182,
    "33":0.8786127167630059,
    "34":0.8400770712909442,
    "35":1.0173410404624277,
    "36":0.9633911368015413,
    "37":0.7938342967244703,
    "38":0.7707129094412332,
    "39":0.9017341040462429,
    "40":0.9094412331406552,
    "41":0.9094412331406552,
    "42":0.6628131021194605,
    "43":0.5626204238921002,
    "44":0.5549132947976878,
    "45":0.6242774566473989,
    "46":0.5394990366088632,
    "47":0.6859344894026975,
    "48":0.6551059730250481,
    "49":0.5703275529865126,
    "50":0.5703275529865126,
    "51":0.8015414258188824,
    "52":0.7784200385356455,
    "53":0.9171483622350673,
    "54":0.7630057803468208,
    "55":0.6936416184971098,
    "56":0.7244701348747592,
    "57":0.8400770712909442,
    "58":0.6628131021194605,
    "59":0.7013487475915222,
    "60":0.7090558766859345,
    "61":0.6088631984585742,
    "62":0.5780346820809248,
    "63":0.7707129094412332,
    "64":0.6859344894026975,
    "65":0.7938342967244703,
    "66":0.8246628131021194,
    "67":0.7784200385356455,
    "68":0.7244701348747592,
    "69":0.7630057803468208,
    "70":0.5703275529865126,
    "71":0.5934489402697496,
    "72":0.5472061657032755,
    "73":0.5626204238921002,
    "74":0.7090558766859345,
    "75":0.6551059730250481,
    "76":0.7707129094412332,
    "77":0.4547206165703276,
    "78":0.5934489402697496,
    "79":0.5317919075144508,
    "80":0.3853564547206166,
    "81":0.4547206165703276,
    "82":0.6473988439306358,
    "83":0.5394990366088632,
    "84":0.5394990366088632,
    "85":0.5086705202312138,
    "86":0.5317919075144508,
    "87":0.4547206165703276,
    "88":0.4855491329479769,
    "89":0.5009633911368016,
    "90":0.5009633911368016,
    "91":0.3853564547206166,
    "92":0.4547206165703276,
    "93":0.3853564547206166,
    "94":0.47013487475915217,
    "95":0.43930635838150295,
    "96":0.47784200385356457,
    "97":0.4315992292870906,
    "98":0.4855491329479769,
    "99":0.41618497109826585,
    "100":0.3853564547206166,
    "101":0.4547206165703276,
    "102":0.3699421965317919,
    "103":0.3005780346820809,
    "104":0.23121387283236997,
    "105":0.1926782273603083,
    "106":0.18497109826589594,
    "107":0.2235067437379576,
    "108":0.1926782273603083,
    "109":0.15414258188824664,
    "110":0.24662813102119463,
    "111":0.2003853564547206,
    "112":0.1926782273603083,
    "113":0.1464354527938343,
    "114":0.1926782273603083,
    "115":0.2003853564547206,
    "116":0.18497109826589594,
    "117":0.08477842003853565,
    "118":0.1001926782273603,
    "119":0.1695568400770713,
    "120":0.1926782273603083,
    "121":0.16184971098265896,
    "122":0.18497109826589594,
    "123":0.2003853564547206,
    "124":0.10789980732177265,
    "125":0.13102119460500963,
    "126":0.13102119460500963,
    "127":0.1464354527938343,
    "128":0.12331406551059731,
    "129":0.1001926782273603,
    "130":0.10789980732177265,
    "131":0.08477842003853565,
    "132":0.06165703275529866,
    "133":0.046242774566473986,
    "134":0.03853564547206166,
    "135":0.023121387283236993,
    "136":0.08477842003853565,
    "137":0.06936416184971098,
    "138":0.046242774566473986,
    "139":0.03853564547206166,
    "140":0.053949903660886325,
    "141":0.053949903660886325,
    "142":0.046242774566473986,
    "143":0.015414258188824664,
    "144":0.03082851637764933,
    "145":0.06165703275529866,
    "146":0.06165703275529866,
    "147":0.03082851637764933,
    "148":0.03853564547206166,
    "149":0.03853564547206166,
    "150":0.06165703275529866,
    "151":0.06165703275529866,
    "152":0.03853564547206166,
    "153":0.03853564547206166,
    "154":0.08477842003853565,
    "155":0.046242774566473986,
    "156":0.06165703275529866,
    "157":0.09248554913294797,
    "158":0.053949903660886325,
    "159":0.03082851637764933,
    "160":0.053949903660886325,
    "161":0.015414258188824664,
    "162":0.046242774566473986,
    "163":0.046242774566473986,
    "164":0.015414258188824664,
    "165":0.053949903660886325,
    "166":0.03082851637764933,
    "167":0.023121387283236993,
    "168":0.046242774566473986,
    "169":0.06165703275529866,
    "170":0.023121387283236993,
    "171":0.053949903660886325,
    "172":0.007707129094412332,
    "173":0.023121387283236993,
    "174":0.007707129094412332,
    "175":0.015414258188824664,
    "176":0.007707129094412332,
    "177":0.015414258188824664,
    "178":0.023121387283236993,
    "179":0.0,
    "180":0.023121387283236993,
    "181":0.015414258188824664,
    "182":0.015414258188824664,
    "183":0.03853564547206166,
    "184":0.007707129094412332,
    "185":0.023121387283236993,
    "186":0.0,
    "187":0.03853564547206166,
    "188":0.007707129094412332,
    "189":0.007707129094412332,
    "190":0.007707129094412332,
    "191":0.03082851637764933,
    "192":0.007707129094412332,
    "193":0.015414258188824664,
    "194":0.015414258188824664,
    "195":0.007707129094412332,
    "196":0.023121387283236993,
    "197":0.0,
    "198":0.007707129094412332,
    "199":0.007707129094412332,
    "200":0.03082851637764933,
    "201":0.0,
    "202":0.0,
    "203":0.0,
    "204":0.0,
    "205":0.0,
    "206":0.0,
    "207":0.007707129094412332,
    "208":0.0,
    "209":0.0,
    "210":0.0,
    "211":0.0,
    "212":0.0,
    "213":0.0,
    "214":0.0,
    "215":0.0,
    "216":0.0,
    "217":0.0,
    "218":0.0,
    "219":0.007707129094412332,
    "220":0.0,
    "221":0.0,
    "222":0.0,
    "223":0.0,
    "224":0.0,
    "225":0.0,
    "226":0.0,
    "227":0.0,
    "228":0.0,
    "229":0.0,
    "230":0.0,
    "231":0.0,
    "232":0.0,
    "233":0.0,
    "234":0.0,
    "235":0.0,
    "236":0.0,
    "237":0.0,
    "238":0.0,
    "239":0.0,
    "240":0.0,
    "241":0.0,
    "242":0.0,
    "243":0.0,
    "244":0.0,
    "245":0.0,
    "246":0.0,
    "247":0.0,
    "248":0.0,
    "249":0.0,
    "250":0.0,
    "251":0.0,
    "252":0.0,
    "253":0.0,
    "254":0.0,
    "255":0.0,
    "256":0.0,
    "257":0.0,
    "258":0.0,
    "259":0.0,
    "260":0.0,
    "261":0.0,
    "262":0.0,
    "263":0.0,
    "264":0.0,
    "265":0.0,
    "266":0.0,
    "267":0.0,
    "268":0.0,
    "269":0.0,
    "270":0.0,
    "271":0.0,
    "272":0.0,
    "273":0.0,
    "274":0.0,
    "275":0.0,
    "276":0.0,
    "277":0.0,
    "278":0.0,
    "279":0.0,
    "280":0.0,
    "281":0.0,
    "282":0.0,
    "283":0.0,
    "284":0.0,
    "285":0.0,
    "286":0.0,
    "287":0.0,
    "288":0.0,
    "289":0.0,
    "290":0.0,
    "291":0.0,
    "292":0.0,
    "293":0.0,
    "294":0.0,
    "295":0.0,
    "296":0.0,
    "297":0.0,
    "298":0.0,
    "299":0.0,
    "300":0.0,
    "301":0.0,
    "302":0.0,
    "303":0.0,
    "304":0.0,
    "305":0.0,
    "306":0.0,
    "307":0.0,
    "308":0.0,
    "309":0.0,
    "310":0.0,
    "311":0.0,
    "312":0.0,
    "313":0.0,
    "314":0.0,
    "315":0.0,
    "316":0.0,
    "317":0.0,
    "318":0.0,
    "319":0.0,
    "320":0.0,
    "321":0.0,
    "322":0.0,
    "323":0.0,
    "324":0.0,
    "325":0.0,
    "326":0.0,
    "327":0.007707129094412332,
    "328":0.0,
    "329":0.0,
    "330":0.0,