{
    "0":3.112537690886101,
    "1":0.301527088804591,
    "2":3.01527088804591,
    "3":3.2389845345783486,
    "4":2.2954965470284994,
    "5":2.1787763836202703,
    "6":1.964789417371851,
    "7":2.0036961385079275,
    "8":2.3344032681645754,
    "9":2.4803034724248616,
    "10":2.227409785040366,
    "11":2.6262036766851473,
    "12":2.6262036766851473,
    "13":2.402490030152709,
    "14":2.1204163019161557,
    "15":1.993969458223908,
    "16":1.527088804590993,
    "17":1.536815484875012,
    "18":1.235288396070421,
    "19":0.8364945044256396,
    "20":0.8462211847096587,
    "21":0.9532146678338684,
    "22":0.5349674156210485,
    "23":0.6322342184612392,
    "24":0.6614142593132963,
    "25":0.6419608987452583,
    "26":0.6711409395973155,
    "27":0.6225075381772202,
    "28":0.7489543818694679,
    "29":0.8851279058457349,
    "30":0.6419608987452583,
    "31":0.7489543818694679,
    "32":0.612780857893201,
    "33":0.6905943001653535,
    "34":0.758681062153487,
    "35":0.6225075381772202,
    "36":0.7197743410174108,
    "37":0.5641474564731057,
    "38":0.7197743410174108,
    "39":0.6808676198813345,
    "40":0.7003209804493726,
    "41":0.7295010213014298,
    "42":0.7197743410174108,
    "43":0.9045812664137729,
    "44":0.6419608987452583,
    "45":0.6516875790292773,
    "46":0.7100476607333918,
    "47":0.7003209804493726,
    "48":0.5641474564731057,
    "49":0.48633401420095324,
    "50":0.5738741367571248,
    "51":0.5252407353370294,
    "52":0.4766073339169342,
    "53":0.46688065363291503,
    "54":0.34043380994066724,
    "55":0.4377006127808579,
    "56":0.42797393249683885,
    "57":0.3112537690886101,
    "58":0.457153973348896,
    "59":0.44742729306487694,
    "60":0.5057873747689914,
    "61":0.48633401420095324,
    "62":0.3793405310767435,
    "63":0.42797393249683885,
    "64":0.33070712965664817,
    "65":0.36961385079272446,
    "66":0.36961385079272446,
    "67":0.3890672113607626,
    "68":0.3890672113607626,
    "69":0.3987938916447816,
    "70":0.3112537690886101,
    "71":0.2528936873844957,
    "72":0.2626203676685147,
    "73":0.3501604902246863,
    "74":0.29180040852057193,
    "75":0.23344032681645752,
    "76":0.33070712965664817,
    "77":0.22371364653243847,
    "78":0.34043380994066724,
    "79":0.3598871705087054,
    "80":0.23344032681645752,
    "81":0.20426028596440038,
    "82":0.16535356482832408,
    "83":0.17508024511234316,
    "84":0.22371364653243847,
    "85":0.33070712965664817,
    "86":0.16535356482832408,
    "87":0.23344032681645752,
    "88":0.22371364653243847,
    "89":0.23344032681645752,
    "90":0.21398696624841942,
    "91":0.15562688454430504,
    "92":0.1361735239762669,
    "93":0.10699348312420971,
    "94":0.24316700710047662,
    "95":0.1945336056803813,
    "96":0.20426028596440038,
    "97":0.21398696624841942,
    "98":0.2528936873844957,
    "99":0.23344032681645752,
    "100":0.21398696624841942,
    "101":0.24316700710047662,
    "102":0.22371364653243847,
    "103":0.23344032681645752,
    "104":0.15562688454430504,
    "105":0.08754012255617158,
    "106":0.09726680284019065,
    "107":0.10699348312420971,
    "108":0.09726680284019065,
    "109":0.17508024511234316,
    "110":0.15562688454430504,
    "111":0.08754012255617158,
    "112":0.17508024511234316,
    "113":0.10699348312420971,
    "114":0.1361735239762669,
    "115":0.21398696624841942,
    "116":0.16535356482832408,
    "117":0.2528936873844957,
    "118":0.20426028596440038,
    "119":0.1945336056803813,
    "120":0.17508024511234316,
    "121":0.16535356482832408,
    "122":0.17508024511234316,
    "123":0.12644684369224785,
    "124":0.16535356482832408,
    "125":0.20426028596440038,
    "126":0.1945336056803813,
    "127":0.16535356482832408,
    "128":0.24316700710047662,
    "129":0.21398696624841942,
    "130":0.23344032681645752,
    "131":0.23344032681645752,
    "132":0.08754012255617158,
    "133":0.12644684369224785,
    "134":0.20426028596440038,
    "135":0.24316700710047662,
    "136":0.11672016340822876,
    "137":0.12644684369224785,
    "138":0.15562688454430504,
    "139":0.18480692539636223,
    "140":0.21398696624841942,
    "141":0.21398696624841942,
    "142":0.11672016340822876,
    "143":0.1945336056803813,
    "144":0.12644684369224785,
    "145":0.14590020426028597,
    "146":0.10699348312420971,
    "147":0.1945336056803813,
    "148":0.15562688454430504,
    "149":0.21398696624841942,
    "150":0.16535356482832408,
    "151":0.17508024511234316,
    "152":0.10699348312420971,
    "153":0.10699348312420971,
    "154":0.12644684369224785,
    "155":0.12644684369224785,
    "156":0.1945336056803813,
    "157":0.18480692539636223,
    "158":0.14590020426028597,
    "159":0.15562688454430504,
    "160":0.17508024511234316,
    "161":0.07781344227215252,
    "162":0.048633401420095326,
    "163":0.22371364653243847,
    "164":0.09726680284019065,
    "165":0.1945336056803813,
    "166":0.18480692539636223,
    "167":0.14590020426028597,
    "168":0.07781344227215252,
    "169":0.1361735239762669,
    "170":0.07781344227215252,
    "171":0.05836008170411438,
    "172":0.11672016340822876,
    "173":0.10699348312420971,
    "174":0.06808676198813345,
    "175":0.09726680284019065,
    "176":0.15562688454430504,
    "177":0.14590020426028597,
    "178":0.1361735239762669,
    "179":0.15562688454430504,
    "180":0.08754012255617158,
    "181":0.1361735239762669,
    "182":0.08754012255617158,
    "183":0.14590020426028597,
    "184":0.11672016340822876,
    "185":0.15562688454430504,
    "186":0.18480692539636223,
    "187":0.10699348312420971,
    "188":0.07781344227215252,
    "189":0.08754012255617158,
    "190":0.11672016340822876,
    "191":0.1361735239762669,
    "192":0.06808676198813345,
    "193":0.11672016340822876,
    "194":0.06808676198813345,
    "195":0.10699348312420971,
    "196":0.048633401420095326,
    "197":0.07781344227215252,
    "198":0.1361735239762669,
    "199":0.02918004085205719,
    "200":0.10699348312420971,
    "201":0.07781344227215252,
    "202":0.10699348312420971,
    "203":0.09726680284019065,
    "204":0.09726680284019065,
    "205":0.08754012255617158,
    "206":0.11672016340822876,
    "207":0.12644684369224785,
    "208":0.10699348312420971,
    "209":0.07781344227215252,
    "210":0.11672016340822876,
    "211":0.11672016340822876,
    "212":0.07781344227215252,
    "213":0.02918004085205719,
    "214":0.06808676198813345,
    "215":0.11672016340822876,
    "216":0.08754012255617158,
    "217":0.07781344227215252,
    "218":0.09726680284019065,
    "219":0.07781344227215252,
    "220":0.09726680284019065,
    "221":0.06808676198813345,
    "222":0.07781344227215252,
    "223":0.07781344227215252,
    "224":0.06808676198813345,
    "225":0.12644684369224785,
    "226":0.03890672113607626,
    "227":0.06808676198813345,
    "228":0.12644684369224785,
    "229":0.07781344227215252,
    "230":0.11672016340822876,
    "231":0.03890672113607626,
    "232":0.11672016340822876,
    "233":0.09726680284019065,
    "234":0.08754012255617158,
    "235":0.03890672113607626,
    "236":0.08754012255617158,
    "237":0.03890672113607626,
    "238":0.03890672113607626,
    "239":0.08754012255617158,
    "240":0.07781344227215252,
    "241":0.06808676198813345,
    "242":0.048633401420095326,
    "243":0.07781344227215252,
    "244":0.03890672113607626,
    "245":0.05836008170411438,
    "246":0.06808676198813345,
    "247":0.048633401420095326,
    "248":0.05836008170411438,
    "249":0.048633401420095326,
    "250":0.02918004085205719,
    "251":0.048633401420095326,
    "252":0.05836008170411438,
    "253":0.06808676198813345,
    "254":0.048633401420095326,
    "255":0.09726680284019065,
    "256":0.05836008170411438,
    "257":0.009726680284019065,
    "258":0.05836008170411438,
    "259":0.08754012255617158,
    "260":0.048633401420095326,
    "261":0.048633401420095326,
    "262":0.01945336056803813,
    "263":0.048633401420095326,