{
    "0":[
        [
            -19.917754129048152,
            -43.94687258109625
        ]
    ],
    "1":[
        [
            -19.91970729388848,
            -43.94354220156494
        ]
    ],
    "2":[
        [
            -19.922103537826075,
            -43.936781980745224
        ]
    ],
    "3":[
        [
            -19.921160105258668,
            -43.94715183786414
        ]
    ],
    "4":[
        [
            -19.921910847114912,
            -43.94247978965854
        ]
    ],
    "5":[
        [
            -19.91768441443019,
            -43.94549226940073
        ]
    ],
    "6":[
        [
            -19.91778220183213,
            -43.934887715278826
        ]
    ],
    "7":[
        [
            -19.914985414614783,
            -43.94331413984541
        ]
    ],
    "8":[
        [
            -19.92557348019814,
            -43.94980926735719
        ]
    ],
    "9":[
        [
            -19.920472861772737,
            -43.94906483545472
        ]
    ],
    "total_length":0.0,
    "work_total":937697.6736248101
}