{
    "0":2.836411609498681,
    "1":2.786939313984169,
    "2":0.04947229551451188,
    "3":3.3476253298153034,
    "4":3.5290237467018466,
    "5":2.424142480211082,
    "6":1.4511873350923483,
    "7":1.8634564643799472,
    "8":2.1932717678100264,
    "9":2.2757255936675462,
    "10":2.1108179419525066,
    "11":2.440633245382586,
    "12":1.8799472295514512,
    "13":1.682058047493404,
    "14":2.2097625329815305,
    "15":1.7810026385224276,
    "16":1.8964379947229553,
    "17":1.632585751978892,
    "18":1.3192612137203166,
    "19":1.550131926121372,
    "20":1.4017150395778364,
    "21":1.170844327176781,
    "22":1.0554089709762533,
    "23":1.2862796833773087,
    "24":1.220316622691293,
    "25":1.0059366754617414,
    "26":1.3357519788918204,
    "27":1.1378627968337731,
    "28":1.154353562005277,
    "29":0.8905013192612138,
    "30":1.0059366754617414,
    "31":1.121372031662269,
    "32":1.2532981530343008,
    "33":1.4017150395778364,
    "34":1.1873350923482848,
    "35":0.8575197889182058,
    "36":1.2862796833773087,
    "37":1.170844327176781,
    "38":1.2038258575197889,
    "39":1.3192612137203166,
    "40":1.170844327176781,
    "41":0.9564643799472295,
    "42":1.0883905013192612,
    "43":1.0718997361477574,
    "44":1.121372031662269,
    "45":0.8080474934036939,
    "46":0.9564643799472295,
    "47":0.9894459102902375,
    "48":0.9399736147757256,
    "49":0.9069920844327176,
    "50":0.6926121372031662,
    "51":0.7091029023746702,
    "52":0.8740105540897097,
    "53":0.6266490765171504,
    "54":0.7420844327176781,
    "55":0.6596306068601583,
    "56":0.6431398416886543,
    "57":0.6101583113456465,
    "58":0.5441952506596306,
    "59":0.5936675461741424,
    "60":0.5112137203166227,
    "61":0.5112137203166227,
    "62":0.379287598944591,
    "63":0.6761213720316622,
    "64":0.4782321899736148,
    "65":0.4452506596306069,
    "66":0.5112137203166227,
    "67":0.2968337730870712,
    "68":0.5112137203166227,
    "69":0.4452506596306069,
    "70":0.5441952506596306,
    "71":0.379287598944591,
    "72":0.32981530343007914,
    "73":0.32981530343007914,
    "74":0.32981530343007914,
    "75":0.32981530343007914,
    "76":0.2638522427440633,
    "77":0.3463060686015831,
    "78":0.1978891820580475,
    "79":0.2638522427440633,
    "80":0.32981530343007914,
    "81":0.18139841688654354,
    "82":0.06596306068601583,
    "83":0.09894459102902375,
    "84":0.1484168865435356,
    "85":0.3463060686015831,
    "86":0.28034300791556727,
    "87":0.21437994722955145,
    "88":0.16490765171503957,
    "89":0.2638522427440633,
    "90":0.11543535620052771,
    "91":0.09894459102902375,
    "92":0.08245382585751979,
    "93":0.016490765171503958,
    "94":0.032981530343007916,
    "95":0.13192612137203166,
    "96":0.09894459102902375,
    "97":0.06596306068601583,
    "98":0.16490765171503957,
    "99":0.08245382585751979,
    "100":0.032981530343007916,
    "101":0.13192612137203166,
    "102":0.11543535620052771,
    "103":0.04947229551451188,
    "104":0.09894459102902375,
    "105":0.032981530343007916,
    "106":0.04947229551451188,
    "107":0.08245382585751979,
    "108":0.08245382585751979,
    "109":0.016490765171503958,
    "110":0.04947229551451188,
    "111":0.08245382585751979,
    "112":0.016490765171503958,
    "113":0.06596306068601583,
    "114":0.04947229551451188,
    "115":0.06596306068601583,
    "116":0.016490765171503958,
    "117":0.06596306068601583,
    "118":0.06596306068601583,
    "119":0.016490765171503958,
    "120":0.016490765171503958,
    "121":0.04947229551451188,
    "122":0.032981530343007916,
    "123":0.032981530343007916,
    "124":0.04947229551451188,
    "125":0.08245382585751979,
    "126":0.06596306068601583,
    "127":0.0,
    "128":0.06596306068601583,
    "129":0.04947229551451188,
    "130":0.04947229551451188,
    "131":0.06596306068601583,
    "132":0.08245382585751979,
    "133":0.016490765171503958,
    "134":0.032981530343007916,
    "135":0.0,
    "136":0.016490765171503958,
    "137":0.032981530343007916,
    "138":0.032981530343007916,
    "139":0.08245382585751979,
    "140":0.04947229551451188,
    "141":0.09894459102902375,
    "142":0.016490765171503958,
    "143":0.016490765171503958,
    "144":0.1484168865435356,
    "145":0.08245382585751979,
    "146":0.032981530343007916,
    "147":0.04947229551451188,
    "148":0.04947229551451188,
    "149":0.04947229551451188,
    "150":0.016490765171503958,
    "151":0.06596306068601583,
    "152":0.032981530343007916,
    "153":0.09894459102902375,
    "154":0.04947229551451188,
    "155":0.06596306068601583,
    "156":0.08245382585751979,
    "157":0.04947229551451188,
    "158":0.04947229551451188,
    "159":0.032981530343007916,
    "160":0.0,
    "161":0.06596306068601583,
    "162":0.04947229551451188,
    "163":0.06596306068601583,
    "164":0.09894459102902375,
    "165":0.04947229551451188,
    "166":0.06596306068601583,
    "167":0.016490765171503958,
    "168":0.016490765171503958,
    "169":0.032981530343007916,
    "170":0.0,
    "171":0.04947229551451188,
    "172":0.016490765171503958,
    "173":0.016490765171503958,
    "174":0.04947229551451188,
    "175":0.032981530343007916,
    "176":0.032981530343007916,
    "177":0.032981530343007916,
    "178":0.06596306068601583,
    "179":0.06596306068601583,
    "180":0.032981530343007916,
    "181":0.09894459102902375,
    "182":0.016490765171503958,
    "183":0.0,
    "184":0.032981530343007916,
    "185":0.06596306068601583,
    "186":0.11543535620052771,
    "187":0.08245382585751979,
    "188":0.016490765171503958,
    "189":0.11543535620052771,
    "190":0.032981530343007916,
    "191":0.0,
    "192":0.032981530343007916,
    "193":0.016490765171503958,
    "194":0.0,
    "195":0.04947229551451188,
    "196":0.032981530343007916,
    "197":0.016490765171503958,
    "198":0.06596306068601583,
    "199":0.032981530343007916,
    "200":0.06596306068601583,
    "201":0.032981530343007916,
    "202":0.016490765171503958,
    "203":0.032981530343007916,
    "204":0.032981530343007916,
    "205":0.06596306068601583,
    "206":0.016490765171503958,
    "207":0.09894459102902375,
    "208":0.032981530343007916,
    "209":0.016490765171503958,
    "210":0.0,
    "211":0.04947229551451188,
    "212":0.09894459102902375,
    "213":0.016490765171503958,
    "214":0.032981530343007916,
    "215":0.016490765171503958,
    "216":0.06596306068601583,
    "217":0.04947229551451188,
    "218":0.06596306068601583,
    "219":0.06596306068601583,
    "220":0.06596306068601583,
    "221":0.016490765171503958,
    "222":0.032981530343007916,
    "223":0.0,
    "224":0.06596306068601583,
    "225":0.016490765171503958,
    "226":0.032981530343007916,
    "227":0.06596306068601583,
    "228":0.016490765171503958,
    "229":0.016490765171503958,
    "230":0.016490765171503958,
    "231":0.18139841688654354,
    "232":0.016490765171503958,
    "233":0.016490765171503958,
    "234":0.016490765171503958,
    "235":0.04947229551451188,
    "236":0.032981530343007916,
    "237":0.016490765171503958,
    "238":0.11543535620052771,
    "239":0.016490765171503958,
    "240":0.04947229551451188,
    "241":0.032981530343007916,
    "242":0.0,
    "243":0.016490765171503958,
    "244":0.032981530343007916,
    "245":0.032981530343007916,
    "246":0.04947229551451188,
    "247":0.04947229551451188,
    "248":0.016490765171503958,
    "249":0.016490765171503958,
    "250":0.016490765171503958,
    "251":0.04947229551451188,
    "252":0.032981530343007916,
    "253":0.016490765171503958,
    "254":0.016490765171503958,
    "255":0.04947229551451188,
    "256":0.016490765171503958,
    "257":0.06596306068601583,
    "258":0.032981530343007916,
    "259":0.08245382585751979,
    "260":0.016490765171503958,
    "261":0.032981530343007916,
    "262":0.032981530343007916,
    "263":0.032981530343007916,
    "264":0.06596306068601583,
    "265":0.016490765171503958,
    "266":0.04947229551451188,