{
    "0":3.6335804060586527,
    "1":0.9909764743796327,
    "2":2.126973896229455,
    "3":2.9245891073155015,
    "4":4.769577827908476,
    "5":4.5198195294875925,
    "6":3.867225265871737,
    "7":3.4885594585884623,
    "8":1.90944247502417,
    "9":1.4743796326135996,
    "10":1.7402513696422817,
    "11":1.6838543345149855,
    "12":1.2568482114083144,
    "13":1.4018691588785046,
    "14":1.8772155978085723,
    "15":1.9013857557202707,
    "16":1.6757976152110858,
    "17":1.659684176603287,
    "18":1.6516274572993876,
    "19":1.5468901063486948,
    "20":1.3293586851434096,
    "21":1.2487914921044152,
    "22":1.6919110538188848,
    "23":1.4099258781824042,
    "24":1.7160812117305833,
    "25":1.6838543345149855,
    "26":1.3615855623590074,
    "27":1.2085078955849178,
    "28":1.0554302288108282,
    "29":1.0393167902030291,
    "30":1.2165646148888174,
    "31":0.9506928778601353,
    "32":1.1118272639381244,
    "33":1.0393167902030291,
    "34":0.9909764743796327,
    "35":0.9587495971640347,
    "36":0.8862391234289397,
    "37":0.7976152110860458,
    "38":0.8701256848211408,
    "39":0.999033193683532,
    "40":0.6445375443119562,
    "41":0.6848211408314534,
    "42":0.6284241057041572,
    "43":0.7331614566548502,
    "44":0.6364808250080567,
    "45":0.58814050918466,
    "46":0.5961972284885595,
    "47":0.5398001933612633,
    "48":0.5236867547534644,
    "49":0.40283596519497267,
    "50":0.499516596841766,
    "51":0.41894940380277146,
    "52":0.410892684498872,
    "53":0.499516596841766,
    "54":0.36255236867547536,
    "55":0.34643893006767645,
    "56":0.42700612310667097,
    "57":0.4914598775378666,
    "58":0.39477924589107316,
    "59":0.5075733161456655,
    "60":0.338382210763777,
    "61":0.40283596519497267,
    "62":0.41894940380277146,
    "63":0.2658717370286819,
    "64":0.3061553335481792,
    "65":0.20947470190138573,
    "66":0.23364485981308408,
    "67":0.1853045439896874,
    "68":0.19336126329358685,
    "69":0.2175314212052852,
    "70":0.2255881405091847,
    "71":0.34643893006767645,
    "72":0.2658717370286819,
    "73":0.29004189494038024,
    "74":0.20141798259748633,
    "75":0.1369642281662907,
    "76":0.17724782468578795,
    "77":0.1853045439896874,
    "78":0.23364485981308408,
    "79":0.24170157911698356,
    "80":0.16113438607798905,
    "81":0.20141798259748633,
    "82":0.29004189494038024,
    "83":0.2175314212052852,
    "84":0.1853045439896874,
    "85":0.16113438607798905,
    "86":0.14502094747019012,
    "87":0.2658717370286819,
    "88":0.19336126329358685,
    "89":0.338382210763777,
    "90":0.2255881405091847,
    "91":0.24170157911698356,
    "92":0.20947470190138573,
    "93":0.16113438607798905,
    "94":0.1853045439896874,
    "95":0.2255881405091847,
    "96":0.14502094747019012,
    "97":0.3061553335481792,
    "98":0.14502094747019012,
    "99":0.24170157911698356,
    "100":0.2255881405091847,
    "101":0.17724782468578795,
    "102":0.1691911053818885,
    "103":0.19336126329358685,
    "104":0.1853045439896874,
    "105":0.14502094747019012,
    "106":0.19336126329358685,
    "107":0.14502094747019012,
    "108":0.12085078955849178,
    "109":0.1853045439896874,
    "110":0.14502094747019012,
    "111":0.24170157911698356,
    "112":0.17724782468578795,
    "113":0.16113438607798905,
    "114":0.1691911053818885,
    "115":0.1369642281662907,
    "116":0.12890750886239125,
    "117":0.1369642281662907,
    "118":0.11279407025459234,
    "119":0.16113438607798905,
    "120":0.16113438607798905,
    "121":0.12890750886239125,
    "122":0.09668063164679343,
    "123":0.14502094747019012,
    "124":0.12085078955849178,
    "125":0.09668063164679343,
    "126":0.1853045439896874,
    "127":0.1369642281662907,
    "128":0.12085078955849178,
    "129":0.07251047373509506,
    "130":0.08056719303899453,
    "131":0.1853045439896874,
    "132":0.11279407025459234,
    "133":0.09668063164679343,
    "134":0.16113438607798905,
    "135":0.06445375443119562,
    "136":0.12890750886239125,
    "137":0.09668063164679343,
    "138":0.11279407025459234,
    "139":0.07251047373509506,
    "140":0.1853045439896874,
    "141":0.1369642281662907,
    "142":0.1853045439896874,
    "143":0.07251047373509506,
    "144":0.09668063164679343,
    "145":0.11279407025459234,
    "146":0.08862391234289398,
    "147":0.1369642281662907,
    "148":0.12890750886239125,
    "149":0.06445375443119562,
    "150":0.14502094747019012,
    "151":0.08056719303899453,
    "152":0.07251047373509506,
    "153":0.08056719303899453,
    "154":0.07251047373509506,
    "155":0.08056719303899453,
    "156":0.06445375443119562,
    "157":0.11279407025459234,
    "158":0.04028359651949726,
    "159":0.08056719303899453,
    "160":0.04028359651949726,
    "161":0.04028359651949726,
    "162":0.04028359651949726,
    "163":0.07251047373509506,
    "164":0.048340315823396714,
    "165":0.06445375443119562,
    "166":0.008056719303899453,
    "167":0.06445375443119562,
    "168":0.04028359651949726,
    "169":0.04028359651949726,
    "170":0.03222687721559781,
    "171":0.09668063164679343,
    "172":0.08056719303899453,
    "173":0.03222687721559781,
    "174":0.04028359651949726,
    "175":0.08056719303899453,
    "176":0.08862391234289398,
    "177":0.05639703512729617,
    "178":0.048340315823396714,
    "179":0.024170157911698357,
    "180":0.024170157911698357,
    "181":0.04028359651949726,
    "182":0.04028359651949726,
    "183":0.03222687721559781,
    "184":0.03222687721559781,
    "185":0.048340315823396714,
    "186":0.05639703512729617,
    "187":0.03222687721559781,
    "188":0.016113438607798906,
    "189":0.04028359651949726,
    "190":0.09668063164679343,
    "191":0.008056719303899453,
    "192":0.008056719303899453,
    "193":0.016113438607798906,
    "194":0.008056719303899453,
    "195":0.016113438607798906,
    "196":0.016113438607798906,
    "197":0.0,
    "198":0.008056719303899453,
    "199":0.016113438607798906,
    "200":0.0,
    "201":0.0,
    "202":0.008056719303899453,
    "203":0.024170157911698357,
    "204":0.008056719303899453,
    "205":0.016113438607798906,
    "206":0.024170157911698357,
    "207":0.024170157911698357,
    "208":0.0,
    "209":0.0,
    "210":0.03222687721559781,
    "211":0.008056719303899453,
    "212":0.008056719303899453,
    "213":0.016113438607798906,
    "214":0.008056719303899453,
    "215":0.008056719303899453,
    "216":0.008056719303899453,
    "217":0.024170157911698357,
    "218":0.008056719303899453,
    "219":0.024170157911698357,
    "220":0.008056719303899453,
    "221":0.024170157911698357,
    "222":0.024170157911698357,
    "223":0.008056719303899453,
    "224":0.024170157911698357,
    "225":0.0,
    "226":0.024170157911698357,
    "227":0.0,
    "228":0.0,
    "229":0.0,
    "230":0.024170157911698357,
    "231":0.008056719303899453,
    "232":0.016113438607798906,
    "233":0.0,
    "234":0.008056719303899453,
    "235":0.008056719303899453,
    "236":0.03222687721559781,
    "237":0.016113438607798906,
    "238":0.0,
    "239":0.008056719303899453,
    "240":0.008056719303899453,
    "241":0.016113438607798906,
    "242":0.016113438607798906,
    "243":0.016113438607798906,
    "244":0.008056719303899453,
    "245":0.016113438607798906,
    "246":0.0,
    "247":0.008056719303899453,
    "248":0.008056719303899453,
    "249":0.016113438607798906,
    "250":0.024170157911698357,
    "251":0.008056719303899453,
    "252":0.008056719303899453,
    "253":0.0,
    "254":0.024170157911698357,
    "255":0.0,
    "256":0.008056719303899453,
    "257":0.016113438607798906,
    "258":0.016113438607798906,
    "259":0.03222687721559781,
    "260":0.008056719303899453,
    "261":0.008056719303899453,
    "262":0.0,
    "263":0.0,
    "264":0.024170157911698357,
    "265":0.0,
    "266":0.0,
    "267":0.0,
    "268":0.0,
    "269":0.0,
    "270":0.0,
    "271":0.008056719303899453,
    "272":0.008056719303899453,
    "273":0.0,
    "274":0.0,