{
    "0":[
        [
            -19.922239214532926,
            -43.95021758917505
        ]
    ],
    "1":[
        [
            -19.92091784248869,
            -43.94730996147586
        ]
    ],
    "2":[
        [
            -19.916970951871814,
            -43.94233150500681
        ]
    ],
    "3":[
        [
            -19.930724838240405,
            -43.93965981539186
        ]
    ],
    "4":[
        [
            -19.915049264605926,
            -43.95267779776494
        ]
    ],
    "5":[
        [
            -19.9347478386792,
            -43.945477096768315
        ]
    ],
    "6":[
        [
            -19.928321749722077,
            -43.94428102371665
        ]
    ],
    "7":[
        [
            -19.91931274831628,
            -43.95022818621767
        ]
    ],
    "8":[
        [
            -19.925360484087843,
            -43.943582966955404
        ]
    ],
    "9":[
        [
            -19.92052573908828,
            -43.94270662584984
        ]
    ],
    "path":[
        [
            300000000001,
            4682305708,
            35927179,
            4524776811,
            35927174,
            8075786764,
            60649313,
            8075786774,
            60649312,
            300000000002
        ],
        [
            300000000002,
            4529894153,
            35763630,
            35763629,
            5041851257,
            27563807,
            5209322507,
            5209322506,
            5209322508,
            5266180690,
            1288421512,
            35761785,
            2388312350,
            36417901,
            993654854,
            8427322977,
            318607364,
            35968164,
            2625428122,
            5041851254,
            2625428125,
            35968161,
            35968159,
            300000000009
        ],
        [
            300000000009,
            50923643,
            35968156,
            29096742,
            29096580,
            300000000007
        ],
        [
            300000000007,
            29096580,
            36417197,
            36417196,
            36417193,
            36417194,
            2855674809,
            35968140,
            2837025401,
            2918628202,
            2918622402,
            2878237901,
            2941234597,
            300000000004
        ],
        [
            300000000004,
            2941234597,
            2878237901,
            2918622402,
            2887596101,
            2919152001,
            2316604343,
            29096295,
            7838325445,
            2827321102,
            8214643606,
            2827341101,
            2826173702,
            29096247,
            8278346183,
            5266933644,
            8289393835,
            300000000006
        ],
        [
            300000000006,
            2827981501,
            2827981702,
            2367778796,
            31899387,
            2367778809,
            31899385,
            31899372,
            29095074,
            29096191,
            2367908562,
            2367908563,
            29096287,
            36417207,
            36417206,
            2973310934,
            2827361001,
            2826419901,
            28801018,
            2828035001,
            8269807082,
            60649397,
            6913922194,
            41416519,
            994509612,
            28635039,
            1288421492,
            8427322969,
            993654854,
            8427322977,
            318607364,
            35968164,
            2625428120,
            1288421458,
            27563808,
            35761801,
            993654841,
            2388312354,
            32448885,
            2388312352,
            32449062,
            5041859080,
            32448873,
            5041879430,
            994509664,
            35927104,
            5041879421,
            354123349,
            29544285,
            1342749702,
            2907979202,
            29096159,
            7283893472,
            6407955805,
            6407949749,
            6407949750,
            29096549,
            35927123,
            6407955807,
            300000000003
        ],
        [
            300000000003,
            29145510,
            35930993,
            29096564,
            29160459,
            60652038,
            28794428,
            29095772,
            2309508183,
            28794420,
            4894306911,
            29095393,
            29095022,
            300000000008
        ],
        [
            300000000008,
            29095022,
            29154964,
            2309791755,
            27685728,
            27685726,
            27685721,
            27685706,
            2279592753,
            38428099,
            2918973202,
            8237250125,
            38428097,
            61785362,
            300000000005
        ],
        [
            300000000005,
            61785362,
            2314391082,
            31890888,
            31890891,
            31890893,
            31890993,
            31890998,
            8269122580,
            60649322,
            60649323,
            4524776810,
            29096835,
            29124051,
            35930990,
            29145507,
            1487183486,
            3735388259,
            35927108,
            3028162733,
            5208097256,
            300000000010
        ]
    ],
    "work_total":1403446.162807214
}