{
    "0":1.18801652892562,
    "1":0.9727961432506886,
    "2":1.1794077134986225,
    "3":1.2052341597796143,
    "4":2.660123966942149,
    "5":3.1508264462809916,
    "6":2.7289944903581267,
    "7":2.1177685950413223,
    "8":1.6270661157024795,
    "9":1.6959366391184574,
    "10":1.4634986225895317,
    "11":1.618457300275482,
    "12":1.6098484848484849,
    "13":1.299931129476584,
    "14":1.5495867768595042,
    "15":1.5754132231404958,
    "16":1.721763085399449,
    "17":1.334366391184573,
    "18":1.5151515151515151,
    "19":1.4290633608815428,
    "20":1.5840220385674932,
    "21":1.5840220385674932,
    "22":1.506542699724518,
    "23":1.3860192837465564,
    "24":1.3085399449035813,
    "25":1.265495867768595,
    "26":1.3774104683195594,
    "27":1.2138429752066116,
    "28":1.1707988980716253,
    "29":1.2568870523415978,
    "30":1.1966253443526171,
    "31":1.0674931129476584,
    "32":1.1707988980716253,
    "33":1.0588842975206612,
    "34":0.981404958677686,
    "35":1.1966253443526171,
    "36":1.0072314049586777,
    "37":1.3257575757575757,
    "38":0.7920110192837466,
    "39":0.8867079889807162,
    "40":0.9039256198347106,
    "41":0.9555785123966941,
    "42":0.9986225895316805,
    "43":1.024449035812672,
    "44":0.9297520661157025,
    "45":0.8178374655647382,
    "46":0.7403581267217632,
    "47":1.0416666666666665,
    "48":0.7834022038567492,
    "49":0.7661845730027549,
    "50":1.1019283746556474,
    "51":1.015840220385675,
    "52":0.912534435261708,
    "53":1.09331955922865,
    "54":0.7145316804407714,
    "55":0.8178374655647382,
    "56":0.8436639118457301,
    "57":0.7661845730027549,
    "58":0.7489669421487604,
    "59":0.8264462809917356,
    "60":0.6198347107438017,
    "61":0.5595730027548209,
    "62":0.6542699724517906,
    "63":0.7575757575757576,
    "64":0.456267217630854,
    "65":0.7145316804407714,
    "66":0.490702479338843,
    "67":0.5165289256198348,
    "68":0.46487603305785125,
    "69":0.5079201101928374,
    "70":0.5165289256198348,
    "71":0.4734848484848485,
    "72":0.46487603305785125,
    "73":0.42183195592286504,
    "74":0.46487603305785125,
    "75":0.456267217630854,
    "76":0.4820936639118457,
    "77":0.49931129476584024,
    "78":0.5165289256198348,
    "79":0.4046143250688705,
    "80":0.3013085399449036,
    "81":0.43044077134986225,
    "82":0.3701790633608816,
    "83":0.3271349862258953,
    "84":0.27548209366391185,
    "85":0.3271349862258953,
    "86":0.27548209366391185,
    "87":0.2066115702479339,
    "88":0.3615702479338843,
    "89":0.2840909090909091,
    "90":0.2668732782369146,
    "91":0.2926997245179063,
    "92":0.2066115702479339,
    "93":0.24965564738292012,
    "94":0.23243801652892562,
    "95":0.1893939393939394,
    "96":0.18078512396694216,
    "97":0.23243801652892562,
    "98":0.1893939393939394,
    "99":0.14634986225895316,
    "100":0.13774104683195593,
    "101":0.12052341597796143,
    "102":0.1291322314049587,
    "103":0.17217630853994492,
    "104":0.10330578512396695,
    "105":0.08608815426997246,
    "106":0.12052341597796143,
    "107":0.16356749311294766,
    "108":0.13774104683195593,
    "109":0.1119146005509642,
    "110":0.0946969696969697,
    "111":0.10330578512396695,
    "112":0.10330578512396695,
    "113":0.16356749311294766,
    "114":0.10330578512396695,
    "115":0.13774104683195593,
    "116":0.13774104683195593,
    "117":0.13774104683195593,
    "118":0.1291322314049587,
    "119":0.08608815426997246,
    "120":0.0946969696969697,
    "121":0.15495867768595042,
    "122":0.08608815426997246,
    "123":0.10330578512396695,
    "124":0.16356749311294766,
    "125":0.0946969696969697,
    "126":0.08608815426997246,
    "127":0.1291322314049587,
    "128":0.08608815426997246,
    "129":0.0946969696969697,
    "130":0.060261707988980714,
    "131":0.1119146005509642,
    "132":0.10330578512396695,
    "133":0.0946969696969697,
    "134":0.0946969696969697,
    "135":0.0946969696969697,
    "136":0.1119146005509642,
    "137":0.07747933884297521,
    "138":0.08608815426997246,
    "139":0.0946969696969697,
    "140":0.13774104683195593,
    "141":0.060261707988980714,
    "142":0.07747933884297521,
    "143":0.03443526170798898,
    "144":0.08608815426997246,
    "145":0.06887052341597796,
    "146":0.06887052341597796,
    "147":0.07747933884297521,
    "148":0.025826446280991736,
    "149":0.060261707988980714,
    "150":0.03443526170798898,
    "151":0.04304407713498623,
    "152":0.08608815426997246,
    "153":0.025826446280991736,
    "154":0.05165289256198347,
    "155":0.12052341597796143,
    "156":0.08608815426997246,
    "157":0.05165289256198347,
    "158":0.07747933884297521,
    "159":0.04304407713498623,
    "160":0.1119146005509642,
    "161":0.06887052341597796,
    "162":0.05165289256198347,
    "163":0.08608815426997246,
    "164":0.07747933884297521,
    "165":0.03443526170798898,
    "166":0.06887052341597796,
    "167":0.05165289256198347,
    "168":0.05165289256198347,
    "169":0.0946969696969697,
    "170":0.01721763085399449,
    "171":0.04304407713498623,
    "172":0.025826446280991736,
    "173":0.01721763085399449,
    "174":0.05165289256198347,
    "175":0.01721763085399449,
    "176":0.0,
    "177":0.01721763085399449,
    "178":0.06887052341597796,
    "179":0.03443526170798898,
    "180":0.05165289256198347,
    "181":0.04304407713498623,
    "182":0.06887052341597796,
    "183":0.008608815426997245,
    "184":0.025826446280991736,
    "185":0.01721763085399449,
    "186":0.03443526170798898,
    "187":0.01721763085399449,
    "188":0.0,
    "189":0.01721763085399449,
    "190":0.0,
    "191":0.05165289256198347,
    "192":0.060261707988980714,
    "193":0.03443526170798898,
    "194":0.04304407713498623,
    "195":0.025826446280991736,
    "196":0.01721763085399449,
    "197":0.025826446280991736,
    "198":0.0,
    "199":0.025826446280991736,
    "200":0.01721763085399449,
    "201":0.03443526170798898,
    "202":0.01721763085399449,
    "203":0.008608815426997245,
    "204":0.01721763085399449,
    "205":0.025826446280991736,
    "206":0.01721763085399449,
    "207":0.008608815426997245,
    "208":0.01721763085399449,
    "209":0.008608815426997245,
    "210":0.008608815426997245,
    "211":0.01721763085399449,
    "212":0.025826446280991736,
    "213":0.01721763085399449,
    "214":0.01721763085399449,
    "215":0.025826446280991736,
    "216":0.03443526170798898,
    "217":0.008608815426997245,
    "218":0.025826446280991736,
    "219":0.025826446280991736,
    "220":0.025826446280991736,
    "221":0.008608815426997245,
    "222":0.0,
    "223":0.008608815426997245,
    "224":0.025826446280991736,
    "225":0.0,
    "226":0.01721763085399449,
    "227":0.008608815426997245,
    "228":0.008608815426997245,
    "229":0.03443526170798898,
    "230":0.01721763085399449,
    "231":0.025826446280991736,
    "232":0.01721763085399449,
    "233":0.0,
    "234":0.0,
    "235":0.008608815426997245,
    "236":0.01721763085399449,
    "237":0.0,
    "238":0.008608815426997245,
    "239":0.008608815426997245,
    "240":0.0,
    "241":0.0,
    "242":0.0,
    "243":0.0,
    "244":0.0,
    "245":0.008608815426997245,
    "246":0.0,
    "247":0.008608815426997245,
    "248":0.008608815426997245,
    "249":0.0,
    "250":0.01721763085399449,
    "251":0.0,
    "252":0.0,
    "253":0.008608815426997245,
    "254":0.008608815426997245,
    "255":0.008608815426997245,
    "256":0.0,
    "257":0.0,
    "258":0.008608815426997245,
    "259":0.0,
    "260":0.008608815426997245,
    "261":0.0,
    "262":0.0,
    "263":0.01721763085399449,
    "264":0.008608815426997245,
    "265":0.0,
    "266":0.008608815426997245,
    "267":0.0,
    "268":0.008608815426997245,
    "269":0.0,
    "270":0.008608815426997245,
    "271":0.0,
    "272":0.008608815426997245,
    "273":0.0,
    "274":0.0,
    "275":0.0,
    "276":0.0,
    "277":0.008608815426997245,
    "278":0.0,
    "279":0.008608815426997245,
    "280":0.0,