{
    "0":1.9367787255393878,
    "1":0.572002007024586,
    "2":1.5654791771199197,
    "3":0.4315102860010035,
    "4":0.5418966382338184,
    "5":0.5619668840943302,
    "6":0.8329152032112394,
    "7":0.5920722528850978,
    "8":1.1841445057701956,
    "9":1.435022579026593,
    "10":1.535373808329152,
    "11":1.4952333166081284,
    "12":1.5052684395383844,
    "13":1.4751630707476167,
    "14":1.4651279478173609,
    "15":0.9232313095835424,
    "16":0.8329152032112394,
    "17":0.6121424987456097,
    "18":0.47165077772202707,
    "19":0.5619668840943302,
    "20":0.47165077772202707,
    "21":0.6422478675363773,
    "22":0.863020572002007,
    "23":1.0837932764676368,
    "24":0.9834420471650778,
    "25":0.9232313095835424,
    "26":0.9533366783743101,
    "27":0.8228800802809834,
    "28":0.7827395885599598,
    "29":1.0737581535373808,
    "30":1.1640742599096838,
    "31":1.144004014049172,
    "32":1.3547415955845459,
    "33":1.3848469643753136,
    "34":1.3748118414450576,
    "35":1.3647767185148019,
    "36":1.3045659809332664,
    "37":1.2042147516307076,
    "38":1.2242849974912193,
    "39":1.2242849974912193,
    "40":1.3045659809332664,
    "41":1.3146011038635224,
    "42":1.0837932764676368,
    "43":1.053687907676869,
    "44":0.8028098344204716,
    "45":0.772704465629704,
    "46":0.7124937280481686,
    "47":0.8529854490717512,
    "48":0.9633718013045659,
    "49":0.8228800802809834,
    "50":0.7827395885599598,
    "51":0.8830908178625188,
    "52":0.672353236327145,
    "53":0.7425990968389363,
    "54":0.6924234821876568,
    "55":0.8931259407927747,
    "56":0.8329152032112394,
    "57":0.8128449573507276,
    "58":0.7626693426994481,
    "59":0.6823883592574009,
    "60":0.6121424987456097,
    "61":0.6422478675363773,
    "62":0.4917210235825389,
    "63":0.5820371299548419,
    "64":0.5117912694430506,
    "65":0.3010536879076769,
    "66":0.45158053186151526,
    "67":0.45158053186151526,
    "68":0.37129954841946816,
    "69":0.3913697942799799,
    "70":0.3612644254892122,
    "71":0.3612644254892122,
    "72":0.3010536879076769,
    "73":0.32112393376818865,
    "74":0.35122930255895635,
    "75":0.31108881083793277,
    "76":0.3010536879076769,
    "77":0.3612644254892122,
    "78":0.31108881083793277,
    "79":0.3612644254892122,
    "80":0.32112393376818865,
    "81":0.2508780732563974,
    "82":0.38133467134972404,
    "83":0.2508780732563974,
    "84":0.2709483191169092,
    "85":0.3010536879076769,
    "86":0.24084295032614148,
    "87":0.2508780732563974,
    "88":0.4315102860010035,
    "89":0.2709483191169092,
    "90":0.19066733567486202,
    "91":0.26091319618665326,
    "92":0.2207727044656297,
    "93":0.26091319618665326,
    "94":0.24084295032614148,
    "95":0.24084295032614148,
    "96":0.19066733567486202,
    "97":0.2107375815353738,
    "98":0.3010536879076769,
    "99":0.1806322127446061,
    "100":0.2308078273958856,
    "101":0.12042147516307074,
    "102":0.31108881083793277,
    "103":0.24084295032614148,
    "104":0.2508780732563974,
    "105":0.2007024586051179,
    "106":0.3010536879076769,
    "107":0.32112393376818865,
    "108":0.24084295032614148,
    "109":0.26091319618665326,
    "110":0.24084295032614148,
    "111":0.2308078273958856,
    "112":0.2709483191169092,
    "113":0.2508780732563974,
    "114":0.31108881083793277,
    "115":0.26091319618665326,
    "116":0.34119417962870047,
    "117":0.31108881083793277,
    "118":0.35122930255895635,
    "119":0.32112393376818865,
    "120":0.1806322127446061,
    "121":0.24084295032614148,
    "122":0.16056196688409433,
    "123":0.2709483191169092,
    "124":0.29101856497742096,
    "125":0.29101856497742096,
    "126":0.2308078273958856,
    "127":0.2709483191169092,
    "128":0.24084295032614148,
    "129":0.2107375815353738,
    "130":0.2207727044656297,
    "131":0.2508780732563974,
    "132":0.17059708981435023,
    "133":0.16056196688409433,
    "134":0.2308078273958856,
    "135":0.1806322127446061,
    "136":0.09031610637230306,
    "137":0.17059708981435023,
    "138":0.16056196688409433,
    "139":0.15052684395383845,
    "140":0.2207727044656297,
    "141":0.2107375815353738,
    "142":0.13045659809332663,
    "143":0.2207727044656297,
    "144":0.1806322127446061,
    "145":0.2308078273958856,
    "146":0.2508780732563974,
    "147":0.1806322127446061,
    "148":0.15052684395383845,
    "149":0.24084295032614148,
    "150":0.2007024586051179,
    "151":0.15052684395383845,
    "152":0.12042147516307074,
    "153":0.14049172102358254,
    "154":0.17059708981435023,
    "155":0.17059708981435023,
    "156":0.14049172102358254,
    "157":0.11038635223281484,
    "158":0.1806322127446061,
    "159":0.14049172102358254,
    "160":0.16056196688409433,
    "161":0.16056196688409433,
    "162":0.2107375815353738,
    "163":0.2207727044656297,
    "164":0.10035122930255895,
    "165":0.13045659809332663,
    "166":0.19066733567486202,
    "167":0.16056196688409433,
    "168":0.15052684395383845,
    "169":0.2007024586051179,
    "170":0.2107375815353738,
    "171":0.13045659809332663,
    "172":0.13045659809332663,
    "173":0.2508780732563974,
    "174":0.14049172102358254,
    "175":0.15052684395383845,
    "176":0.09031610637230306,
    "177":0.17059708981435023,
    "178":0.13045659809332663,
    "179":0.13045659809332663,
    "180":0.14049172102358254,
    "181":0.15052684395383845,
    "182":0.16056196688409433,
    "183":0.19066733567486202,
    "184":0.09031610637230306,
    "185":0.2207727044656297,
    "186":0.15052684395383845,
    "187":0.16056196688409433,
    "188":0.15052684395383845,
    "189":0.17059708981435023,
    "190":0.11038635223281484,
    "191":0.09031610637230306,
    "192":0.10035122930255895,
    "193":0.11038635223281484,
    "194":0.12042147516307074,
    "195":0.14049172102358254,
    "196":0.17059708981435023,
    "197":0.15052684395383845,
    "198":0.1806322127446061,
    "199":0.06021073758153537,
    "200":0.1806322127446061,
    "201":0.11038635223281484,
    "202":0.15052684395383845,
    "203":0.11038635223281484,
    "204":0.06021073758153537,
    "205":0.09031610637230306,
    "206":0.12042147516307074,
    "207":0.13045659809332663,
    "208":0.12042147516307074,
    "209":0.07024586051179127,
    "210":0.15052684395383845,
    "211":0.13045659809332663,
    "212":0.14049172102358254,
    "213":0.15052684395383845,
    "214":0.12042147516307074,
    "215":0.07024586051179127,
    "216":0.12042147516307074,
    "217":0.06021073758153537,
    "218":0.06021073758153537,
    "219":0.050175614651279475,
    "220":0.06021073758153537,
    "221":0.06021073758153537,
    "222":0.04014049172102358,
    "223":0.08028098344204716,
    "224":0.10035122930255895,
    "225":0.04014049172102358,
    "226":0.08028098344204716,
    "227":0.07024586051179127,
    "228":0.06021073758153537,
    "229":0.04014049172102358,
    "230":0.06021073758153537,
    "231":0.10035122930255895,
    "232":0.08028098344204716,
    "233":0.13045659809332663,
    "234":0.030105368790767684,
    "235":0.07024586051179127,
    "236":0.10035122930255895,
    "237":0.10035122930255895,
    "238":0.06021073758153537,
    "239":0.11038635223281484,
    "240":0.04014049172102358,
    "241":0.02007024586051179,
    "242":0.04014049172102358,
    "243":0.02007024586051179,
    "244":0.09031610637230306,
    "245":0.08028098344204716,
    "246":0.04014049172102358,
    "247":0.09031610637230306,
    "248":0.02007024586051179,
    "249":0.06021073758153537,
    "250":0.10035122930255895,
    "251":0.09031610637230306,
    "252":0.050175614651279475,
    "253":0.010035122930255895,
    "254":0.030105368790767684,
    "255":0.02007024586051179,
    "256":0.050175614651279475,
    "257":0.030105368790767684,
    "258":0.030105368790767684,
    "259":0.050175614651279475,
    "260":0.030105368790767684,
    "261":0.04014049172102358,
    "262":0.030105368790767684,
    "263":0.030105368790767684,
    "264":0.04014049172102358,