{
    "0":0.5106083281979048,
    "1":1.3117351879566863,
    "2":4.4634210757989266,
    "3":2.9844176423980984,
    "4":3.811955277753323,
    "5":3.565454705519852,
    "6":2.9227924993397307,
    "7":2.570648824720486,
    "8":1.9191830266748835,
    "9":1.1708777181089884,
    "10":1.2941280042257242,
    "11":1.434985474073422,
    "12":1.214895677436394,
    "13":1.5230213927282332,
    "14":1.2765208204947618,
    "15":1.1092525750506206,
    "16":1.1796813099744696,
    "17":1.0212166563958096,
    "18":1.2501100448983185,
    "19":1.056431023857734,
    "20":0.9683951052029228,
    "21":0.9683951052029228,
    "22":0.8803591865481117,
    "23":0.994805880799366,
    "24":0.9771986970684038,
    "25":0.9331807377409983,
    "26":0.9771986970684038,
    "27":1.0036094726648472,
    "28":0.9419843296064795,
    "29":0.9595915133374417,
    "30":0.9683951052029228,
    "31":1.074038207588696,
    "32":1.0036094726648472,
    "33":0.7835196760278194,
    "34":0.7747160841623383,
    "35":0.7483053085658948,
    "36":0.8979663702790739,
    "37":0.8539484109516682,
    "38":0.915573554010036,
    "39":0.7835196760278194,
    "40":0.9243771458755172,
    "41":0.9860022889338851,
    "42":0.8011268597587816,
    "43":0.8187340434897439,
    "44":0.9331807377409983,
    "45":1.0124130645303284,
    "46":0.7130909411039704,
    "47":0.8803591865481117,
    "48":0.6690729817765648,
    "49":0.7306981248349327,
    "50":0.5018047363324236,
    "51":0.6690729817765648,
    "52":0.7042873492384893,
    "53":0.7306981248349327,
    "54":0.6690729817765648,
    "55":0.7483053085658948,
    "56":0.6690729817765648,
    "57":0.7483053085658948,
    "58":0.6426622061801215,
    "59":0.5898406549872348,
    "60":0.457786777005018,
    "61":0.4841975526014614,
    "62":0.32573289902280134,
    "63":0.5106083281979048,
    "64":0.5194119200633859,
    "65":0.6338586143146404,
    "66":0.5634298793907915,
    "67":0.5634298793907915,
    "68":0.528215511928867,
    "69":0.3169293071573202,
    "70":0.20248261290606567,
    "71":0.38735804208116914,
    "72":0.2553041640989524,
    "73":0.32573289902280134,
    "74":0.22008979663702793,
    "75":0.29932212342635794,
    "76":0.3697508583502069,
    "77":0.44017959327405587,
    "78":0.3609472664847258,
    "79":0.3521436746192447,
    "80":0.29932212342635794,
    "81":0.20248261290606567,
    "82":0.14966106171317897,
    "83":0.14966106171317897,
    "84":0.24650057223347127,
    "85":0.18487542917510344,
    "86":0.20248261290606567,
    "87":0.1672682454441412,
    "88":0.20248261290606567,
    "89":0.19367902104058457,
    "90":0.18487542917510344,
    "91":0.1672682454441412,
    "92":0.19367902104058457,
    "93":0.08803591865481117,
    "94":0.1672682454441412,
    "95":0.1584646535786601,
    "96":0.2729113478299146,
    "97":0.1672682454441412,
    "98":0.14966106171317897,
    "99":0.1672682454441412,
    "100":0.14966106171317897,
    "101":0.14966106171317897,
    "102":0.1584646535786601,
    "103":0.12325028611673564,
    "104":0.09683951052029229,
    "105":0.08803591865481117,
    "106":0.1144466942512545,
    "107":0.14966106171317897,
    "108":0.14085746984769787,
    "109":0.1144466942512545,
    "110":0.08803591865481117,
    "111":0.14085746984769787,
    "112":0.08803591865481117,
    "113":0.13205387798221674,
    "114":0.07923232678933005,
    "115":0.08803591865481117,
    "116":0.09683951052029229,
    "117":0.1584646535786601,
    "118":0.07923232678933005,
    "119":0.13205387798221674,
    "120":0.13205387798221674,
    "121":0.07042873492384893,
    "122":0.14085746984769787,
    "123":0.1144466942512545,
    "124":0.14085746984769787,
    "125":0.1056431023857734,
    "126":0.1672682454441412,
    "127":0.1144466942512545,
    "128":0.14966106171317897,
    "129":0.1056431023857734,
    "130":0.13205387798221674,
    "131":0.07923232678933005,
    "132":0.1584646535786601,
    "133":0.08803591865481117,
    "134":0.09683951052029229,
    "135":0.06162514305836782,
    "136":0.1144466942512545,
    "137":0.13205387798221674,
    "138":0.09683951052029229,
    "139":0.1144466942512545,
    "140":0.07923232678933005,
    "141":0.1144466942512545,
    "142":0.1144466942512545,
    "143":0.14966106171317897,
    "144":0.044017959327405584,
    "145":0.06162514305836782,
    "146":0.07042873492384893,
    "147":0.1056431023857734,
    "148":0.1056431023857734,
    "149":0.09683951052029229,
    "150":0.14966106171317897,
    "151":0.1144466942512545,
    "152":0.07923232678933005,
    "153":0.06162514305836782,
    "154":0.09683951052029229,
    "155":0.03521436746192447,
    "156":0.044017959327405584,
    "157":0.08803591865481117,
    "158":0.044017959327405584,
    "159":0.07042873492384893,
    "160":0.06162514305836782,
    "161":0.07042873492384893,
    "162":0.07042873492384893,
    "163":0.07923232678933005,
    "164":0.044017959327405584,
    "165":0.02641077559644335,
    "166":0.03521436746192447,
    "167":0.07042873492384893,
    "168":0.0528215511928867,
    "169":0.08803591865481117,
    "170":0.06162514305836782,
    "171":0.07042873492384893,
    "172":0.03521436746192447,
    "173":0.03521436746192447,
    "174":0.044017959327405584,
    "175":0.0528215511928867,
    "176":0.03521436746192447,
    "177":0.06162514305836782,
    "178":0.0528215511928867,
    "179":0.02641077559644335,
    "180":0.02641077559644335,
    "181":0.06162514305836782,
    "182":0.0528215511928867,
    "183":0.02641077559644335,
    "184":0.044017959327405584,
    "185":0.044017959327405584,
    "186":0.0528215511928867,
    "187":0.0528215511928867,
    "188":0.08803591865481117,
    "189":0.03521436746192447,
    "190":0.03521436746192447,
    "191":0.02641077559644335,
    "192":0.02641077559644335,
    "193":0.07042873492384893,
    "194":0.0528215511928867,
    "195":0.02641077559644335,
    "196":0.09683951052029229,
    "197":0.03521436746192447,
    "198":0.0528215511928867,
    "199":0.0528215511928867,
    "200":0.07042873492384893,
    "201":0.06162514305836782,
    "202":0.044017959327405584,
    "203":0.02641077559644335,
    "204":0.02641077559644335,
    "205":0.07042873492384893,
    "206":0.0528215511928867,
    "207":0.02641077559644335,
    "208":0.07042873492384893,
    "209":0.08803591865481117,
    "210":0.07923232678933005,
    "211":0.044017959327405584,
    "212":0.02641077559644335,
    "213":0.09683951052029229,
    "214":0.07923232678933005,
    "215":0.0528215511928867,
    "216":0.044017959327405584,
    "217":0.02641077559644335,
    "218":0.0,
    "219":0.017607183730962234,
    "220":0.07923232678933005,
    "221":0.0528215511928867,
    "222":0.017607183730962234,
    "223":0.017607183730962234,
    "224":0.03521436746192447,
    "225":0.02641077559644335,
    "226":0.02641077559644335,
    "227":0.02641077559644335,
    "228":0.0528215511928867,
    "229":0.07042873492384893,
    "230":0.02641077559644335,
    "231":0.02641077559644335,
    "232":0.02641077559644335,
    "233":0.02641077559644335,
    "234":0.02641077559644335,
    "235":0.044017959327405584,
    "236":0.017607183730962234,
    "237":0.017607183730962234,
    "238":0.044017959327405584,
    "239":0.0,
    "240":0.017607183730962234,
    "241":0.044017959327405584,
    "242":0.044017959327405584,
    "243":0.0528215511928867,
    "244":0.044017959327405584,
    "245":0.06162514305836782,
    "246":0.07042873492384893,
    "247":0.0528215511928867,
    "248":0.03521436746192447,
    "249":0.008803591865481117,
    "250":0.044017959327405584,
    "251":0.02641077559644335,
    "252":0.03521436746192447,
    "253":0.06162514305836782,
    "254":0.017607183730962234,
    "255":0.0528215511928867,
    "256":0.03521436746192447,
    "257":0.02641077559644335,
    "258":0.044017959327405584,
    "259":0.06162514305836782,
    "260":0.0528215511928867,
    "261":0.03521436746192447,
    "262":0.044017959327405584,
    "263":0.044017959327405584,
    "264":0.0528215511928867,