{
    "0":7.202900939508818,
    "1":0.774682709741223,
    "2":0.032965221691115876,
    "3":0.2802043843744849,
    "4":0.5768913795945279,
    "5":0.9395088181968023,
    "6":1.0713697049612658,
    "7":0.6593044338223174,
    "8":0.7252348772045493,
    "9":0.7087522663589912,
    "10":0.8076479314323389,
    "11":0.791165320586781,
    "12":0.7087522663589912,
    "13":0.8241305422778968,
    "14":0.7582000988956651,
    "15":0.4944783253667381,
    "16":0.510960936212296,
    "17":0.527443547057854,
    "18":0.5768913795945279,
    "19":0.7087522663589912,
    "20":0.7252348772045493,
    "21":0.6922696555134333,
    "22":0.8735783748145706,
    "23":0.8241305422778968,
    "24":0.7582000988956651,
    "25":0.9559914290423602,
    "26":0.7417174880501072,
    "27":1.03840448327015,
    "28":0.7417174880501072,
    "29":0.9889566507334762,
    "30":0.8735783748145706,
    "31":0.4944783253667381,
    "32":0.8735783748145706,
    "33":0.6757870446678754,
    "34":0.8241305422778968,
    "35":0.7582000988956651,
    "36":0.7252348772045493,
    "37":0.527443547057854,
    "38":0.6922696555134333,
    "39":0.5604087687489698,
    "40":0.6922696555134333,
    "41":0.4944783253667381,
    "42":0.8900609856601285,
    "43":0.7582000988956651,
    "44":0.9230262073512444,
    "45":0.6263392121312016,
    "46":0.527443547057854,
    "47":0.7252348772045493,
    "48":0.6263392121312016,
    "49":0.6757870446678754,
    "50":0.9230262073512444,
    "51":0.6263392121312016,
    "52":0.6428218229767595,
    "53":0.8406131531234549,
    "54":0.8076479314323389,
    "55":0.7087522663589912,
    "56":0.8570957639690127,
    "57":0.4779957145211801,
    "58":0.7417174880501072,
    "59":0.6428218229767595,
    "60":0.6263392121312016,
    "61":0.6757870446678754,
    "62":0.7252348772045493,
    "63":0.791165320586781,
    "64":0.5604087687489698,
    "65":0.6922696555134333,
    "66":0.5933739904400857,
    "67":0.7087522663589912,
    "68":0.510960936212296,
    "69":0.6263392121312016,
    "70":0.527443547057854,
    "71":0.4944783253667381,
    "72":0.6098566012856436,
    "73":0.6922696555134333,
    "74":0.527443547057854,
    "75":0.510960936212296,
    "76":0.5768913795945279,
    "77":0.42854788198450633,
    "78":0.527443547057854,
    "79":0.5933739904400857,
    "80":0.3955826602933905,
    "81":0.3955826602933905,
    "82":0.5933739904400857,
    "83":0.34613482775671667,
    "84":0.3955826602933905,
    "85":0.44503049283006424,
    "86":0.42854788198450633,
    "87":0.44503049283006424,
    "88":0.5768913795945279,
    "89":0.3955826602933905,
    "90":0.2966869952200428,
    "91":0.34613482775671667,
    "92":0.510960936212296,
    "93":0.2802043843744849,
    "94":0.42854788198450633,
    "95":0.36261743860227463,
    "96":0.44503049283006424,
    "97":0.19779133014669525,
    "98":0.4120652711389484,
    "99":0.2307565518378111,
    "100":0.2307565518378111,
    "101":0.34613482775671667,
    "102":0.21427394099225316,
    "103":0.263721773528927,
    "104":0.24723916268336904,
    "105":0.24723916268336904,
    "106":0.2802043843744849,
    "107":0.21427394099225316,
    "108":0.18130871930113732,
    "109":0.1483434976100214,
    "110":0.34613482775671667,
    "111":0.2966869952200428,
    "112":0.11537827591890555,
    "113":0.18130871930113732,
    "114":0.263721773528927,
    "115":0.2802043843744849,
    "116":0.263721773528927,
    "117":0.24723916268336904,
    "118":0.2966869952200428,
    "119":0.18130871930113732,
    "120":0.19779133014669525,
    "121":0.11537827591890555,
    "122":0.2307565518378111,
    "123":0.2307565518378111,
    "124":0.21427394099225316,
    "125":0.18130871930113732,
    "126":0.16482610845557935,
    "127":0.09889566507334763,
    "128":0.16482610845557935,
    "129":0.1483434976100214,
    "130":0.1318608867644635,
    "131":0.2307565518378111,
    "132":0.1318608867644635,
    "133":0.1483434976100214,
    "134":0.09889566507334763,
    "135":0.08241305422778968,
    "136":0.19779133014669525,
    "137":0.06593044338223175,
    "138":0.16482610845557935,
    "139":0.2802043843744849,
    "140":0.1483434976100214,
    "141":0.08241305422778968,
    "142":0.11537827591890555,
    "143":0.1483434976100214,
    "144":0.1483434976100214,
    "145":0.1318608867644635,
    "146":0.16482610845557935,
    "147":0.1483434976100214,
    "148":0.2307565518378111,
    "149":0.09889566507334763,
    "150":0.1318608867644635,
    "151":0.016482610845557938,
    "152":0.049447832536673814,
    "153":0.11537827591890555,
    "154":0.16482610845557935,
    "155":0.09889566507334763,
    "156":0.1318608867644635,
    "157":0.11537827591890555,
    "158":0.11537827591890555,
    "159":0.016482610845557938,
    "160":0.09889566507334763,
    "161":0.1318608867644635,
    "162":0.11537827591890555,
    "163":0.18130871930113732,
    "164":0.16482610845557935,
    "165":0.1483434976100214,
    "166":0.09889566507334763,
    "167":0.11537827591890555,
    "168":0.049447832536673814,
    "169":0.08241305422778968,
    "170":0.049447832536673814,
    "171":0.18130871930113732,
    "172":0.06593044338223175,
    "173":0.08241305422778968,
    "174":0.1318608867644635,
    "175":0.11537827591890555,
    "176":0.08241305422778968,
    "177":0.1483434976100214,
    "178":0.16482610845557935,
    "179":0.19779133014669525,
    "180":0.19779133014669525,
    "181":0.1318608867644635,
    "182":0.16482610845557935,
    "183":0.1318608867644635,
    "184":0.16482610845557935,
    "185":0.1318608867644635,
    "186":0.1318608867644635,
    "187":0.08241305422778968,
    "188":0.2307565518378111,
    "189":0.1483434976100214,
    "190":0.18130871930113732,
    "191":0.19779133014669525,
    "192":0.19779133014669525,
    "193":0.1318608867644635,
    "194":0.1318608867644635,
    "195":0.19779133014669525,
    "196":0.2307565518378111,
    "197":0.1483434976100214,
    "198":0.1483434976100214,
    "199":0.08241305422778968,
    "200":0.06593044338223175,
    "201":0.19779133014669525,
    "202":0.1318608867644635,
    "203":0.08241305422778968,
    "204":0.19779133014669525,
    "205":0.16482610845557935,
    "206":0.19779133014669525,
    "207":0.1318608867644635,
    "208":0.09889566507334763,
    "209":0.1318608867644635,
    "210":0.21427394099225316,
    "211":0.06593044338223175,
    "212":0.08241305422778968,
    "213":0.08241305422778968,
    "214":0.11537827591890555,
    "215":0.16482610845557935,
    "216":0.1318608867644635,
    "217":0.09889566507334763,
    "218":0.18130871930113732,
    "219":0.1318608867644635,
    "220":0.1318608867644635,
    "221":0.11537827591890555,
    "222":0.1483434976100214,
    "223":0.08241305422778968,
    "224":0.1483434976100214,
    "225":0.08241305422778968,
    "226":0.06593044338223175,
    "227":0.11537827591890555,
    "228":0.06593044338223175,
    "229":0.09889566507334763,
    "230":0.09889566507334763,
    "231":0.11537827591890555,
    "232":0.16482610845557935,
    "233":0.16482610845557935,
    "234":0.16482610845557935,
    "235":0.049447832536673814,
    "236":0.049447832536673814,
    "237":0.049447832536673814,
    "238":0.11537827591890555,
    "239":0.11537827591890555,
    "240":0.09889566507334763,
    "241":0.16482610845557935,
    "242":0.1483434976100214,
    "243":0.1483434976100214,
    "244":0.19779133014669525,
    "245":0.06593044338223175,
    "246":0.08241305422778968,
    "247":0.06593044338223175,
    "248":0.06593044338223175,
    "249":0.18130871930113732,
    "250":0.11537827591890555,
    "251":0.06593044338223175,
    "252":0.08241305422778968,
    "253":0.1483434976100214,
    "254":0.09889566507334763,
    "255":0.18130871930113732,
    "256":0.06593044338223175,
    "257":0.049447832536673814,
    "258":0.06593044338223175,
    "259":0.1483434976100214,
    "260":0.032965221691115876,
    "261":0.08241305422778968,
    "262":0.1318608867644635,
    "263":0.1483434976100214,
    "264":0.06593044338223175,
    "265":0.049447832536673814,