{
    "0":1.530054644808743,
    "1":0.1249024199843872,
    "2":1.7486338797814207,
    "3":1.5768930523028883,
    "4":0.4215456674473068,
    "5":0.5620608899297423,
    "6":1.0304449648711944,
    "7":1.592505854800937,
    "8":1.514441842310695,
    "9":1.3895394223263076,
    "10":1.2802498048399689,
    "11":1.1553473848555815,
    "12":0.9523809523809524,
    "13":0.6557377049180327,
    "14":0.7962529274004685,
    "15":0.936768149882904,
    "16":0.8274785323965652,
    "17":0.7181889149102264,
    "18":0.8118657298985168,
    "19":0.8430913348946136,
    "20":0.9523809523809524,
    "21":0.8743169398907104,
    "22":0.6869633099141296,
    "23":0.5620608899297423,
    "24":0.5152224824355972,
    "25":0.702576112412178,
    "26":0.702576112412178,
    "27":0.5152224824355972,
    "28":0.5308352849336456,
    "29":0.6557377049180327,
    "30":0.7181889149102264,
    "31":0.6713505074160812,
    "32":0.624512099921936,
    "33":0.7650273224043715,
    "34":0.7962529274004685,
    "35":0.9211553473848557,
    "36":1.0304449648711944,
    "37":1.1241217798594847,
    "38":0.8899297423887589,
    "39":0.9992193598750976,
    "40":0.78064012490242,
    "41":1.0304449648711944,
    "42":0.7338017174082748,
    "43":0.7650273224043715,
    "44":0.9836065573770493,
    "45":0.702576112412178,
    "46":0.9055425448868072,
    "47":0.5308352849336456,
    "48":0.546448087431694,
    "49":0.6401249024199844,
    "50":0.7494145199063231,
    "51":0.6557377049180327,
    "52":0.5620608899297423,
    "53":0.468384074941452,
    "54":0.6869633099141296,
    "55":0.5308352849336456,
    "56":0.7494145199063231,
    "57":0.624512099921936,
    "58":0.5152224824355972,
    "59":0.6557377049180327,
    "60":0.4527712724434036,
    "61":0.6088992974238876,
    "62":0.5152224824355972,
    "63":0.32786885245901637,
    "64":0.4839968774395004,
    "65":0.39032006245121,
    "66":0.546448087431694,
    "67":0.4059328649492584,
    "68":0.468384074941452,
    "69":0.468384074941452,
    "70":0.4527712724434036,
    "71":0.4059328649492584,
    "72":0.2498048399687744,
    "73":0.3590944574551132,
    "74":0.4059328649492584,
    "75":0.2498048399687744,
    "76":0.2966432474629196,
    "77":0.312256049960968,
    "78":0.39032006245121,
    "79":0.2654176424668228,
    "80":0.1717408274785324,
    "81":0.2029664324746292,
    "82":0.2966432474629196,
    "83":0.32786885245901637,
    "84":0.3590944574551132,
    "85":0.234192037470726,
    "86":0.2498048399687744,
    "87":0.2029664324746292,
    "88":0.2966432474629196,
    "89":0.2029664324746292,
    "90":0.4059328649492584,
    "91":0.37470725995316156,
    "92":0.2498048399687744,
    "93":0.312256049960968,
    "94":0.3434816549570648,
    "95":0.1717408274785324,
    "96":0.2498048399687744,
    "97":0.3590944574551132,
    "98":0.2654176424668228,
    "99":0.2966432474629196,
    "100":0.2498048399687744,
    "101":0.234192037470726,
    "102":0.3590944574551132,
    "103":0.2498048399687744,
    "104":0.234192037470726,
    "105":0.3434816549570648,
    "106":0.156128024980484,
    "107":0.2966432474629196,
    "108":0.2498048399687744,
    "109":0.312256049960968,
    "110":0.312256049960968,
    "111":0.2654176424668228,
    "112":0.2185792349726776,
    "113":0.2654176424668228,
    "114":0.234192037470726,
    "115":0.1092896174863388,
    "116":0.1717408274785324,
    "117":0.234192037470726,
    "118":0.2498048399687744,
    "119":0.2810304449648712,
    "120":0.156128024980484,
    "121":0.234192037470726,
    "122":0.234192037470726,
    "123":0.2029664324746292,
    "124":0.1717408274785324,
    "125":0.234192037470726,
    "126":0.2029664324746292,
    "127":0.18735362997658078,
    "128":0.1249024199843872,
    "129":0.1249024199843872,
    "130":0.2810304449648712,
    "131":0.1405152224824356,
    "132":0.2029664324746292,
    "133":0.2185792349726776,
    "134":0.312256049960968,
    "135":0.1092896174863388,
    "136":0.1092896174863388,
    "137":0.1405152224824356,
    "138":0.156128024980484,
    "139":0.1405152224824356,
    "140":0.2029664324746292,
    "141":0.1092896174863388,
    "142":0.2810304449648712,
    "143":0.1092896174863388,
    "144":0.2029664324746292,
    "145":0.2185792349726776,
    "146":0.2029664324746292,
    "147":0.2654176424668228,
    "148":0.1249024199843872,
    "149":0.1092896174863388,
    "150":0.18735362997658078,
    "151":0.2654176424668228,
    "152":0.1249024199843872,
    "153":0.2029664324746292,
    "154":0.2029664324746292,
    "155":0.1092896174863388,
    "156":0.18735362997658078,
    "157":0.2654176424668228,
    "158":0.2966432474629196,
    "159":0.3434816549570648,
    "160":0.234192037470726,
    "161":0.2966432474629196,
    "162":0.37470725995316156,
    "163":0.2029664324746292,
    "164":0.1405152224824356,
    "165":0.18735362997658078,
    "166":0.2810304449648712,
    "167":0.18735362997658078,
    "168":0.1092896174863388,
    "169":0.1717408274785324,
    "170":0.156128024980484,
    "171":0.1249024199843872,
    "172":0.234192037470726,
    "173":0.2185792349726776,
    "174":0.2966432474629196,
    "175":0.4215456674473068,
    "176":0.234192037470726,
    "177":0.2029664324746292,
    "178":0.234192037470726,
    "179":0.156128024980484,
    "180":0.156128024980484,
    "181":0.2185792349726776,
    "182":0.09367681498829039,
    "183":0.2029664324746292,
    "184":0.156128024980484,
    "185":0.156128024980484,
    "186":0.2029664324746292,
    "187":0.234192037470726,
    "188":0.1405152224824356,
    "189":0.1405152224824356,
    "190":0.2185792349726776,
    "191":0.1405152224824356,
    "192":0.234192037470726,
    "193":0.1405152224824356,
    "194":0.2185792349726776,
    "195":0.2966432474629196,
    "196":0.1405152224824356,
    "197":0.18735362997658078,
    "198":0.2029664324746292,
    "199":0.046838407494145196,
    "200":0.2029664324746292,
    "201":0.1092896174863388,
    "202":0.18735362997658078,
    "203":0.1092896174863388,
    "204":0.2654176424668228,
    "205":0.09367681498829039,
    "206":0.1717408274785324,
    "207":0.18735362997658078,
    "208":0.09367681498829039,
    "209":0.078064012490242,
    "210":0.1717408274785324,
    "211":0.1405152224824356,
    "212":0.1405152224824356,
    "213":0.1092896174863388,
    "214":0.078064012490242,
    "215":0.1092896174863388,
    "216":0.078064012490242,
    "217":0.156128024980484,
    "218":0.1405152224824356,
    "219":0.09367681498829039,
    "220":0.09367681498829039,
    "221":0.1092896174863388,
    "222":0.1717408274785324,
    "223":0.2029664324746292,
    "224":0.1249024199843872,
    "225":0.1717408274785324,
    "226":0.09367681498829039,
    "227":0.1249024199843872,
    "228":0.1249024199843872,
    "229":0.1092896174863388,
    "230":0.0624512099921936,
    "231":0.1092896174863388,
    "232":0.1405152224824356,
    "233":0.1249024199843872,
    "234":0.156128024980484,
    "235":0.09367681498829039,
    "236":0.18735362997658078,
    "237":0.1092896174863388,
    "238":0.078064012490242,
    "239":0.09367681498829039,
    "240":0.1405152224824356,
    "241":0.156128024980484,
    "242":0.2185792349726776,
    "243":0.156128024980484,
    "244":0.1249024199843872,
    "245":0.1092896174863388,
    "246":0.156128024980484,
    "247":0.2185792349726776,
    "248":0.1249024199843872,
    "249":0.1717408274785324,
    "250":0.1249024199843872,
    "251":0.1092896174863388,
    "252":0.1092896174863388,
    "253":0.1405152224824356,
    "254":0.078064012490242,
    "255":0.1405152224824356,
    "256":0.1405152224824356,
    "257":0.1249024199843872,
    "258":0.156128024980484,
    "259":0.156128024980484,
    "260":0.078064012490242,
    "261":0.1092896174863388,
    "262":0.1092896174863388,
    "263":0.078064012490242,
    "264":0.2029664324746292,
    "265":0.156128024980484,
    "266":0.09367681498829039,
    "267":0.1249024199843872,
    "268":0.1405152224824356,
    "269":0.078064012490242,
    "270":0.1092896174863388,