{
    "0":3.613531522296258,
    "1":3.8100119596787976,
    "2":1.3753630616777721,
    "3":1.9050059798393988,
    "4":1.1959678797198017,
    "5":1.6060140099094484,
    "6":2.434648898001025,
    "7":2.6994703570818386,
    "8":1.973347001537673,
    "9":2.2210832051939176,
    "10":1.537672988211174,
    "11":1.6145566376217324,
    "12":1.3753630616777721,
    "13":1.0763710917478215,
    "14":1.2472236459935075,
    "15":1.3241072954040665,
    "16":1.5803861267725952,
    "17":1.3497351785409193,
    "18":0.9653169314881258,
    "19":1.0507432086109687,
    "20":0.9909448146249786,
    "21":0.7859217495301555,
    "22":0.9482316760635571,
    "23":0.9482316760635571,
    "24":1.0763710917478215,
    "25":1.0336579531864,
    "26":1.119084230309243,
    "27":1.119084230309243,
    "28":1.0678284640355373,
    "29":0.8713480266529985,
    "30":0.7944643772424398,
    "31":0.8884332820775671,
    "32":0.7773791218178712,
    "33":0.8371775158038613,
    "34":0.8798906543652828,
    "35":0.9396890483512728,
    "36":0.9567743037758415,
    "37":1.0080300700495473,
    "38":0.9396890483512728,
    "39":0.8884332820775671,
    "40":0.9055185375021356,
    "41":0.9055185375021356,
    "42":1.0592858363232531,
    "43":0.9140611652144199,
    "44":0.7773791218178712,
    "45":0.743208610968734,
    "46":0.8115496326670083,
    "47":0.768836494105587,
    "48":0.5552708012984794,
    "49":0.5808986844353323,
    "50":0.6663249615581752,
    "51":0.5211002904493423,
    "52":0.4185887579019307,
    "53":0.572356056723048,
    "54":0.5040150350247736,
    "55":0.4698445241756364,
    "56":0.5381855458739108,
    "57":0.5638134290107637,
    "58":0.5552708012984794,
    "59":0.42713138561421493,
    "60":0.6236118229967538,
    "61":0.47838715188792075,
    "62":0.572356056723048,
    "63":0.657782333845891,
    "64":0.5381855458739108,
    "65":0.683410216982744,
    "66":0.5296429181616266,
    "67":0.5381855458739108,
    "68":0.4698445241756364,
    "69":0.4613018964633521,
    "70":0.4185887579019307,
    "71":0.43567401332649924,
    "72":0.47838715188792075,
    "73":0.3758756193405091,
    "74":0.5211002904493423,
    "75":0.4954724073124893,
    "76":0.48692977960020506,
    "77":0.42713138561421493,
    "78":0.4100461301896463,
    "79":0.5296429181616266,
    "80":0.3844182470527935,
    "81":0.3758756193405091,
    "82":0.39296087476507774,
    "83":0.3758756193405091,
    "84":0.43567401332649924,
    "85":0.4185887579019307,
    "86":0.48692977960020506,
    "87":0.4954724073124893,
    "88":0.3075345976422348,
    "89":0.44421664103878356,
    "90":0.4015035024773621,
    "91":0.35879036391594055,
    "92":0.3758756193405091,
    "93":0.36733299162822486,
    "94":0.3758756193405091,
    "95":0.3844182470527935,
    "96":0.35879036391594055,
    "97":0.4015035024773621,
    "98":0.4100461301896463,
    "99":0.3075345976422348,
    "100":0.35024773620365623,
    "101":0.2562788313685289,
    "102":0.22210832051939178,
    "103":0.2562788313685289,
    "104":0.2989919699299504,
    "105":0.2648214590808133,
    "106":0.21356569280710747,
    "107":0.28190671450538185,
    "108":0.22210832051939178,
    "109":0.2989919699299504,
    "110":0.3075345976422348,
    "111":0.23065094823167606,
    "112":0.23065094823167606,
    "113":0.20502306509482315,
    "114":0.24773620365624466,
    "115":0.27336408679309754,
    "116":0.16230992653340168,
    "117":0.170852554245686,
    "118":0.23919357594396037,
    "119":0.19648043738253887,
    "120":0.28190671450538185,
    "121":0.2562788313685289,
    "122":0.23065094823167606,
    "123":0.20502306509482315,
    "124":0.05125576627370579,
    "125":0.14522467110883308,
    "126":0.0768836494105587,
    "127":0.09396890483512728,
    "128":0.085426277122843,
    "129":0.06834102169827438,
    "130":0.05979839398599009,
    "131":0.09396890483512728,
    "132":0.11105416025969589,
    "133":0.11105416025969589,
    "134":0.11959678797198019,
    "135":0.11959678797198019,
    "136":0.12813941568426446,
    "137":0.06834102169827438,
    "138":0.1537672988211174,
    "139":0.12813941568426446,
    "140":0.085426277122843,
    "141":0.085426277122843,
    "142":0.0768836494105587,
    "143":0.0768836494105587,
    "144":0.11105416025969589,
    "145":0.170852554245686,
    "146":0.085426277122843,
    "147":0.09396890483512728,
    "148":0.0768836494105587,
    "149":0.0427131385614215,
    "150":0.05125576627370579,
    "151":0.085426277122843,
    "152":0.05125576627370579,
    "153":0.05125576627370579,
    "154":0.06834102169827438,
    "155":0.09396890483512728,
    "156":0.09396890483512728,
    "157":0.05979839398599009,
    "158":0.09396890483512728,
    "159":0.085426277122843,
    "160":0.10251153254741158,
    "161":0.05979839398599009,
    "162":0.0768836494105587,
    "163":0.09396890483512728,
    "164":0.06834102169827438,
    "165":0.06834102169827438,
    "166":0.017085255424568596,
    "167":0.0768836494105587,
    "168":0.0768836494105587,
    "169":0.05979839398599009,
    "170":0.05979839398599009,
    "171":0.09396890483512728,
    "172":0.05979839398599009,
    "173":0.0768836494105587,
    "174":0.0768836494105587,
    "175":0.008542627712284298,
    "176":0.09396890483512728,
    "177":0.06834102169827438,
    "178":0.05979839398599009,
    "179":0.05125576627370579,
    "180":0.05125576627370579,
    "181":0.05979839398599009,
    "182":0.05125576627370579,
    "183":0.05125576627370579,
    "184":0.03417051084913719,
    "185":0.11105416025969589,
    "186":0.0427131385614215,
    "187":0.025627883136852894,
    "188":0.05125576627370579,
    "189":0.10251153254741158,
    "190":0.06834102169827438,
    "191":0.05125576627370579,
    "192":0.025627883136852894,
    "193":0.06834102169827438,
    "194":0.03417051084913719,
    "195":0.05125576627370579,
    "196":0.085426277122843,
    "197":0.03417051084913719,
    "198":0.025627883136852894,
    "199":0.03417051084913719,
    "200":0.025627883136852894,
    "201":0.03417051084913719,
    "202":0.0427131385614215,
    "203":0.03417051084913719,
    "204":0.05125576627370579,
    "205":0.0427131385614215,
    "206":0.05125576627370579,
    "207":0.0427131385614215,
    "208":0.06834102169827438,
    "209":0.03417051084913719,
    "210":0.017085255424568596,
    "211":0.025627883136852894,
    "212":0.05125576627370579,
    "213":0.017085255424568596,
    "214":0.025627883136852894,
    "215":0.0427131385614215,
    "216":0.03417051084913719,
    "217":0.017085255424568596,
    "218":0.0427131385614215,
    "219":0.03417051084913719,
    "220":0.008542627712284298,
    "221":0.017085255424568596,
    "222":0.025627883136852894,
    "223":0.017085255424568596,
    "224":0.008542627712284298,
    "225":0.025627883136852894,
    "226":0.03417051084913719,
    "227":0.0427131385614215,
    "228":0.017085255424568596,
    "229":0.017085255424568596,
    "230":0.017085255424568596,
    "231":0.008542627712284298,
    "232":0.0,
    "233":0.008542627712284298,
    "234":0.017085255424568596,
    "235":0.017085255424568596,
    "236":0.008542627712284298,
    "237":0.008542627712284298,
    "238":0.05125576627370579,
    "239":0.017085255424568596,
    "240":0.025627883136852894,
    "241":0.017085255424568596,
    "242":0.0427131385614215,
    "243":0.008542627712284298,
    "244":0.017085255424568596,
    "245":0.017085255424568596,
    "246":0.0,
    "247":0.025627883136852894,
    "248":0.008542627712284298,
    "249":0.025627883136852894,
    "250":0.008542627712284298,
    "251":0.025627883136852894,
    "252":0.0,
    "253":0.008542627712284298,
    "254":0.008542627712284298,
    "255":0.0,
    "256":0.008542627712284298,
    "257":0.03417051084913719,
    "258":0.017085255424568596,
    "259":0.008542627712284298,
    "260":0.008542627712284298,
    "261":0.025627883136852894,
    "262":0.0,
    "263":0.0,
    "264":0.03417051084913719,
    "265":0.017085255424568596,
    "266":0.0,
    "267":0.017085255424568596,