{
    "0":0.6304049139254829,
    "1":1.5598480562515153,
    "2":5.770629596702497,
    "3":3.6450335407742664,
    "4":3.232845712438374,
    "5":2.8610684555079606,
    "6":2.238745655863574,
    "7":1.8265578275276813,
    "8":2.1660066273337106,
    "9":2.101349713084943,
    "10":2.2549098844257656,
    "11":2.222581427301382,
    "12":1.9397074274630242,
    "13":1.6810797704679543,
    "14":2.0447749131172714,
    "15":1.3416309706619252,
    "16":1.2042350278832943,
    "17":1.0910854279479512,
    "18":1.2931382849753494,
    "19":1.2123171421643901,
    "20":1.495191142002748,
    "21":1.1799886850400065,
    "22":1.2608098278509658,
    "23":1.4305342277539803,
    "24":1.495191142002748,
    "25":1.5679301705326114,
    "26":1.5517659419704195,
    "27":1.503273256283844,
    "28":1.236563485007678,
    "29":1.357795199224117,
    "30":1.2527277135698698,
    "31":1.2123171421643901,
    "32":1.2527277135698698,
    "33":1.2123171421643901,
    "34":1.2608098278509658,
    "35":1.0264285136991838,
    "36":0.8001293138284975,
    "37":0.9294431423260325,
    "38":0.8809504566394569,
    "39":0.622322799644387,
    "40":0.8001293138284975,
    "41":0.8162935423906894,
    "42":0.8324577709528812,
    "43":0.8324577709528812,
    "44":0.7273902852986341,
    "45":0.7920471995474015,
    "46":0.7031439424553463,
    "47":0.5980764568010992,
    "48":0.5980764568010992,
    "49":0.6869797138931545,
    "50":0.5899943425200033,
    "51":0.6304049139254829,
    "52":0.5899943425200033,
    "53":0.4606805140224683,
    "54":0.493008971146852,
    "55":0.4283520568980846,
    "56":0.4202699426169886,
    "57":0.5172553139901398,
    "58":0.48492685686575604,
    "59":0.5172553139901398,
    "60":0.509173199709044,
    "61":0.5010910854279479,
    "62":0.48492685686575604,
    "63":0.5010910854279479,
    "64":0.3556130283682211,
    "65":0.4606805140224683,
    "66":0.44451628546027644,
    "67":0.44451628546027644,
    "68":0.371777256930413,
    "69":0.371777256930413,
    "70":0.3556130283682211,
    "71":0.3798593712115089,
    "72":0.31520245696274146,
    "73":0.4041057140547967,
    "74":0.4121878283358926,
    "75":0.2990382284005496,
    "76":0.47684474258466014,
    "77":0.4041057140547967,
    "78":0.3879414854926049,
    "79":0.31520245696274146,
    "80":0.33944879980602927,
    "81":0.36369514264931707,
    "82":0.2343813141517821,
    "83":0.2990382284005496,
    "84":0.33136668552493337,
    "85":0.2909561141194536,
    "86":0.3071203426816455,
    "87":0.21821708558959024,
    "88":0.2828739998383577,
    "89":0.27479188555726175,
    "90":0.2101349713084943,
    "91":0.17780651418411056,
    "92":0.25054554271397395,
    "93":0.15356017134082275,
    "94":0.12931382849753495,
    "95":0.25054554271397395,
    "96":0.17780651418411056,
    "97":0.16164228562191868,
    "98":0.17780651418411056,
    "99":0.21821708558959024,
    "100":0.21821708558959024,
    "101":0.19397074274630244,
    "102":0.19397074274630244,
    "103":0.17780651418411056,
    "104":0.16972439990301463,
    "105":0.16972439990301463,
    "106":0.16164228562191868,
    "107":0.10506748565424714,
    "108":0.22629919987068617,
    "109":0.13739594277863088,
    "110":0.11314959993534308,
    "111":0.11314959993534308,
    "112":0.08890325709205528,
    "113":0.09698537137315122,
    "114":0.08082114281095934,
    "115":0.08890325709205528,
    "116":0.11314959993534308,
    "117":0.1454780570597268,
    "118":0.08082114281095934,
    "119":0.08082114281095934,
    "120":0.08082114281095934,
    "121":0.08890325709205528,
    "122":0.09698537137315122,
    "123":0.0727390285298634,
    "124":0.0727390285298634,
    "125":0.13739594277863088,
    "126":0.09698537137315122,
    "127":0.08890325709205528,
    "128":0.08890325709205528,
    "129":0.04849268568657561,
    "130":0.08082114281095934,
    "131":0.04849268568657561,
    "132":0.0727390285298634,
    "133":0.10506748565424714,
    "134":0.09698537137315122,
    "135":0.09698537137315122,
    "136":0.10506748565424714,
    "137":0.12123171421643901,
    "138":0.11314959993534308,
    "139":0.0727390285298634,
    "140":0.04849268568657561,
    "141":0.04041057140547967,
    "142":0.05657479996767154,
    "143":0.0727390285298634,
    "144":0.04849268568657561,
    "145":0.08890325709205528,
    "146":0.0727390285298634,
    "147":0.05657479996767154,
    "148":0.03232845712438374,
    "149":0.03232845712438374,
    "150":0.04849268568657561,
    "151":0.08082114281095934,
    "152":0.08082114281095934,
    "153":0.06465691424876747,
    "154":0.09698537137315122,
    "155":0.04849268568657561,
    "156":0.05657479996767154,
    "157":0.024246342843287805,
    "158":0.06465691424876747,
    "159":0.04041057140547967,
    "160":0.04849268568657561,
    "161":0.024246342843287805,
    "162":0.03232845712438374,
    "163":0.0727390285298634,
    "164":0.04041057140547967,
    "165":0.03232845712438374,
    "166":0.04041057140547967,
    "167":0.04849268568657561,
    "168":0.04041057140547967,
    "169":0.05657479996767154,
    "170":0.008082114281095934,
    "171":0.03232845712438374,
    "172":0.05657479996767154,
    "173":0.03232845712438374,
    "174":0.04849268568657561,
    "175":0.05657479996767154,
    "176":0.08082114281095934,
    "177":0.03232845712438374,
    "178":0.008082114281095934,
    "179":0.04849268568657561,
    "180":0.024246342843287805,
    "181":0.024246342843287805,
    "182":0.0727390285298634,
    "183":0.03232845712438374,
    "184":0.01616422856219187,
    "185":0.024246342843287805,
    "186":0.03232845712438374,
    "187":0.04849268568657561,
    "188":0.01616422856219187,
    "189":0.03232845712438374,
    "190":0.008082114281095934,
    "191":0.01616422856219187,
    "192":0.03232845712438374,
    "193":0.008082114281095934,
    "194":0.0,
    "195":0.024246342843287805,
    "196":0.01616422856219187,
    "197":0.024246342843287805,
    "198":0.0,
    "199":0.024246342843287805,
    "200":0.008082114281095934,
    "201":0.01616422856219187,
    "202":0.0,
    "203":0.0,
    "204":0.0,
    "205":0.0,
    "206":0.008082114281095934,
    "207":0.0,
    "208":0.0,
    "209":0.0,
    "210":0.0,
    "211":0.0,
    "212":0.0,
    "213":0.008082114281095934,
    "214":0.008082114281095934,
    "215":0.0,
    "216":0.0,
    "217":0.0,
    "218":0.008082114281095934,
    "219":0.0,
    "220":0.008082114281095934,
    "221":0.008082114281095934,
    "222":0.0,
    "223":0.0,
    "224":0.0,
    "225":0.0,
    "226":0.0,
    "227":0.008082114281095934,
    "228":0.008082114281095934,
    "229":0.0,
    "230":0.0,
    "231":0.0,
    "232":0.008082114281095934,
    "233":0.0,
    "234":0.0,
    "235":0.008082114281095934,
    "236":0.008082114281095934,
    "237":0.0,
    "238":0.0,
    "239":0.008082114281095934,
    "240":0.0,
    "241":0.008082114281095934,
    "242":0.0,
    "243":0.0,
    "244":0.008082114281095934,
    "245":0.0,
    "246":0.0,
    "247":0.0,
    "248":0.0,
    "249":0.008082114281095934,
    "250":0.0,
    "251":0.0,
    "252":0.0,
    "253":0.0,
    "254":0.0,
    "255":0.0,
    "256":0.0,
    "257":0.0,
    "258":0.01616422856219187,
    "259":0.0,
    "260":0.0,
    "261":0.0,
    "262":0.008082114281095934,
    "263":0.03232845712438374,
    "264":0.0,
    "265":0.01616422856219187,
    "266":0.008082114281095934,
    "267":0.0,
    "268":0.0,
    "269":0.0,
    "270":0.0,
    "271":0.008082114281095934,
    "272":0.0,
    "273":0.0,
    "274":0.0,
    "275":0.0,
    "276":0.008082114281095934,
    "277":0.0,
    "278":0.008082114281095934,
    "279":0.0,
    "280":0.008082114281095934,
    "281":0.0,
    "282":0.0,
    "283":0.01616422856219187,
    "284":0.0,
    "285":0.0,
    "286":0.008082114281095934,
    "287":0.0,
    "288":0.0,
    "289":0.0,
    "290":0.0,
    "291":0.0,
    "292":0.0,
    "293":0.0,
    "294":0.0,
    "295":0.008082114281095934,
    "296":0.0,
    "297":0.0,
    "298":0.0,
    "299":0.0,
    "300":0.0,