{
    "0":2.6611352828088637,
    "1":0.7285237276130729,
    "2":1.0017201254679753,
    "3":1.1636142871597694,
    "4":0.14165739148031972,
    "5":0.20236770211474248,
    "6":0.4148537893352221,
    "7":0.6273398765557018,
    "8":1.2040878275827178,
    "9":1.5177577658605688,
    "10":1.5379945360720428,
    "11":1.1332591318425578,
    "12":1.0826672063138723,
    "13":1.5885864616007286,
    "14":1.6695335424466256,
    "15":1.2040878275827178,
    "16":1.1332591318425578,
    "17":1.052312050996661,
    "18":1.224324597794192,
    "19":1.3457452190630377,
    "20":1.527876150966306,
    "21":1.5987048467064657,
    "22":1.7302438530810482,
    "23":1.3558636041687746,
    "24":1.8213093190326823,
    "25":1.6594151573408884,
    "26":1.3659819892745118,
    "27":1.4064555296974601,
    "28":1.527876150966306,
    "29":1.4368106850146718,
    "30":1.6998886977638368,
    "31":1.5379945360720428,
    "32":1.5177577658605688,
    "33":1.780835778609734,
    "34":1.4570474552261459,
    "35":1.639178387129414,
    "36":1.5582313062835171,
    "37":1.5076393807548316,
    "38":1.4874026105433573,
    "39":1.0826672063138723,
    "40":1.1332591318425578,
    "41":1.1534959020540323,
    "42":0.971364970150764,
    "43":1.1636142871597694,
    "44":0.7689972680360214,
    "45":1.0017201254679753,
    "46":1.1130223616310837,
    "47":1.0118385105737124,
    "48":1.0320752807851865,
    "49":1.0421936658909237,
    "50":0.8094708084589699,
    "51":0.8701811190933927,
    "52":0.9916017403622381,
    "53":0.9410098148335525,
    "54":0.8499443488819184,
    "55":0.9511281999392897,
    "56":0.7791156531417586,
    "57":0.7588788829302844,
    "58":0.8094708084589699,
    "59":0.7588788829302844,
    "60":0.6071031063442275,
    "61":0.5868663361327532,
    "62":0.657695031872913,
    "63":0.485682485075382,
    "64":0.5969847212384903,
    "65":0.485682485075382,
    "66":0.5565111808155419,
    "67":0.49580087018111907,
    "68":0.5969847212384903,
    "69":0.657695031872913,
    "70":0.5362744106040677,
    "71":0.6273398765557018,
    "72":0.647576646767176,
    "73":0.7791156531417586,
    "74":0.4755640999696448,
    "75":0.6172214914499646,
    "76":0.5160376403925933,
    "77":0.49580087018111907,
    "78":0.5160376403925933,
    "79":0.4148537893352221,
    "80":0.4452089446524335,
    "81":0.5565111808155419,
    "82":0.46544571486390773,
    "83":0.5261560254983305,
    "84":0.4148537893352221,
    "85":0.5362744106040677,
    "86":0.36426186380653647,
    "87":0.33390670848932513,
    "88":0.3541434787007994,
    "89":0.3440250935950622,
    "90":0.3440250935950622,
    "91":0.4148537893352221,
    "92":0.2934331680663766,
    "93":0.27319639785490235,
    "94":0.323788323383588,
    "95":0.2934331680663766,
    "96":0.2529596276434281,
    "97":0.323788323383588,
    "98":0.30355155317211374,
    "99":0.3136699382778509,
    "100":0.22260447232621675,
    "101":0.22260447232621675,
    "102":0.28331478296063944,
    "103":0.26307801274916526,
    "104":0.33390670848932513,
    "105":0.3440250935950622,
    "106":0.39461701912374786,
    "107":0.11130223616310837,
    "108":0.23272285743195387,
    "109":0.11130223616310837,
    "110":0.13153900637458263,
    "111":0.13153900637458263,
    "112":0.1214206212688455,
    "113":0.15177577658605687,
    "114":0.2124860872204796,
    "115":0.080947080845897,
    "116":0.07082869574015986,
    "117":0.1214206212688455,
    "118":0.09106546595163412,
    "119":0.09106546595163412,
    "120":0.161894161691794,
    "121":0.11130223616310837,
    "122":0.0404735404229485,
    "123":0.080947080845897,
    "124":0.09106546595163412,
    "125":0.10118385105737124,
    "126":0.09106546595163412,
    "127":0.05059192552868562,
    "128":0.10118385105737124,
    "129":0.09106546595163412,
    "130":0.080947080845897,
    "131":0.05059192552868562,
    "132":0.05059192552868562,
    "133":0.05059192552868562,
    "134":0.05059192552868562,
    "135":0.0404735404229485,
    "136":0.030355155317211373,
    "137":0.0404735404229485,
    "138":0.07082869574015986,
    "139":0.07082869574015986,
    "140":0.0,
    "141":0.080947080845897,
    "142":0.0404735404229485,
    "143":0.0404735404229485,
    "144":0.07082869574015986,
    "145":0.09106546595163412,
    "146":0.080947080845897,
    "147":0.06071031063442275,
    "148":0.080947080845897,
    "149":0.07082869574015986,
    "150":0.06071031063442275,
    "151":0.05059192552868562,
    "152":0.0404735404229485,
    "153":0.030355155317211373,
    "154":0.0404735404229485,
    "155":0.02023677021147425,
    "156":0.0404735404229485,
    "157":0.080947080845897,
    "158":0.0404735404229485,
    "159":0.05059192552868562,
    "160":0.06071031063442275,
    "161":0.06071031063442275,
    "162":0.030355155317211373,
    "163":0.0404735404229485,
    "164":0.05059192552868562,
    "165":0.05059192552868562,
    "166":0.06071031063442275,
    "167":0.07082869574015986,
    "168":0.09106546595163412,
    "169":0.05059192552868562,
    "170":0.010118385105737124,
    "171":0.02023677021147425,
    "172":0.11130223616310837,
    "173":0.06071031063442275,
    "174":0.02023677021147425,
    "175":0.0404735404229485,
    "176":0.0404735404229485,
    "177":0.06071031063442275,
    "178":0.07082869574015986,
    "179":0.030355155317211373,
    "180":0.0404735404229485,
    "181":0.05059192552868562,
    "182":0.080947080845897,
    "183":0.0404735404229485,
    "184":0.09106546595163412,
    "185":0.06071031063442275,
    "186":0.080947080845897,
    "187":0.030355155317211373,
    "188":0.06071031063442275,
    "189":0.010118385105737124,
    "190":0.010118385105737124,
    "191":0.02023677021147425,
    "192":0.0,
    "193":0.02023677021147425,
    "194":0.010118385105737124,
    "195":0.02023677021147425,
    "196":0.0,
    "197":0.030355155317211373,
    "198":0.0404735404229485,
    "199":0.030355155317211373,
    "200":0.02023677021147425,
    "201":0.0,
    "202":0.030355155317211373,
    "203":0.010118385105737124,
    "204":0.02023677021147425,
    "205":0.010118385105737124,
    "206":0.02023677021147425,
    "207":0.030355155317211373,
    "208":0.010118385105737124,
    "209":0.0,
    "210":0.02023677021147425,
    "211":0.030355155317211373,
    "212":0.010118385105737124,
    "213":0.0,
    "214":0.030355155317211373,
    "215":0.010118385105737124,
    "216":0.02023677021147425,
    "217":0.030355155317211373,
    "218":0.010118385105737124,
    "219":0.030355155317211373,
    "220":0.06071031063442275,
    "221":0.0,
    "222":0.030355155317211373,
    "223":0.0,
    "224":0.010118385105737124,
    "225":0.010118385105737124,
    "226":0.0404735404229485,
    "227":0.02023677021147425,
    "228":0.030355155317211373,
    "229":0.05059192552868562,
    "230":0.010118385105737124,
    "231":0.010118385105737124,
    "232":0.030355155317211373,
    "233":0.02023677021147425,
    "234":0.010118385105737124,
    "235":0.0,
    "236":0.02023677021147425,
    "237":0.010118385105737124,
    "238":0.030355155317211373,
    "239":0.0,
    "240":0.010118385105737124,
    "241":0.0,
    "242":0.02023677021147425,
    "243":0.05059192552868562,
    "244":0.0,
    "245":0.030355155317211373,
    "246":0.010118385105737124,
    "247":0.0,
    "248":0.0,
    "249":0.0,
    "250":0.0,
    "251":0.0,
    "252":0.0,
    "253":0.010118385105737124,
    "254":0.0,
    "255":0.0,
    "256":0.0,
    "257":0.0,
    "258":0.0,
    "259":0.0,
    "260":0.0,
    "261":0.0,
    "262":0.0,
    "263":0.0,
    "264":0.0,
    "265":0.0,
    "266":0.0,
    "267":0.0,
    "268":0.0,
    "269":0.0,
    "270":0.0,
    "271":0.0,
    "272":0.0,
    "273":0.0,
    "274":0.0,
    "275":0.0,
    "276":0.0,
    "277":0.0,
    "278":0.0,
    "279":0.0,
    "280":0.0,
    "281":0.0,
    "282":0.0,
    "283":0.0,
    "284":0.0,
    "285":0.0,
    "286":0.0,
    "287":0.0,
    "288":0.0,
    "289":0.0,
    "290":0.0,
    "291":0.0,
    "292":0.0,
    "293":0.0,
    "294":0.0,
    "295":0.0,