{
    "0":[
        [
            -19.917051133507435,
            -43.948549676983774
        ]
    ],
    "1":[
        [
            -19.91199102114562,
            -43.94244590949698
        ]
    ],
    "2":[
        [
            -19.918461809626645,
            -43.948940814238185
        ]
    ],
    "3":[
        [
            -19.90733828562462,
            -43.94532689614083
        ]
    ],
    "4":[
        [
            -19.91909134020398,
            -43.93721201721954
        ]
    ],
    "5":[
        [
            -19.92759262726869,
            -43.95103022150895
        ]
    ],
    "6":[
        [
            -19.91610213502968,
            -43.94200849727783
        ]
    ],
    "7":[
        [
            -19.919062835645466,
            -43.94889762227897
        ]
    ],
    "8":[
        [
            -19.912834699305886,
            -43.95219206555545
        ]
    ],
    "9":[
        [
            -19.91813334195698,
            -43.94264456626228
        ]
    ],
    "path":[
        [
            300000000001,
            8269122580,
            60649322,
            29096834,
            29095772,
            8277454798,
            28109329,
            4894306911,
            29095393,
            300000000003
        ],
        [
            300000000003,
            29095022,
            300000000008
        ],
        [
            300000000008,
            29095022,
            29095393,
            29096406,
            321403477,
            28109328,
            3203253034,
            31830348,
            31830341,
            31829631,
            451022479,
            335352436,
            6399693734,
            6399693732,
            321049947,
            448203551,
            8231064599,
            61785365,
            61785364,
            300000000002
        ],
        [
            300000000002,
            31829637,
            29544281,
            2618540179,
            2618540183,
            2684142546,
            3039400037,
            2684159593,
            29160545,
            300000000007
        ],
        [
            300000000007,
            29160545,
            3039400040,
            29711987,
            5444027647,
            5441037102,
            321042079,
            1818421222,
            321049973,
            3203252247,
            6399693734,
            1818421231,
            1083142781,
            61785387,
            3202597990,
            61785389,
            61814732,
            61785391,
            8226856434,
            300000000004
        ],
        [
            300000000004,
            8226856434,
            61785391,
            61814732,
            775596345,
            2314411421,
            4701325163,
            4894437732,
            4894306878,
            4994859603,
            1273195041,
            5090085494,
            7283893464,
            7283893463,
            35927151,
            3699726847,
            35927156,
            29160771,
            3699726852,
            29160550,
            7283893469,
            3699726854,
            29096707,
            8272982186,
            8272982187,
            5049636834,
            2903602123,
            5049636832,
            5049636833,
            2903602127,
            2903602130,
            300000000005
        ],
        [
            300000000005,
            29096145,
            5378208017,
            5041878814,
            5041878815,
            5378208018,
            5456961284,
            5041878812,
            32448892,
            2931009202,
            6407949753,
            6407949752,
            6407949754,
            6131678498,
            6131678499,
            6131678496,
            3706620243,
            29095724,
            32448876,
            348047524,
            32448889,
            2931015004,
            324773722,
            2828780501,
            2828780801,
            3936935212,
            29096535,
            994509646,
            28800979,
            2388312354,
            5459976301,
            1068693077,
            1068693074,
            1068693104,
            1068693067,
            29555395,
            2388312350,
            5041851248,
            5041851249,
            5041851250,
            32448869,
            324773984,
            60649318,
            994509747,
            41416540,
            41416552,
            32448870,
            36417886,
            5364576206,
            5364576203,
            5364576202,
            2843884301,
            2843884101,
            300000000006
        ],
        [
            300000000006,
            2843884101,
            2843884301,
            5364576202,
            5364576203,
            5364576206,
            36417886,
            32448870,
            60649274,
            4682305710,
            4682305693,
            4682305708,
            35927179,
            60649320,
            5242447657,
            60649321,
            60649386,
            60649387,
            60649390,
            2386325178,
            321403428,
            2277624896,
            321403410,
            61821541,
            4524664456,
            2279592750,
            2279593426,
            2053040756,
            5238125685,
            27685699,
            31890036,
            3432112051,
            31890038,
            3432112052,
            3432112049,
            27685697,
            2563404305,
            60317929,
            60317931,
            300000000009
        ],
        [
            300000000009,
            60317931,
            60317929,
            3432112053,
            34992675,
            3432112056,
            34851813,
            61785363,
            28294355,
            2388186746,
            2388186748,
            61785366,
            31829648,
            31829635,
            31899585,
            2618540183,
            2684142546,
            3039400037,
            2684159593,
            29160545,
            300000000007,
            29145510,
            29145509,
            300000000010
        ]
    ],
    "total_length":13253.63662706061,
    "work_total":1151180.5451503592
}