{
    "0":[
        [
            -19.91785913626042,
            -43.94153441495686
        ]
    ],
    "1":[
        [
            -19.91596594524454,
            -43.948155756813726
        ]
    ],
    "2":[
        [
            -19.91784978755902,
            -43.93633677950833
        ]
    ],
    "3":[
        [
            -19.914408612118716,
            -43.93548593756118
        ]
    ],
    "4":[
        [
            -19.922289299958013,
            -43.94531621793973
        ]
    ],
    "5":[
        [
            -19.92152123814126,
            -43.94497410060978
        ]
    ],
    "6":[
        [
            -19.921487694054,
            -43.93758231378122
        ]
    ],
    "7":[
        [
            -19.9224323939674,
            -43.94461052738547
        ]
    ],
    "8":[
        [
            -19.916219077638953,
            -43.93763786157839
        ]
    ],
    "9":[
        [
            -19.925767178008453,
            -43.94061237122414
        ]
    ],
    "path":[
        [
            300000000001,
            6407949749,
            6407949750,
            29096549,
            1273201207,
            29096667,
            5475841282,
            321042274,
            1273201210,
            5441037124,
            2845292201,
            29145511,
            29096156,
            300000000009
        ],
        [
            300000000009,
            29096156,
            29096707,
            8272982186,
            8272982187,
            5049636834,
            2903602123,
            5049636832,
            300000000003
        ],
        [
            300000000003,
            5049636832,
            2903602123,
            32448882,
            32448896,
            2903602130,
            2903602131,
            29096145,
            32449481,
            32449482,
            28109262,
            5462242773,
            5462242774,
            8272733828,
            8272733824,
            8272733823,
            300000000007
        ],
        [
            300000000007,
            8272733823,
            8272733824,
            8272733828,
            5462242774,
            5462242773,
            5456961284,
            5041878812,
            32448892,
            2931009202,
            6407949753,
            4459870190,
            6407949754,
            6131678498,
            6131678499,
            6131678496,
            3706620243,
            29095724,
            32448876,
            348047524,
            32448889,
            2931015004,
            324773722,
            2828733705,
            2828733505,
            32448887,
            5041879429,
            32448886,
            5041859079,
            5041859081,
            2388312352,
            1288421551,
            1068693082,
            300000000008
        ],
        [
            300000000008,
            6379966352,
            1068693058,
            300000000005
        ],
        [
            300000000005,
            6379966352,
            1068693086,
            8427336825,
            2388312353,
            2388312349,
            1288421553,
            993654834,
            28800978,
            300000000006
        ],
        [
            300000000006,
            28800978,
            994509685,
            29124051,
            29096835,
            4524776810,
            4524776809,
            60649323,
            60649322,
            8269122580,
            31890998,
            31890993,
            31890893,
            31890891,
            31890888,
            2314391082,
            2314391103,
            8237250125,
            38428097,
            2314391122,
            38428102,
            61785355,
            2314391116,
            38428095,
            2314391100,
            300000000002
        ],
        [
            300000000002,
            2314391100,
            61785359,
            8231216152,
            61785360,
            2314391124,
            7396345088,
            2296385387,
            8226703628,
            2277624876,
            31829631,
            451022479,
            335352436,
            339319079,
            4894306882,
            28109273,
            1818421228,
            3842430990,
            3842430998,
            5557715228,
            61764213,
            3699726858,
            27584879,
            4893037796,
            4893037826,
            4893037797,
            300000000004
        ],
        [
            300000000004,
            4893037797,
            4893037826,
            27563812,
            4893037828,
            2827372801,
            29096628,
            2827403001,
            3042548692,
            5475841273,
            5475841271,
            35927160,
            35927156,
            7283893461,
            7283893463,
            35927151,
            1505099174,
            5441037125,
            7283893464,
            7283893465,
            5441037106,
            1505099175,
            61764192,
            321042163,
            7283893467,
            1273201209,
            35927127,
            35927123,
            6407955807,
            3699726842,
            29145510,
            29145509,
            35930992,
            35930991,
            29124052,
            29124051,
            994509685,
            28800978,
            993654834,
            32448873,
            32448886,
            28800979,
            993654844,
            1288421473,
            35968163,
            994509631,
            35968160,
            35968158,
            35968157,
            28801013,
            28801014,
            300000000010
        ]
    ],
    "total_length":9806.952455322044,
    "work_total":755739.524877727
}