{
    "0":0.9394363381970817,
    "1":0.7295622626424146,
    "2":1.5890465720567661,
    "3":2.0087947231661003,
    "4":0.10993403957625424,
    "5":0.2298620827503498,
    "6":0.40975414751149314,
    "7":0.8594843094143514,
    "8":1.4791125324805117,
    "9":1.8289026584049568,
    "10":1.7689386368179092,
    "11":1.4191485108934638,
    "12":1.2792324605236858,
    "13":1.7689386368179092,
    "14":1.6789926044373376,
    "15":1.1692984209474315,
    "16":1.0993403957625425,
    "17":0.9994003597841296,
    "18":1.1393164101539077,
    "19":1.1892864281431141,
    "20":1.249250449730162,
    "21":1.4991005396761943,
    "22":1.4091545072956226,
    "23":1.319208474915051,
    "24":1.6689986008394961,
    "25":1.5390765540675595,
    "26":1.1393164101539077,
    "27":1.2392564461323206,
    "28":1.3292024785128924,
    "29":1.4791125324805117,
    "30":1.5890465720567661,
    "31":1.289226464121527,
    "32":1.4291425144913052,
    "33":1.7889266440135918,
    "34":1.529082550469718,
    "35":1.5490705576654007,
    "36":1.489106536078353,
    "37":1.4191485108934638,
    "38":1.4391365180891464,
    "39":1.119328402958225,
    "40":1.0993403957625425,
    "41":1.1892864281431141,
    "42":1.0993403957625425,
    "43":1.2392564461323206,
    "44":0.8794723166100339,
    "45":0.9594243453927642,
    "46":1.0593643813711773,
    "47":0.949430341794923,
    "48":1.0293823705776532,
    "49":1.149310413751749,
    "50":0.8794723166100339,
    "51":0.8794723166100339,
    "52":1.119328402958225,
    "53":1.0393763741754947,
    "54":0.8295022986208276,
    "55":1.1293224065560663,
    "56":0.8894663202078754,
    "57":0.8894663202078754,
    "58":0.8594843094143514,
    "59":0.7395562662402558,
    "60":0.5996402158704778,
    "61":0.5496701978812712,
    "62":0.7095742554467319,
    "63":0.5396761942834299,
    "64":0.5996402158704778,
    "65":0.5396761942834299,
    "66":0.6296222266640016,
    "67":0.579652208674795,
    "68":0.6196282230661603,
    "69":0.6995802518488907,
    "70":0.5996402158704778,
    "71":0.7495502698380971,
    "72":0.6496102338596842,
    "73":0.8095142914251449,
    "74":0.5296821906855886,
    "75":0.6496102338596842,
    "76":0.5696582050769539,
    "77":0.5396761942834299,
    "78":0.5196881870877473,
    "79":0.3897661403158105,
    "80":0.3897661403158105,
    "81":0.5496701978812712,
    "82":0.4497301619028583,
    "83":0.3797721367179692,
    "84":0.4497301619028583,
    "85":0.5196881870877473,
    "86":0.25984409354387367,
    "87":0.3597841295222866,
    "88":0.3697781331201279,
    "89":0.34979012592444536,
    "90":0.3697781331201279,
    "91":0.4297421547071757,
    "92":0.34979012592444536,
    "93":0.31980811513092144,
    "94":0.3597841295222866,
    "95":0.33979612232660406,
    "96":0.30981411153308014,
    "97":0.2898261043373975,
    "98":0.2298620827503498,
    "99":0.33979612232660406,
    "100":0.21986807915250847,
    "101":0.2998201079352389,
    "102":0.2298620827503498,
    "103":0.26983809714171497,
    "104":0.30981411153308014,
    "105":0.31980811513092144,
    "106":0.3597841295222866,
    "107":0.14991005396761944,
    "108":0.1798920647611433,
    "109":0.1798920647611433,
    "110":0.12992204677193683,
    "111":0.12992204677193683,
    "112":0.21986807915250847,
    "113":0.13991605036977814,
    "114":0.13991605036977814,
    "115":0.06995802518488907,
    "116":0.07995202878273036,
    "117":0.09994003597841294,
    "118":0.07995202878273036,
    "119":0.09994003597841294,
    "120":0.15990405756546072,
    "121":0.11992804317409553,
    "122":0.01998800719568259,
    "123":0.06995802518488907,
    "124":0.08994603238057165,
    "125":0.07995202878273036,
    "126":0.07995202878273036,
    "127":0.059964021587047764,
    "128":0.07995202878273036,
    "129":0.04997001798920647,
    "130":0.07995202878273036,
    "131":0.03997601439136518,
    "132":0.04997001798920647,
    "133":0.029982010793523882,
    "134":0.059964021587047764,
    "135":0.03997601439136518,
    "136":0.029982010793523882,
    "137":0.03997601439136518,
    "138":0.059964021587047764,
    "139":0.04997001798920647,
    "140":0.009994003597841295,
    "141":0.07995202878273036,
    "142":0.03997601439136518,
    "143":0.03997601439136518,
    "144":0.09994003597841294,
    "145":0.09994003597841294,
    "146":0.04997001798920647,
    "147":0.03997601439136518,
    "148":0.06995802518488907,
    "149":0.04997001798920647,
    "150":0.059964021587047764,
    "151":0.03997601439136518,
    "152":0.059964021587047764,
    "153":0.029982010793523882,
    "154":0.03997601439136518,
    "155":0.01998800719568259,
    "156":0.03997601439136518,
    "157":0.06995802518488907,
    "158":0.04997001798920647,
    "159":0.06995802518488907,
    "160":0.03997601439136518,
    "161":0.03997601439136518,
    "162":0.01998800719568259,
    "163":0.029982010793523882,
    "164":0.04997001798920647,
    "165":0.04997001798920647,
    "166":0.059964021587047764,
    "167":0.04997001798920647,
    "168":0.06995802518488907,
    "169":0.04997001798920647,
    "170":0.01998800719568259,
    "171":0.01998800719568259,
    "172":0.07995202878273036,
    "173":0.059964021587047764,
    "174":0.01998800719568259,
    "175":0.029982010793523882,
    "176":0.03997601439136518,
    "177":0.029982010793523882,
    "178":0.059964021587047764,
    "179":0.029982010793523882,
    "180":0.029982010793523882,
    "181":0.01998800719568259,
    "182":0.059964021587047764,
    "183":0.03997601439136518,
    "184":0.059964021587047764,
    "185":0.07995202878273036,
    "186":0.04997001798920647,
    "187":0.029982010793523882,
    "188":0.03997601439136518,
    "189":0.009994003597841295,
    "190":0.009994003597841295,
    "191":0.01998800719568259,
    "192":0.0,
    "193":0.01998800719568259,
    "194":0.0,
    "195":0.01998800719568259,
    "196":0.0,
    "197":0.029982010793523882,
    "198":0.03997601439136518,
    "199":0.029982010793523882,
    "200":0.01998800719568259,
    "201":0.0,
    "202":0.029982010793523882,
    "203":0.009994003597841295,
    "204":0.01998800719568259,
    "205":0.009994003597841295,
    "206":0.01998800719568259,
    "207":0.029982010793523882,
    "208":0.009994003597841295,
    "209":0.0,
    "210":0.01998800719568259,
    "211":0.029982010793523882,
    "212":0.009994003597841295,
    "213":0.0,
    "214":0.029982010793523882,
    "215":0.009994003597841295,
    "216":0.01998800719568259,
    "217":0.029982010793523882,
    "218":0.009994003597841295,
    "219":0.029982010793523882,
    "220":0.059964021587047764,
    "221":0.0,
    "222":0.029982010793523882,
    "223":0.0,
    "224":0.009994003597841295,
    "225":0.009994003597841295,
    "226":0.03997601439136518,
    "227":0.01998800719568259,
    "228":0.029982010793523882,
    "229":0.04997001798920647,
    "230":0.0,
    "231":0.009994003597841295,
    "232":0.029982010793523882,
    "233":0.01998800719568259,
    "234":0.009994003597841295,
    "235":0.0,
    "236":0.01998800719568259,
    "237":0.009994003597841295,
    "238":0.029982010793523882,
    "239":0.0,
    "240":0.01998800719568259,
    "241":0.0,
    "242":0.01998800719568259,
    "243":0.04997001798920647,
    "244":0.0,
    "245":0.029982010793523882,
    "246":0.009994003597841295,
    "247":0.0,
    "248":0.0,
    "249":0.0,
    "250":0.0,
    "251":0.0,
    "252":0.0,
    "253":0.0,
    "254":0.009994003597841295,
    "255":0.0,
    "256":0.0,
    "257":0.0,
    "258":0.0,
    "259":0.0,
    "260":0.0,
    "261":0.0,
    "262":0.0,
    "263":0.0,
    "264":0.0,
    "265":0.0,
    "266":0.0,
    "267":0.0,
    "268":0.0,
    "269":0.0,
    "270":0.0,
    "271":0.0,
    "272":0.0,
    "273":0.0,
    "274":0.0,
    "275":0.0,
    "276":0.0,
    "277":0.0,
    "278":0.0,
    "279":0.0,
    "280":0.0,
    "281":0.0,
    "282":0.0,
    "283":0.0,
    "284":0.0,
    "285":0.0,
    "286":0.0,
    "287":0.0,
    "288":0.0,
    "289":0.0,
    "290":0.0,
    "291":0.0,
    "292":0.0,