{
    "0":0.8333333333333334,
    "1":0.7394366197183099,
    "2":3.855633802816901,
    "3":2.857981220657277,
    "4":2.276995305164319,
    "5":2.323943661971831,
    "6":1.6607981220657277,
    "7":2.136150234741784,
    "8":2.15962441314554,
    "9":2.470657276995305,
    "10":2.4530516431924885,
    "11":2.5880281690140845,
    "12":2.652582159624413,
    "13":2.147887323943662,
    "14":2.2065727699530515,
    "15":2.2300469483568075,
    "16":1.8896713615023475,
    "17":1.255868544600939,
    "18":1.0446009389671362,
    "19":1.062206572769953,
    "20":1.0093896713615023,
    "21":1.1971830985915493,
    "22":1.232394366197183,
    "23":0.9272300469483568,
    "24":1.0211267605633803,
    "25":1.0974178403755868,
    "26":0.9800469483568075,
    "27":0.9917840375586854,
    "28":0.9917840375586854,
    "29":0.903755868544601,
    "30":1.0387323943661972,
    "31":0.9976525821596244,
    "32":0.903755868544601,
    "33":0.9448356807511737,
    "34":1.0093896713615023,
    "35":1.0446009389671362,
    "36":0.9800469483568075,
    "37":0.9917840375586854,
    "38":0.9213615023474179,
    "39":0.7805164319248826,
    "40":0.8744131455399061,
    "41":0.7746478873239436,
    "42":0.8685446009389671,
    "43":0.7922535211267605,
    "44":0.8157276995305165,
    "45":0.9213615023474179,
    "46":0.6924882629107981,
    "47":0.7629107981220657,
    "48":0.7687793427230046,
    "49":0.8392018779342724,
    "50":0.6807511737089201,
    "51":0.6396713615023474,
    "52":0.710093896713615,
    "53":0.6807511737089201,
    "54":0.7042253521126761,
    "55":0.6690140845070423,
    "56":0.6631455399061033,
    "57":0.4694835680751174,
    "58":0.5633802816901409,
    "59":0.5105633802816901,
    "60":0.42253521126760557,
    "61":0.5692488262910798,
    "62":0.4049295774647887,
    "63":0.5046948356807511,
    "64":0.5223004694835681,
    "65":0.4694835680751174,
    "66":0.5046948356807511,
    "67":0.39319248826291076,
    "68":0.4166666666666667,
    "69":0.3755868544600939,
    "70":0.42253521126760557,
    "71":0.35211267605633806,
    "72":0.36971830985915494,
    "73":0.4049295774647887,
    "74":0.4518779342723005,
    "75":0.4284037558685446,
    "76":0.34624413145539906,
    "77":0.3814553990610329,
    "78":0.35211267605633806,
    "79":0.32863849765258213,
    "80":0.31103286384976525,
    "81":0.25234741784037557,
    "82":0.3755868544600939,
    "83":0.363849765258216,
    "84":0.3873239436619718,
    "85":0.32863849765258213,
    "86":0.3227699530516432,
    "87":0.35211267605633806,
    "88":0.31690140845070425,
    "89":0.2992957746478873,
    "90":0.24647887323943662,
    "91":0.2640845070422535,
    "92":0.31103286384976525,
    "93":0.31103286384976525,
    "94":0.18779342723004694,
    "95":0.16431924882629106,
    "96":0.25821596244131456,
    "97":0.21713615023474178,
    "98":0.2640845070422535,
    "99":0.22300469483568075,
    "100":0.17605633802816903,
    "101":0.1936619718309859,
    "102":0.17605633802816903,
    "103":0.25234741784037557,
    "104":0.17018779342723003,
    "105":0.1936619718309859,
    "106":0.21713615023474178,
    "107":0.21713615023474178,
    "108":0.14671361502347416,
    "109":0.17018779342723003,
    "110":0.15845070422535212,
    "111":0.10563380281690139,
    "112":0.14671361502347416,
    "113":0.17018779342723003,
    "114":0.10563380281690139,
    "115":0.15258215962441316,
    "116":0.11737089201877934,
    "117":0.10563380281690139,
    "118":0.07629107981220658,
    "119":0.11737089201877934,
    "120":0.07629107981220658,
    "121":0.10563380281690139,
    "122":0.07629107981220658,
    "123":0.07629107981220658,
    "124":0.10563380281690139,
    "125":0.06455399061032864,
    "126":0.12910798122065728,
    "127":0.052816901408450696,
    "128":0.07042253521126761,
    "129":0.09389671361502347,
    "130":0.041079812206572766,
    "131":0.10563380281690139,
    "132":0.08802816901408451,
    "133":0.09976525821596245,
    "134":0.09976525821596245,
    "135":0.06455399061032864,
    "136":0.09389671361502347,
    "137":0.052816901408450696,
    "138":0.09976525821596245,
    "139":0.035211267605633804,
    "140":0.08802816901408451,
    "141":0.06455399061032864,
    "142":0.09976525821596245,
    "143":0.06455399061032864,
    "144":0.05868544600938967,
    "145":0.023474178403755867,
    "146":0.07629107981220658,
    "147":0.046948356807511735,
    "148":0.035211267605633804,
    "149":0.07042253521126761,
    "150":0.07042253521126761,
    "151":0.046948356807511735,
    "152":0.017605633802816902,
    "153":0.06455399061032864,
    "154":0.07629107981220658,
    "155":0.05868544600938967,
    "156":0.06455399061032864,
    "157":0.07629107981220658,
    "158":0.06455399061032864,
    "159":0.046948356807511735,
    "160":0.035211267605633804,
    "161":0.041079812206572766,
    "162":0.05868544600938967,
    "163":0.052816901408450696,
    "164":0.052816901408450696,
    "165":0.035211267605633804,
    "166":0.035211267605633804,
    "167":0.029342723004694836,
    "168":0.029342723004694836,
    "169":0.023474178403755867,
    "170":0.029342723004694836,
    "171":0.011737089201877934,
    "172":0.052816901408450696,
    "173":0.035211267605633804,
    "174":0.029342723004694836,
    "175":0.035211267605633804,
    "176":0.041079812206572766,
    "177":0.035211267605633804,
    "178":0.052816901408450696,
    "179":0.041079812206572766,
    "180":0.011737089201877934,
    "181":0.029342723004694836,
    "182":0.046948356807511735,
    "183":0.035211267605633804,
    "184":0.035211267605633804,
    "185":0.052816901408450696,
    "186":0.011737089201877934,
    "187":0.052816901408450696,
    "188":0.046948356807511735,
    "189":0.07042253521126761,
    "190":0.07042253521126761,
    "191":0.017605633802816902,
    "192":0.011737089201877934,
    "193":0.023474178403755867,
    "194":0.041079812206572766,
    "195":0.041079812206572766,
    "196":0.017605633802816902,
    "197":0.029342723004694836,
    "198":0.052816901408450696,
    "199":0.017605633802816902,
    "200":0.017605633802816902,
    "201":0.041079812206572766,
    "202":0.023474178403755867,
    "203":0.023474178403755867,
    "204":0.017605633802816902,
    "205":0.046948356807511735,
    "206":0.046948356807511735,
    "207":0.017605633802816902,
    "208":0.023474178403755867,
    "209":0.0,
    "210":0.029342723004694836,
    "211":0.023474178403755867,
    "212":0.023474178403755867,
    "213":0.017605633802816902,
    "214":0.041079812206572766,
    "215":0.011737089201877934,
    "216":0.035211267605633804,
    "217":0.029342723004694836,
    "218":0.035211267605633804,
    "219":0.017605633802816902,
    "220":0.017605633802816902,
    "221":0.029342723004694836,
    "222":0.005868544600938967,
    "223":0.029342723004694836,
    "224":0.023474178403755867,
    "225":0.005868544600938967,
    "226":0.035211267605633804,
    "227":0.035211267605633804,
    "228":0.023474178403755867,
    "229":0.011737089201877934,
    "230":0.046948356807511735,
    "231":0.017605633802816902,
    "232":0.011737089201877934,
    "233":0.029342723004694836,
    "234":0.011737089201877934,
    "235":0.029342723004694836,
    "236":0.029342723004694836,
    "237":0.05868544600938967,
    "238":0.005868544600938967,
    "239":0.023474178403755867,
    "240":0.017605633802816902,
    "241":0.005868544600938967,
    "242":0.029342723004694836,
    "243":0.05868544600938967,
    "244":0.035211267605633804,
    "245":0.017605633802816902,
    "246":0.029342723004694836,
    "247":0.011737089201877934,
    "248":0.017605633802816902,
    "249":0.011737089201877934,
    "250":0.011737089201877934,
    "251":0.052816901408450696,
    "252":0.005868544600938967,
    "253":0.029342723004694836,
    "254":0.029342723004694836,
    "255":0.029342723004694836,
    "256":0.023474178403755867,
    "257":0.017605633802816902,
    "258":0.017605633802816902,
    "259":0.017605633802816902,
    "260":0.017605633802816902,