{
    "0":0.6929295521621968,
    "1":4.208905427948158,
    "2":3.823944565635827,
    "3":2.9128705248299758,
    "4":3.413319645836007,
    "5":3.272167329654818,
    "6":2.5792377774926214,
    "7":2.0659566277428465,
    "8":1.5526754779930707,
    "9":1.3858591043243935,
    "10":1.231874759399461,
    "11":1.5270114205055818,
    "12":1.629667650455537,
    "13":2.3225972026177337,
    "14":2.296933145130245,
    "15":2.2071089439240343,
    "16":2.2327730014115232,
    "17":2.3097651738739895,
    "18":2.553573720005133,
    "19":2.1429488002053123,
    "20":1.9889644552803798,
    "21":1.9504683690491469,
    "22":1.9119722828179135,
    "23":1.5141793917618376,
    "24":1.2447067881432055,
    "25":1.4115231618118824,
    "26":1.129218529449506,
    "27":1.1805466444244836,
    "28":1.1163865007057616,
    "29":0.859745925830874,
    "30":1.0522263569870396,
    "31":0.859745925830874,
    "32":0.7827537533684075,
    "33":0.834081868343385,
    "34":0.8469138970871294,
    "35":0.9495701270370847,
    "36":0.7827537533684075,
    "37":0.9239060695495958,
    "38":0.7827537533684075,
    "39":0.6544334659309637,
    "40":0.834081868343385,
    "41":0.7570896958809188,
    "42":0.564609264724753,
    "43":0.5774412934684974,
    "44":0.5389452072372642,
    "45":0.5389452072372642,
    "46":0.5389452072372642,
    "47":0.564609264724753,
    "48":0.397792891056076,
    "49":0.5774412934684974,
    "50":0.5517772359810086,
    "51":0.5004491210060311,
    "52":0.397792891056076,
    "53":0.4234569485435647,
    "54":0.4876170922622867,
    "55":0.4362889772873091,
    "56":0.397792891056076,
    "57":0.3721288335685872,
    "58":0.397792891056076,
    "59":0.33363274733735404,
    "60":0.30796868984986525,
    "61":0.4106249197998203,
    "62":0.23097651738739894,
    "63":0.2951366611061209,
    "64":0.32080071859360965,
    "65":0.2951366611061209,
    "66":0.3464647760810984,
    "67":0.35929680482484283,
    "68":0.2823046323623765,
    "69":0.20531245989991015,
    "70":0.16681637366867702,
    "71":0.17964840241242142,
    "72":0.16681637366867702,
    "73":0.20531245989991015,
    "74":0.30796868984986525,
    "75":0.2951366611061209,
    "76":0.25664057487488773,
    "77":0.32080071859360965,
    "78":0.17964840241242142,
    "79":0.1924804311561658,
    "80":0.24380854613114336,
    "81":0.17964840241242142,
    "82":0.17964840241242142,
    "83":0.3464647760810984,
    "84":0.2951366611061209,
    "85":0.11548825869369947,
    "86":0.23097651738739894,
    "87":0.24380854613114336,
    "88":0.20531245989991015,
    "89":0.1924804311561658,
    "90":0.06416014371872193,
    "91":0.17964840241242142,
    "92":0.15398434492493263,
    "93":0.1924804311561658,
    "94":0.11548825869369947,
    "95":0.12832028743744386,
    "96":0.1924804311561658,
    "97":0.16681637366867702,
    "98":0.25664057487488773,
    "99":0.12832028743744386,
    "100":0.15398434492493263,
    "101":0.17964840241242142,
    "102":0.1924804311561658,
    "103":0.15398434492493263,
    "104":0.21814448864365454,
    "105":0.2694726036186321,
    "106":0.1924804311561658,
    "107":0.14115231618118826,
    "108":0.10265622994995507,
    "109":0.24380854613114336,
    "110":0.15398434492493263,
    "111":0.11548825869369947,
    "112":0.12832028743744386,
    "113":0.08982420120621071,
    "114":0.11548825869369947,
    "115":0.11548825869369947,
    "116":0.10265622994995507,
    "117":0.12832028743744386,
    "118":0.012832028743744384,
    "119":0.10265622994995507,
    "120":0.12832028743744386,
    "121":0.12832028743744386,
    "122":0.17964840241242142,
    "123":0.15398434492493263,
    "124":0.20531245989991015,
    "125":0.16681637366867702,
    "126":0.10265622994995507,
    "127":0.08982420120621071,
    "128":0.06416014371872193,
    "129":0.06416014371872193,
    "130":0.11548825869369947,
    "131":0.038496086231233156,
    "132":0.07699217246246631,
    "133":0.07699217246246631,
    "134":0.14115231618118826,
    "135":0.17964840241242142,
    "136":0.06416014371872193,
    "137":0.17964840241242142,
    "138":0.14115231618118826,
    "139":0.11548825869369947,
    "140":0.012832028743744384,
    "141":0.07699217246246631,
    "142":0.05132811497497754,
    "143":0.05132811497497754,
    "144":0.15398434492493263,
    "145":0.08982420120621071,
    "146":0.07699217246246631,
    "147":0.08982420120621071,
    "148":0.038496086231233156,
    "149":0.10265622994995507,
    "150":0.07699217246246631,
    "151":0.038496086231233156,
    "152":0.06416014371872193,
    "153":0.05132811497497754,
    "154":0.11548825869369947,
    "155":0.11548825869369947,
    "156":0.06416014371872193,
    "157":0.07699217246246631,
    "158":0.14115231618118826,
    "159":0.08982420120621071,
    "160":0.14115231618118826,
    "161":0.08982420120621071,
    "162":0.05132811497497754,
    "163":0.07699217246246631,
    "164":0.06416014371872193,
    "165":0.038496086231233156,
    "166":0.05132811497497754,
    "167":0.06416014371872193,
    "168":0.02566405748748877,
    "169":0.07699217246246631,
    "170":0.10265622994995507,
    "171":0.08982420120621071,
    "172":0.11548825869369947,
    "173":0.07699217246246631,
    "174":0.08982420120621071,
    "175":0.07699217246246631,
    "176":0.038496086231233156,
    "177":0.05132811497497754,
    "178":0.06416014371872193,
    "179":0.038496086231233156,
    "180":0.07699217246246631,
    "181":0.038496086231233156,
    "182":0.05132811497497754,
    "183":0.038496086231233156,
    "184":0.08982420120621071,
    "185":0.05132811497497754,
    "186":0.038496086231233156,
    "187":0.038496086231233156,
    "188":0.06416014371872193,
    "189":0.038496086231233156,
    "190":0.038496086231233156,
    "191":0.10265622994995507,
    "192":0.07699217246246631,
    "193":0.06416014371872193,
    "194":0.05132811497497754,
    "195":0.012832028743744384,
    "196":0.038496086231233156,
    "197":0.08982420120621071,
    "198":0.08982420120621071,
    "199":0.06416014371872193,
    "200":0.05132811497497754,
    "201":0.06416014371872193,
    "202":0.07699217246246631,
    "203":0.05132811497497754,
    "204":0.05132811497497754,
    "205":0.038496086231233156,
    "206":0.10265622994995507,
    "207":0.07699217246246631,
    "208":0.038496086231233156,
    "209":0.07699217246246631,
    "210":0.11548825869369947,
    "211":0.038496086231233156,
    "212":0.02566405748748877,
    "213":0.038496086231233156,
    "214":0.038496086231233156,
    "215":0.02566405748748877,
    "216":0.038496086231233156,
    "217":0.0,
    "218":0.012832028743744384,
    "219":0.0,
    "220":0.02566405748748877,
    "221":0.012832028743744384,
    "222":0.02566405748748877,
    "223":0.012832028743744384,
    "224":0.05132811497497754,
    "225":0.06416014371872193,
    "226":0.012832028743744384,
    "227":0.06416014371872193,
    "228":0.012832028743744384,
    "229":0.038496086231233156,
    "230":0.02566405748748877,
    "231":0.0,
    "232":0.012832028743744384,
    "233":0.0,
    "234":0.012832028743744384,
    "235":0.012832028743744384,
    "236":0.02566405748748877,
    "237":0.02566405748748877,
    "238":0.02566405748748877,
    "239":0.038496086231233156,
    "240":0.012832028743744384,
    "241":0.05132811497497754,
    "242":0.02566405748748877,
    "243":0.0,
    "244":0.02566405748748877,
    "245":0.0,
    "246":0.02566405748748877,
    "247":0.02566405748748877,
    "248":0.012832028743744384,
    "249":0.038496086231233156,
    "250":0.012832028743744384,
    "251":0.02566405748748877,
    "252":0.012832028743744384,
    "253":0.05132811497497754,
    "254":0.05132811497497754,
    "255":0.0,
    "256":0.012832028743744384,
    "257":0.05132811497497754,
    "258":0.012832028743744384,
    "259":0.0,
    "260":0.0,
    "261":0.0,
    "262":0.0,
    "263":0.0,
    "264":0.0,
    "265":0.0,
    "266":0.0,
    "267":0.0,
    "268":0.0,
    "269":0.0,
    "270":0.0,
    "271":0.0,
    "272":0.0,
    "273":0.0,
    "274":0.0,