{
    "0":[
        [
            -19.92570809890977,
            -43.94295694591333
        ]
    ],
    "1":[
        [
            -19.924970112095508,
            -43.944763354516446
        ]
    ],
    "2":[
        [
            -19.91706887567931,
            -43.9407165144519
        ]
    ],
    "3":[
        [
            -19.91587799072572,
            -43.93427083276411
        ]
    ],
    "4":[
        [
            -19.924440048664252,
            -43.93874705492194
        ]
    ],
    "5":[
        [
            -19.91710961480349,
            -43.930523595052584
        ]
    ],
    "6":[
        [
            -19.9203906862144,
            -43.95178972169465
        ]
    ],
    "7":[
        [
            -19.918165101669693,
            -43.945533592574165
        ]
    ],
    "8":[
        [
            -19.92336609395787,
            -43.94320209048388
        ]
    ],
    "9":[
        [
            -19.918931943593417,
            -43.94363386638007
        ]
    ],
    "total_length":9041.2026862731,
    "work_total":802457.3868593397
}