{
    "0":1.3469206911829863,
    "1":0.5848471422241914,
    "2":0.8329641116526362,
    "3":1.6747895436420028,
    "4":1.8077093486929552,
    "5":1.0013291980505097,
    "6":0.1329198050509526,
    "7":0.35445281346920693,
    "8":0.7532122286220646,
    "9":0.8506867523260966,
    "10":0.8949933540097474,
    "11":1.0988037217545414,
    "12":1.1962782454585734,
    "13":1.444395214887018,
    "14":1.338059370846256,
    "15":1.1608329641116526,
    "16":0.9836065573770493,
    "17":0.8861320336730172,
    "18":0.824102791315906,
    "19":1.0810810810810811,
    "20":1.382365972529907,
    "21":1.4621178555604786,
    "22":1.5064244572441292,
    "23":1.8342933097031457,
    "24":1.6659282233052723,
    "25":1.8785999113867964,
    "26":1.6836508639787326,
    "27":1.4266725742135578,
    "28":1.5684536996012406,
    "29":1.6836508639787326,
    "30":1.7279574656623837,
    "31":1.6925121843154631,
    "32":2.0026583961010194,
    "33":1.8254319893664155,
    "34":1.4000886132033672,
    "35":1.7368187859991138,
    "36":1.6747895436420028,
    "37":1.6127603012848915,
    "38":1.488701816570669,
    "39":1.4089499335400975,
    "40":1.1165263624280017,
    "41":1.2140008861320337,
    "42":1.0013291980505097,
    "43":0.9215773150199379,
    "44":0.770934869295525,
    "45":0.611431103234382,
    "46":0.7354895879486043,
    "47":0.7266282676118742,
    "48":0.6911829862649534,
    "49":0.8329641116526362,
    "50":0.717766947275144,
    "51":0.7000443066016836,
    "52":0.6291537439078423,
    "53":0.9038546743464776,
    "54":0.7532122286220646,
    "55":0.8506867523260966,
    "56":0.8949933540097474,
    "57":0.9127159946832077,
    "58":0.4962339388568897,
    "59":0.7354895879486043,
    "60":0.6202924235711121,
    "61":0.6202924235711121,
    "62":0.5937084625609216,
    "63":0.8152414709791759,
    "64":0.5759858218874613,
    "65":0.4696499778466991,
    "66":0.5937084625609216,
    "67":0.5050952591936199,
    "68":0.6380150642445724,
    "69":0.5405405405405406,
    "70":0.5671245015507311,
    "71":0.5759858218874613,
    "72":0.6380150642445724,
    "73":0.5671245015507311,
    "74":0.7089056269384139,
    "75":0.5759858218874613,
    "76":0.4962339388568897,
    "77":0.6291537439078423,
    "78":0.39875941515285773,
    "79":0.5671245015507311,
    "80":0.5494018608772707,
    "81":0.48737261852015945,
    "82":0.6291537439078423,
    "83":0.4519273371732388,
    "84":0.4785112981834293,
    "85":0.48737261852015945,
    "86":0.51395657953035,
    "87":0.5405405405405406,
    "88":0.5848471422241914,
    "89":0.5050952591936199,
    "90":0.43420469649977844,
    "91":0.37217545414266723,
    "92":0.3190075321222862,
    "93":0.38103677447939743,
    "94":0.38103677447939743,
    "95":0.2924235711120957,
    "96":0.23925564909171465,
    "97":0.3455914931324767,
    "98":0.18608772707133361,
    "99":0.2215330084182543,
    "100":0.2215330084182543,
    "101":0.20381036774479397,
    "102":0.1949490474080638,
    "103":0.24811696942844486,
    "104":0.2215330084182543,
    "105":0.20381036774479397,
    "106":0.21267168808152415,
    "107":0.20381036774479397,
    "108":0.2215330084182543,
    "109":0.30128489144882586,
    "110":0.1329198050509526,
    "111":0.18608772707133361,
    "112":0.11519716437749224,
    "113":0.1595037660611431,
    "114":0.1595037660611431,
    "115":0.21267168808152415,
    "116":0.18608772707133361,
    "117":0.12405848471422243,
    "118":0.1329198050509526,
    "119":0.14178112538768278,
    "120":0.11519716437749224,
    "121":0.11519716437749224,
    "122":0.15064244572441293,
    "123":0.14178112538768278,
    "124":0.1683650863978733,
    "125":0.1329198050509526,
    "126":0.17722640673460346,
    "127":0.05316792202038104,
    "128":0.14178112538768278,
    "129":0.12405848471422243,
    "130":0.11519716437749224,
    "131":0.11519716437749224,
    "132":0.1683650863978733,
    "133":0.1949490474080638,
    "134":0.12405848471422243,
    "135":0.12405848471422243,
    "136":0.14178112538768278,
    "137":0.0974745237040319,
    "138":0.08861320336730173,
    "139":0.17722640673460346,
    "140":0.1595037660611431,
    "141":0.1329198050509526,
    "142":0.1329198050509526,
    "143":0.0974745237040319,
    "144":0.05316792202038104,
    "145":0.10633584404076207,
    "146":0.14178112538768278,
    "147":0.12405848471422243,
    "148":0.062029242357111214,
    "149":0.11519716437749224,
    "150":0.062029242357111214,
    "151":0.12405848471422243,
    "152":0.08861320336730173,
    "153":0.10633584404076207,
    "154":0.15064244572441293,
    "155":0.035445281346920696,
    "156":0.044306601683650866,
    "157":0.11519716437749224,
    "158":0.02658396101019052,
    "159":0.044306601683650866,
    "160":0.12405848471422243,
    "161":0.10633584404076207,
    "162":0.0974745237040319,
    "163":0.08861320336730173,
    "164":0.062029242357111214,
    "165":0.062029242357111214,
    "166":0.12405848471422243,
    "167":0.07089056269384139,
    "168":0.05316792202038104,
    "169":0.07089056269384139,
    "170":0.07089056269384139,
    "171":0.062029242357111214,
    "172":0.08861320336730173,
    "173":0.07089056269384139,
    "174":0.044306601683650866,
    "175":0.044306601683650866,
    "176":0.08861320336730173,
    "177":0.035445281346920696,
    "178":0.05316792202038104,
    "179":0.0,
    "180":0.05316792202038104,
    "181":0.062029242357111214,
    "182":0.05316792202038104,
    "183":0.017722640673460348,
    "184":0.044306601683650866,
    "185":0.017722640673460348,
    "186":0.02658396101019052,
    "187":0.05316792202038104,
    "188":0.07089056269384139,
    "189":0.017722640673460348,
    "190":0.008861320336730174,
    "191":0.017722640673460348,
    "192":0.044306601683650866,
    "193":0.008861320336730174,
    "194":0.0,
    "195":0.02658396101019052,
    "196":0.035445281346920696,
    "197":0.008861320336730174,
    "198":0.0,
    "199":0.0,
    "200":0.008861320336730174,
    "201":0.008861320336730174,
    "202":0.017722640673460348,
    "203":0.035445281346920696,
    "204":0.0,
    "205":0.017722640673460348,
    "206":0.02658396101019052,
    "207":0.02658396101019052,
    "208":0.017722640673460348,
    "209":0.0,
    "210":0.0,
    "211":0.017722640673460348,
    "212":0.017722640673460348,
    "213":0.0,
    "214":0.0,
    "215":0.0,
    "216":0.035445281346920696,
    "217":0.008861320336730174,
    "218":0.008861320336730174,
    "219":0.0,
    "220":0.02658396101019052,
    "221":0.0,
    "222":0.008861320336730174,
    "223":0.0,
    "224":0.0,
    "225":0.0,
    "226":0.0,
    "227":0.0,
    "228":0.0,
    "229":0.0,
    "230":0.0,
    "231":0.0,
    "232":0.0,
    "233":0.0,
    "234":0.0,
    "235":0.0,
    "236":0.0,
    "237":0.0,
    "238":0.0,
    "239":0.0,
    "240":0.0,
    "241":0.0,
    "242":0.0,
    "243":0.0,
    "244":0.0,
    "245":0.0,
    "246":0.0,
    "247":0.0,
    "248":0.0,
    "249":0.0,
    "250":0.0,
    "251":0.0,
    "252":0.0,
    "253":0.0,
    "254":0.0,
    "255":0.0,
    "256":0.0,
    "257":0.0,
    "258":0.0,
    "259":0.0,
    "260":0.0,
    "261":0.0,
    "262":0.0,
    "263":0.0,
    "264":0.0,
    "265":0.0,
    "266":0.0,
    "267":0.0,
    "268":0.0,
    "269":0.0,
    "270":0.0,
    "271":0.0,
    "272":0.0,
    "273":0.0,
    "274":0.0,
    "275":0.0,
    "276":0.0,
    "277":0.0,
    "278":0.008861320336730174,
    "279":0.0,
    "280":0.0,
    "281":0.0,
    "282":0.0,
    "283":0.0,
    "284":0.0,
    "285":0.0,
    "286":0.0,
    "287":0.0,
    "288":0.0,
    "289":0.0,
    "290":0.0,
    "291":0.0,
    "292":0.0,
    "293":0.0,
    "294":0.0,
    "295":0.0,
    "296":0.0,
    "297":0.0,
    "298":0.0,
    "299":0.0,
    "300":0.0,
    "301":0.0,
    "302":0.0,
    "303":0.0,
    "304":0.0,
    "305":0.0,
    "306":0.0,
    "307":0.0,
    "308":0.0,
    "309":0.0,
    "310":0.0,
    "311":0.0,
    "312":0.0,
    "313":0.0,
    "314":0.0,
    "315":0.0,
    "316":0.0,
    "317":0.0,
    "318":0.0,
    "319":0.0,