{
    "0":[
        [
            -19.918639742175774,
            -43.941312398424735
        ]
    ],
    "1":[
        [
            -19.917919646629958,
            -43.94985691043456
        ]
    ],
    "2":[
        [
            -19.926062430444514,
            -43.94697494574436
        ]
    ],
    "3":[
        [
            -19.920700233337293,
            -43.932515755480935
        ]
    ],
    "4":[
        [
            -19.921181555790465,
            -43.94873875928358
        ]
    ],
    "5":[
        [
            -19.91604094465374,
            -43.9436286933867
        ]
    ],
    "6":[
        [
            -19.917785931879088,
            -43.938112970896235
        ]
    ],
    "7":[
        [
            -19.922244638121335,
            -43.93695292213347
        ]
    ],
    "8":[
        [
            -19.92690657916924,
            -43.938441213911915
        ]
    ],
    "9":[
        [
            -19.918189718073034,
            -43.944294269092
        ]
    ],
    "total_length":0.0,
    "work_total":1063506.8259215467
}