{
    "0":2.1694717384959628,
    "1":3.0936861562408797,
    "2":4.290300612900087,
    "3":1.0993287284755326,
    "4":1.0117715731102248,
    "5":1.8970716995816712,
    "6":1.5273859324837047,
    "7":1.5079287868469695,
    "8":1.8192431170347312,
    "9":2.1402860200408598,
    "10":1.8387002626714661,
    "11":2.3251289035898437,
    "12":2.0040860005837144,
    "13":2.0819145831306547,
    "14":2.2375717482245356,
    "15":2.2570288938612704,
    "16":1.5954859422122776,
    "17":1.264714466387781,
    "18":1.264714466387781,
    "19":1.3814573402081916,
    "20":1.410643058663294,
    "21":1.4592859227551318,
    "22":1.6344002334857475,
    "23":1.371728767389824,
    "24":1.3328144761163536,
    "25":1.6344002334857475,
    "26":1.3425430489347212,
    "27":1.4398287771183966,
    "28":1.478743068391867,
    "29":1.2744430392061485,
    "30":1.4203716314816617,
    "31":1.050685864383695,
    "32":1.2355287479326782,
    "33":0.9339429905632843,
    "34":1.0020430002918572,
    "35":1.1285144469306352,
    "36":1.2549858935694134,
    "37":1.0993287284755326,
    "38":1.1674287382041055,
    "39":1.0701430100204299,
    "40":0.8269286895612413,
    "41":0.9242144177449169,
    "42":0.7393715341959335,
    "43":0.7685572526510361,
    "44":0.6420858060122581,
    "45":0.749100107014301,
    "46":0.8658429808347116,
    "47":0.7782858254694036,
    "48":0.6907286701040958,
    "49":0.6129000875571553,
    "50":0.5642572234653176,
    "51":0.6129000875571553,
    "52":0.46697149528164217,
    "53":0.5058857865551124,
    "54":0.428057204008172,
    "55":0.4377857768265396,
    "56":0.5739857962836852,
    "57":0.35995719427959916,
    "58":0.5156143593734799,
    "59":0.5058857865551124,
    "60":0.40860005837143687,
    "61":0.3794143399163343,
    "62":0.32104290300612903,
    "63":0.40860005837143687,
    "64":0.3405000486428641,
    "65":0.41832863118980446,
    "66":0.3405000486428641,
    "67":0.3891429127347018,
    "68":0.428057204008172,
    "69":0.36968576709796674,
    "70":0.26267146609592373,
    "71":0.27240003891429126,
    "72":0.3502286214612316,
    "73":0.20430002918571843,
    "74":0.23348574764082108,
    "75":0.24321432045918862,
    "76":0.15565716509388072,
    "77":0.27240003891429126,
    "78":0.1264714466387781,
    "79":0.1264714466387781,
    "80":0.0875571553653079,
    "81":0.09728572818367545,
    "82":0.1264714466387781,
    "83":0.11674287382041054,
    "84":0.1264714466387781,
    "85":0.107014301002043,
    "86":0.107014301002043,
    "87":0.09728572818367545,
    "88":0.11674287382041054,
    "89":0.0875571553653079,
    "90":0.1751143107306158,
    "91":0.07782858254694036,
    "92":0.09728572818367545,
    "93":0.07782858254694036,
    "94":0.1751143107306158,
    "95":0.107014301002043,
    "96":0.15565716509388072,
    "97":0.1459285922755132,
    "98":0.15565716509388072,
    "99":0.07782858254694036,
    "100":0.09728572818367545,
    "101":0.11674287382041054,
    "102":0.1264714466387781,
    "103":0.13620001945714563,
    "104":0.06810000972857282,
    "105":0.1459285922755132,
    "106":0.13620001945714563,
    "107":0.13620001945714563,
    "108":0.11674287382041054,
    "109":0.09728572818367545,
    "110":0.107014301002043,
    "111":0.0875571553653079,
    "112":0.06810000972857282,
    "113":0.0875571553653079,
    "114":0.0875571553653079,
    "115":0.09728572818367545,
    "116":0.11674287382041054,
    "117":0.03891429127347018,
    "118":0.11674287382041054,
    "119":0.11674287382041054,
    "120":0.06810000972857282,
    "121":0.15565716509388072,
    "122":0.07782858254694036,
    "123":0.1264714466387781,
    "124":0.09728572818367545,
    "125":0.107014301002043,
    "126":0.048642864091837726,
    "127":0.06810000972857282,
    "128":0.07782858254694036,
    "129":0.0875571553653079,
    "130":0.07782858254694036,
    "131":0.05837143691020527,
    "132":0.05837143691020527,
    "133":0.1459285922755132,
    "134":0.11674287382041054,
    "135":0.11674287382041054,
    "136":0.107014301002043,
    "137":0.05837143691020527,
    "138":0.0875571553653079,
    "139":0.107014301002043,
    "140":0.09728572818367545,
    "141":0.05837143691020527,
    "142":0.11674287382041054,
    "143":0.1264714466387781,
    "144":0.1264714466387781,
    "145":0.13620001945714563,
    "146":0.06810000972857282,
    "147":0.09728572818367545,
    "148":0.1945714563673509,
    "149":0.09728572818367545,
    "150":0.09728572818367545,
    "151":0.11674287382041054,
    "152":0.15565716509388072,
    "153":0.1264714466387781,
    "154":0.0875571553653079,
    "155":0.16538573791224825,
    "156":0.09728572818367545,
    "157":0.09728572818367545,
    "158":0.0875571553653079,
    "159":0.1459285922755132,
    "160":0.214028602004086,
    "161":0.15565716509388072,
    "162":0.15565716509388072,
    "163":0.11674287382041054,
    "164":0.1459285922755132,
    "165":0.13620001945714563,
    "166":0.09728572818367545,
    "167":0.1459285922755132,
    "168":0.16538573791224825,
    "169":0.1459285922755132,
    "170":0.11674287382041054,
    "171":0.15565716509388072,
    "172":0.11674287382041054,
    "173":0.1459285922755132,
    "174":0.1459285922755132,
    "175":0.107014301002043,
    "176":0.09728572818367545,
    "177":0.11674287382041054,
    "178":0.06810000972857282,
    "179":0.0875571553653079,
    "180":0.1264714466387781,
    "181":0.09728572818367545,
    "182":0.0875571553653079,
    "183":0.06810000972857282,
    "184":0.048642864091837726,
    "185":0.1459285922755132,
    "186":0.06810000972857282,
    "187":0.09728572818367545,
    "188":0.07782858254694036,
    "189":0.01945714563673509,
    "190":0.048642864091837726,
    "191":0.07782858254694036,
    "192":0.029185718455102636,
    "193":0.03891429127347018,
    "194":0.029185718455102636,
    "195":0.05837143691020527,
    "196":0.048642864091837726,
    "197":0.01945714563673509,
    "198":0.05837143691020527,
    "199":0.0875571553653079,
    "200":0.048642864091837726,
    "201":0.029185718455102636,
    "202":0.029185718455102636,
    "203":0.009728572818367545,
    "204":0.0875571553653079,
    "205":0.048642864091837726,
    "206":0.03891429127347018,
    "207":0.03891429127347018,
    "208":0.029185718455102636,
    "209":0.03891429127347018,
    "210":0.01945714563673509,
    "211":0.06810000972857282,
    "212":0.07782858254694036,
    "213":0.05837143691020527,
    "214":0.05837143691020527,
    "215":0.009728572818367545,
    "216":0.029185718455102636,
    "217":0.029185718455102636,
    "218":0.03891429127347018,
    "219":0.029185718455102636,
    "220":0.03891429127347018,
    "221":0.029185718455102636,
    "222":0.05837143691020527,
    "223":0.029185718455102636,
    "224":0.048642864091837726,
    "225":0.05837143691020527,
    "226":0.03891429127347018,
    "227":0.029185718455102636,
    "228":0.03891429127347018,
    "229":0.07782858254694036,
    "230":0.01945714563673509,
    "231":0.048642864091837726,
    "232":0.03891429127347018,
    "233":0.048642864091837726,
    "234":0.07782858254694036,
    "235":0.048642864091837726,
    "236":0.048642864091837726,
    "237":0.048642864091837726,
    "238":0.009728572818367545,
    "239":0.048642864091837726,
    "240":0.06810000972857282,
    "241":0.03891429127347018,
    "242":0.01945714563673509,
    "243":0.009728572818367545,
    "244":0.03891429127347018,
    "245":0.03891429127347018,
    "246":0.07782858254694036,
    "247":0.03891429127347018,
    "248":0.009728572818367545,
    "249":0.01945714563673509,
    "250":0.0875571553653079,
    "251":0.03891429127347018,
    "252":0.03891429127347018,
    "253":0.029185718455102636,
    "254":0.048642864091837726,
    "255":0.05837143691020527,
    "256":0.05837143691020527,
    "257":0.06810000972857282,
    "258":0.03891429127347018,
    "259":0.05837143691020527,
    "260":0.009728572818367545,
    "261":0.029185718455102636,
    "262":0.029185718455102636,
    "263":0.0875571553653079,
    "264":0.0,