{
    "0":2.669051386118181,
    "1":4.608928939946344,
    "2":3.804086125060191,
    "3":1.1006397468528581,
    "4":1.3207676962234298,
    "5":1.657838618697118,
    "6":1.9605145490816538,
    "7":2.07745752218477,
    "8":2.0361835316777874,
    "9":1.8986035633211804,
    "10":1.8642085712320284,
    "11":1.88484556648552,
    "12":1.9192405585746715,
    "13":1.458347664580037,
    "14":1.2726147072986174,
    "15":1.224461718373805,
    "16":1.3001307009699388,
    "17":1.1487927357776708,
    "18":1.3138886978055995,
    "19":1.1281557405241796,
    "20":1.1969457247024833,
    "21":1.155671734195501,
    "22":1.1419137373598403,
    "23":1.1419137373598403,
    "24":1.1350347389420101,
    "25":1.2382197152094656,
    "26":1.231340716791635,
    "27":1.231340716791635,
    "28":1.231340716791635,
    "29":1.1694297310311619,
    "30":1.3138886978055995,
    "31":0.94242278324276,
    "32":1.004333769003233,
    "33":1.0456077595102153,
    "34":1.0456077595102153,
    "35":0.8873907959001168,
    "36":0.9217857879892688,
    "37":1.0112127674210636,
    "38":1.0456077595102153,
    "39":1.190066726284653,
    "40":0.9561807800784207,
    "41":1.1075187452706885,
    "42":1.1006397468528581,
    "43":1.0112127674210636,
    "44":1.224461718373805,
    "45":0.9493017816605902,
    "46":0.9149067895714383,
    "47":0.8736327990644561,
    "48":0.7291738322900185,
    "49":0.6466258512760542,
    "50":0.6741418449473757,
    "51":0.7360528307078489,
    "52":0.5847148655155809,
    "53":0.5847148655155809,
    "54":0.6603838481117149,
    "55":0.7910848180504918,
    "56":0.7360528307078489,
    "57":0.5709568686799201,
    "58":0.6672628465295453,
    "59":0.6535048496938846,
    "60":0.6466258512760542,
    "61":0.7222948338721882,
    "62":0.5709568686799201,
    "63":0.6122308591869025,
    "64":0.529682878172938,
    "65":0.6535048496938846,
    "66":0.6397468528582239,
    "67":0.4608928939946344,
    "68":0.6603838481117149,
    "69":0.4402558987411433,
    "70":0.41961890348765224,
    "71":0.5847148655155809,
    "72":0.5640778702620898,
    "73":0.36458691614500927,
    "74":0.3921029098163308,
    "75":0.25452294145972343,
    "76":0.3714659145628396,
    "77":0.23388594620623238,
    "78":0.30267593038453605,
    "79":0.31643392722019675,
    "80":0.26140193987755383,
    "81":0.28891793354887524,
    "82":0.22700694778840202,
    "83":0.22700694778840202,
    "84":0.22012794937057165,
    "85":0.25452294145972343,
    "86":0.19949095411708057,
    "87":0.17885395886358946,
    "88":0.22700694778840202,
    "89":0.15133796519226803,
    "90":0.13757996835660727,
    "91":0.20636995253491092,
    "92":0.1857329572814198,
    "93":0.22012794937057165,
    "94":0.19949095411708057,
    "95":0.1926119556992502,
    "96":0.22012794937057165,
    "97":0.17885395886358946,
    "98":0.1857329572814198,
    "99":0.1719749604457591,
    "100":0.22700694778840202,
    "101":0.23388594620623238,
    "102":0.19949095411708057,
    "103":0.1857329572814198,
    "104":0.13070096993877692,
    "105":0.2132489509527413,
    "106":0.1857329572814198,
    "107":0.2132489509527413,
    "108":0.1719749604457591,
    "109":0.1857329572814198,
    "110":0.13757996835660727,
    "111":0.1719749604457591,
    "112":0.2132489509527413,
    "113":0.13757996835660727,
    "114":0.14445896677443762,
    "115":0.1857329572814198,
    "116":0.13757996835660727,
    "117":0.15821696361009838,
    "118":0.11006397468528582,
    "119":0.12382197152094655,
    "120":0.17885395886358946,
    "121":0.19949095411708057,
    "122":0.10318497626745546,
    "123":0.12382197152094655,
    "124":0.11694297310311619,
    "125":0.13757996835660727,
    "126":0.17885395886358946,
    "127":0.13070096993877692,
    "128":0.10318497626745546,
    "129":0.11006397468528582,
    "130":0.0963059778496251,
    "131":0.15821696361009838,
    "132":0.11006397468528582,
    "133":0.08942697943179473,
    "134":0.10318497626745546,
    "135":0.05503198734264291,
    "136":0.11694297310311619,
    "137":0.08942697943179473,
    "138":0.08942697943179473,
    "139":0.0963059778496251,
    "140":0.05503198734264291,
    "141":0.06878998417830363,
    "142":0.08942697943179473,
    "143":0.08942697943179473,
    "144":0.04815298892481255,
    "145":0.061910985760473276,
    "146":0.07566898259613401,
    "147":0.061910985760473276,
    "148":0.061910985760473276,
    "149":0.04127399050698218,
    "150":0.04815298892481255,
    "151":0.05503198734264291,
    "152":0.08254798101396436,
    "153":0.04127399050698218,
    "154":0.061910985760473276,
    "155":0.02063699525349109,
    "156":0.05503198734264291,
    "157":0.06878998417830363,
    "158":0.04815298892481255,
    "159":0.06878998417830363,
    "160":0.08942697943179473,
    "161":0.03439499208915182,
    "162":0.04127399050698218,
    "163":0.08254798101396436,
    "164":0.061910985760473276,
    "165":0.05503198734264291,
    "166":0.04815298892481255,
    "167":0.04127399050698218,
    "168":0.07566898259613401,
    "169":0.027515993671321456,
    "170":0.013757996835660728,
    "171":0.05503198734264291,
    "172":0.05503198734264291,
    "173":0.07566898259613401,
    "174":0.03439499208915182,
    "175":0.04815298892481255,
    "176":0.03439499208915182,
    "177":0.027515993671321456,
    "178":0.02063699525349109,
    "179":0.013757996835660728,
    "180":0.061910985760473276,
    "181":0.027515993671321456,
    "182":0.027515993671321456,
    "183":0.05503198734264291,
    "184":0.04127399050698218,
    "185":0.04815298892481255,
    "186":0.03439499208915182,
    "187":0.03439499208915182,
    "188":0.06878998417830363,
    "189":0.03439499208915182,
    "190":0.027515993671321456,
    "191":0.02063699525349109,
    "192":0.027515993671321456,
    "193":0.04127399050698218,
    "194":0.02063699525349109,
    "195":0.027515993671321456,
    "196":0.03439499208915182,
    "197":0.006878998417830364,
    "198":0.006878998417830364,
    "199":0.027515993671321456,
    "200":0.027515993671321456,
    "201":0.02063699525349109,
    "202":0.02063699525349109,
    "203":0.006878998417830364,
    "204":0.03439499208915182,
    "205":0.03439499208915182,
    "206":0.03439499208915182,
    "207":0.013757996835660728,
    "208":0.02063699525349109,
    "209":0.027515993671321456,
    "210":0.0,
    "211":0.013757996835660728,
    "212":0.006878998417830364,
    "213":0.027515993671321456,
    "214":0.02063699525349109,
    "215":0.027515993671321456,
    "216":0.0,
    "217":0.02063699525349109,
    "218":0.0,
    "219":0.013757996835660728,
    "220":0.0,
    "221":0.006878998417830364,
    "222":0.02063699525349109,
    "223":0.013757996835660728,
    "224":0.006878998417830364,
    "225":0.013757996835660728,
    "226":0.04127399050698218,
    "227":0.006878998417830364,
    "228":0.02063699525349109,
    "229":0.0,
    "230":0.006878998417830364,
    "231":0.03439499208915182,
    "232":0.006878998417830364,
    "233":0.02063699525349109,
    "234":0.04127399050698218,
    "235":0.013757996835660728,
    "236":0.006878998417830364,
    "237":0.0,
    "238":0.027515993671321456,
    "239":0.006878998417830364,
    "240":0.0,
    "241":0.02063699525349109,
    "242":0.0,
    "243":0.006878998417830364,
    "244":0.02063699525349109,
    "245":0.02063699525349109,
    "246":0.027515993671321456,
    "247":0.02063699525349109,
    "248":0.013757996835660728,
    "249":0.0,
    "250":0.013757996835660728,
    "251":0.013757996835660728,
    "252":0.0,
    "253":0.04815298892481255,
    "254":0.0,
    "255":0.0,
    "256":0.013757996835660728,
    "257":0.006878998417830364,
    "258":0.013757996835660728,
    "259":0.0,
    "260":0.0,
    "261":0.006878998417830364,
    "262":0.0,
    "263":0.013757996835660728,
    "264":0.006878998417830364,
    "265":0.0,
    "266":0.0,
    "267":0.013757996835660728,
    "268":0.0,
    "269":0.0,
    "270":0.0,
    "271":0.0,
    "272":0.006878998417830364,
    "273":0.0,
    "274":0.0,