{
    "0":2.0831107787629524,
    "1":2.2006195919239397,
    "2":2.457002457002457,
    "3":1.3887405191753017,
    "4":1.2819143253925862,
    "5":1.217818609122957,
    "6":1.4635188548232025,
    "7":2.051062920628138,
    "8":2.1365238756543103,
    "9":2.0190150624933234,
    "10":1.7412669586582628,
    "11":2.328811024463198,
    "12":2.4890503151372716,
    "13":2.7881636577288753,
    "14":2.221984830680483,
    "15":1.8908236299540648,
    "16":1.9656019656019657,
    "17":2.2326674500587544,
    "18":2.1365238756543103,
    "19":2.424954598867642,
    "20":2.264715308193569,
    "21":1.9656019656019657,
    "22":1.8801410105757932,
    "23":2.0190150624933234,
    "24":1.6985364811451769,
    "25":1.8480931524409785,
    "26":1.6558060036320907,
    "27":1.8053626749278924,
    "28":1.527614571092832,
    "29":1.602392906740733,
    "30":1.6558060036320907,
    "31":1.6237581454972758,
    "32":1.4421536160666595,
    "33":1.5169319517145605,
    "34":1.2391838478795,
    "35":1.2391838478795,
    "36":1.217818609122957,
    "37":1.164405512231599,
    "38":0.8973400277748104,
    "39":0.9293878859096251,
    "40":0.9614357440444397,
    "41":0.908022647153082,
    "42":0.9721183634227113,
    "43":0.8973400277748104,
    "44":0.9400705052878966,
    "45":0.6943702595876509,
    "46":0.7264181177224656,
    "47":0.8011964533703665,
    "48":0.6730050208311078,
    "49":0.7264181177224656,
    "50":0.7584659758572803,
    "51":0.7798312146138233,
    "52":0.5768614464266638,
    "53":0.7264181177224656,
    "54":0.6409571626962931,
    "55":0.5875440658049353,
    "56":0.6836876402093793,
    "57":0.6089093045614785,
    "58":0.6089093045614785,
    "59":0.41662215575259054,
    "60":0.37389167823950437,
    "61":0.42730477513086207,
    "62":0.5127657301570345,
    "63":0.5020831107787629,
    "64":0.4379873945091336,
    "65":0.25638286507851726,
    "66":0.2670654844567888,
    "67":0.25638286507851726,
    "68":0.37389167823950437,
    "69":0.3632090588612328,
    "70":0.2777481038350604,
    "71":0.2670654844567888,
    "72":0.2777481038350604,
    "73":0.2777481038350604,
    "74":0.21365238756543103,
    "75":0.20296976818715948,
    "76":0.20296976818715948,
    "77":0.20296976818715948,
    "78":0.11750881316098707,
    "79":0.09614357440444397,
    "80":0.17092191005234483,
    "81":0.11750881316098707,
    "82":0.12819143253925863,
    "83":0.11750881316098707,
    "84":0.1388740519175302,
    "85":0.17092191005234483,
    "86":0.17092191005234483,
    "87":0.1388740519175302,
    "88":0.12819143253925863,
    "89":0.09614357440444397,
    "90":0.05341309689135776,
    "91":0.14955667129580172,
    "92":0.08546095502617242,
    "93":0.11750881316098707,
    "94":0.021365238756543104,
    "95":0.08546095502617242,
    "96":0.08546095502617242,
    "97":0.06409571626962932,
    "98":0.04273047751308621,
    "99":0.021365238756543104,
    "100":0.05341309689135776,
    "101":0.03204785813481466,
    "102":0.07477833564790086,
    "103":0.05341309689135776,
    "104":0.04273047751308621,
    "105":0.09614357440444397,
    "106":0.09614357440444397,
    "107":0.05341309689135776,
    "108":0.07477833564790086,
    "109":0.08546095502617242,
    "110":0.05341309689135776,
    "111":0.06409571626962932,
    "112":0.03204785813481466,
    "113":0.05341309689135776,
    "114":0.07477833564790086,
    "115":0.07477833564790086,
    "116":0.021365238756543104,
    "117":0.06409571626962932,
    "118":0.04273047751308621,
    "119":0.08546095502617242,
    "120":0.09614357440444397,
    "121":0.08546095502617242,
    "122":0.05341309689135776,
    "123":0.03204785813481466,
    "124":0.03204785813481466,
    "125":0.10682619378271552,
    "126":0.021365238756543104,
    "127":0.06409571626962932,
    "128":0.03204785813481466,
    "129":0.08546095502617242,
    "130":0.06409571626962932,
    "131":0.08546095502617242,
    "132":0.021365238756543104,
    "133":0.05341309689135776,
    "134":0.03204785813481466,
    "135":0.03204785813481466,
    "136":0.04273047751308621,
    "137":0.03204785813481466,
    "138":0.05341309689135776,
    "139":0.04273047751308621,
    "140":0.06409571626962932,
    "141":0.03204785813481466,
    "142":0.04273047751308621,
    "143":0.04273047751308621,
    "144":0.06409571626962932,
    "145":0.03204785813481466,
    "146":0.04273047751308621,
    "147":0.05341309689135776,
    "148":0.04273047751308621,
    "149":0.010682619378271552,
    "150":0.05341309689135776,
    "151":0.05341309689135776,
    "152":0.07477833564790086,
    "153":0.04273047751308621,
    "154":0.010682619378271552,
    "155":0.010682619378271552,
    "156":0.03204785813481466,
    "157":0.03204785813481466,
    "158":0.03204785813481466,
    "159":0.06409571626962932,
    "160":0.04273047751308621,
    "161":0.07477833564790086,
    "162":0.04273047751308621,
    "163":0.06409571626962932,
    "164":0.021365238756543104,
    "165":0.04273047751308621,
    "166":0.03204785813481466,
    "167":0.05341309689135776,
    "168":0.05341309689135776,
    "169":0.04273047751308621,
    "170":0.07477833564790086,
    "171":0.021365238756543104,
    "172":0.03204785813481466,
    "173":0.09614357440444397,
    "174":0.021365238756543104,
    "175":0.021365238756543104,
    "176":0.03204785813481466,
    "177":0.021365238756543104,
    "178":0.04273047751308621,
    "179":0.10682619378271552,
    "180":0.021365238756543104,
    "181":0.06409571626962932,
    "182":0.05341309689135776,
    "183":0.03204785813481466,
    "184":0.021365238756543104,
    "185":0.021365238756543104,
    "186":0.021365238756543104,
    "187":0.021365238756543104,
    "188":0.03204785813481466,
    "189":0.04273047751308621,
    "190":0.010682619378271552,
    "191":0.04273047751308621,
    "192":0.021365238756543104,
    "193":0.021365238756543104,
    "194":0.06409571626962932,
    "195":0.0,
    "196":0.08546095502617242,
    "197":0.010682619378271552,
    "198":0.04273047751308621,
    "199":0.03204785813481466,
    "200":0.0,
    "201":0.021365238756543104,
    "202":0.021365238756543104,
    "203":0.021365238756543104,
    "204":0.010682619378271552,
    "205":0.0,
    "206":0.0,
    "207":0.021365238756543104,
    "208":0.010682619378271552,
    "209":0.04273047751308621,
    "210":0.03204785813481466,
    "211":0.0,
    "212":0.0,
    "213":0.0,
    "214":0.010682619378271552,
    "215":0.0,
    "216":0.0,
    "217":0.0,
    "218":0.0,
    "219":0.0,
    "220":0.010682619378271552,
    "221":0.010682619378271552,
    "222":0.0,
    "223":0.0,
    "224":0.010682619378271552,
    "225":0.0,
    "226":0.0,
    "227":0.0,
    "228":0.010682619378271552,
    "229":0.0,
    "230":0.010682619378271552,
    "231":0.0,
    "232":0.0,
    "233":0.0,
    "234":0.0,
    "235":0.0,
    "236":0.0,
    "237":0.010682619378271552,
    "238":0.0,
    "239":0.0,
    "240":0.010682619378271552,
    "241":0.0,
    "242":0.010682619378271552,
    "243":0.0,
    "244":0.021365238756543104,
    "245":0.010682619378271552,
    "246":0.0,
    "247":0.0,
    "248":0.0,
    "249":0.0,
    "250":0.0,
    "251":0.0,
    "252":0.0,
    "253":0.021365238756543104,
    "254":0.0,
    "255":0.0,
    "256":0.0,
    "257":0.0,
    "258":0.010682619378271552,
    "259":0.010682619378271552,
    "260":0.0,
    "261":0.0,
    "262":0.010682619378271552,
    "263":0.010682619378271552,
    "264":0.010682619378271552,
    "265":0.0,
    "266":0.0,
    "267":0.0,
    "268":0.0,
    "269":0.010682619378271552,
    "270":0.0,
    "271":0.021365238756543104,
    "272":0.010682619378271552,
    "273":0.0,
    "274":0.010682619378271552,
    "275":0.010682619378271552,
    "276":0.0,
    "277":0.0,
    "278":0.010682619378271552,
    "279":0.0,
    "280":0.010682619378271552,
    "281":0.0,
    "282":0.010682619378271552,
    "283":0.0,
    "284":0.0,
    "285":0.0,
    "286":0.010682619378271552,
    "287":0.0,
    "288":0.0,
    "289":0.010682619378271552,
    "290":0.0,
    "291":0.0,
    "292":0.0,