{
    "0":[
        [
            -19.919821618142418,
            -43.93411652793758
        ]
    ],
    "1":[
        [
            -19.919714560422072,
            -43.93574389716091
        ]
    ],
    "2":[
        [
            -19.91780900365167,
            -43.94471581406304
        ]
    ],
    "3":[
        [
            -19.92497835631086,
            -43.94554251087057
        ]
    ],
    "4":[
        [
            -19.913430011952975,
            -43.94842463867983
        ]
    ],
    "5":[
        [
            -19.921909871488893,
            -43.93129512514365
        ]
    ],
    "6":[
        [
            -19.91802589023758,
            -43.947623602174474
        ]
    ],
    "7":[
        [
            -19.91235042426268,
            -43.94119736006084
        ]
    ],
    "8":[
        [
            -19.921601068099648,
            -43.944457412489356
        ]
    ],
    "9":[
        [
            -19.91590562477898,
            -43.943788615513554
        ]
    ],
    "total_length":8663.587601953652,
    "work_total":452280.14206824865
}