{
    "0":2.260803205189354,
    "1":0.7917580845177907,
    "2":5.084422398168463,
    "3":4.073261470952971,
    "4":2.279881713250024,
    "5":1.7838405036726128,
    "6":1.1828674997615185,
    "7":1.049317943336831,
    "8":0.9253076409424783,
    "9":1.764761995611943,
    "10":1.774301249642278,
    "11":1.8410760278546219,
    "12":2.012782600400649,
    "13":1.7838405036726128,
    "14":1.726604979490604,
    "15":1.9650863302489747,
    "16":1.6216731851569206,
    "17":1.325956310216541,
    "18":1.3641133263378804,
    "19":1.3354955642468758,
    "20":1.4118095964895545,
    "21":1.4118095964895545,
    "22":1.5644376609749118,
    "23":1.4785843747018983,
    "24":1.7361442335209385,
    "25":1.7933797577029478,
    "26":1.4499666126108939,
    "27":1.4499666126108939,
    "28":1.6789087093389297,
    "29":1.5835161690355815,
    "30":1.3545740723075457,
    "31":1.3545740723075457,
    "32":1.4785843747018983,
    "33":1.221024515882858,
    "34":0.9539254030334827,
    "35":1.2877992940952017,
    "36":0.7822188304874559,
    "37":0.8203758466087951,
    "38":0.9634646570638176,
    "39":0.7917580845177907,
    "40":0.9348468949728131,
    "41":0.7059047982447773,
    "42":0.7822188304874559,
    "43":0.8776113707908042,
    "44":0.7822188304874559,
    "45":0.7631403224267862,
    "46":0.8680721167604692,
    "47":0.8394543546694648,
    "48":0.6486692740627683,
    "49":0.8394543546694648,
    "50":0.6677477821234379,
    "51":0.610512257941429,
    "52":0.6391300200324335,
    "53":0.5914337498807593,
    "54":0.6295907660020986,
    "55":0.7440618143661166,
    "56":0.610512257941429,
    "57":0.5914337498807593,
    "58":0.6200515119717638,
    "59":0.4960412095774111,
    "60":0.6391300200324335,
    "61":0.45788419345607173,
    "62":0.55327673375942,
    "63":0.45788419345607173,
    "64":0.5055804636077459,
    "65":0.4960412095774111,
    "66":0.5723552418200897,
    "67":0.5055804636077459,
    "68":0.45788419345607173,
    "69":0.4960412095774111,
    "70":0.4197271773347324,
    "71":0.4865019555470762,
    "72":0.36249165315272347,
    "73":0.47696270151674136,
    "74":0.3147953830010493,
    "75":0.5055804636077459,
    "76":0.5055804636077459,
    "77":0.3529523991223886,
    "78":0.33387389106171894,
    "79":0.4197271773347324,
    "80":0.33387389106171894,
    "81":0.28617762091004484,
    "82":0.4197271773347324,
    "83":0.23848135075837068,
    "84":0.3529523991223886,
    "85":0.3052561289707145,
    "86":0.33387389106171894,
    "87":0.3052561289707145,
    "88":0.24802060478870555,
    "89":0.2003243346370314,
    "90":0.22894209672803587,
    "91":0.1717065725460269,
    "92":0.25755985881904037,
    "93":0.07631403224267863,
    "94":0.19078508060669655,
    "95":0.2003243346370314,
    "96":0.0667747782123438,
    "97":0.1335495564246876,
    "98":0.09539254030334827,
    "99":0.15262806448535726,
    "100":0.14308881045502242,
    "101":0.1335495564246876,
    "102":0.1717065725460269,
    "103":0.1335495564246876,
    "104":0.14308881045502242,
    "105":0.18124582657636173,
    "106":0.19078508060669655,
    "107":0.12401030239435278,
    "108":0.11447104836401793,
    "109":0.1049317943336831,
    "110":0.07631403224267863,
    "111":0.12401030239435278,
    "112":0.0667747782123438,
    "113":0.1717065725460269,
    "114":0.09539254030334827,
    "115":0.11447104836401793,
    "116":0.09539254030334827,
    "117":0.08585328627301345,
    "118":0.1335495564246876,
    "119":0.12401030239435278,
    "120":0.12401030239435278,
    "121":0.08585328627301345,
    "122":0.11447104836401793,
    "123":0.0667747782123438,
    "124":0.07631403224267863,
    "125":0.07631403224267863,
    "126":0.038157016121339316,
    "127":0.1335495564246876,
    "128":0.0667747782123438,
    "129":0.1049317943336831,
    "130":0.1049317943336831,
    "131":0.14308881045502242,
    "132":0.0667747782123438,
    "133":0.07631403224267863,
    "134":0.07631403224267863,
    "135":0.07631403224267863,
    "136":0.12401030239435278,
    "137":0.07631403224267863,
    "138":0.07631403224267863,
    "139":0.11447104836401793,
    "140":0.07631403224267863,
    "141":0.057235524182008966,
    "142":0.038157016121339316,
    "143":0.057235524182008966,
    "144":0.038157016121339316,
    "145":0.0667747782123438,
    "146":0.0667747782123438,
    "147":0.028617762091004483,
    "148":0.057235524182008966,
    "149":0.04769627015167414,
    "150":0.09539254030334827,
    "151":0.019078508060669658,
    "152":0.028617762091004483,
    "153":0.0667747782123438,
    "154":0.08585328627301345,
    "155":0.04769627015167414,
    "156":0.057235524182008966,
    "157":0.057235524182008966,
    "158":0.04769627015167414,
    "159":0.019078508060669658,
    "160":0.057235524182008966,
    "161":0.028617762091004483,
    "162":0.0,
    "163":0.019078508060669658,
    "164":0.07631403224267863,
    "165":0.038157016121339316,
    "166":0.0667747782123438,
    "167":0.057235524182008966,
    "168":0.009539254030334829,
    "169":0.028617762091004483,
    "170":0.019078508060669658,
    "171":0.028617762091004483,
    "172":0.019078508060669658,
    "173":0.038157016121339316,
    "174":0.009539254030334829,
    "175":0.038157016121339316,
    "176":0.009539254030334829,
    "177":0.019078508060669658,
    "178":0.019078508060669658,
    "179":0.028617762091004483,
    "180":0.0,
    "181":0.028617762091004483,
    "182":0.057235524182008966,
    "183":0.038157016121339316,
    "184":0.019078508060669658,
    "185":0.038157016121339316,
    "186":0.028617762091004483,
    "187":0.057235524182008966,
    "188":0.009539254030334829,
    "189":0.0,
    "190":0.038157016121339316,
    "191":0.009539254030334829,
    "192":0.0,
    "193":0.038157016121339316,
    "194":0.038157016121339316,
    "195":0.028617762091004483,
    "196":0.028617762091004483,
    "197":0.028617762091004483,
    "198":0.028617762091004483,
    "199":0.019078508060669658,
    "200":0.009539254030334829,
    "201":0.0,
    "202":0.0,
    "203":0.0,
    "204":0.0,
    "205":0.009539254030334829,
    "206":0.009539254030334829,
    "207":0.0,
    "208":0.009539254030334829,
    "209":0.0,
    "210":0.0,
    "211":0.0,
    "212":0.0,
    "213":0.009539254030334829,
    "214":0.0,
    "215":0.0,
    "216":0.009539254030334829,
    "217":0.0,
    "218":0.009539254030334829,
    "219":0.0,
    "220":0.0,
    "221":0.0,
    "222":0.0,
    "223":0.0,
    "224":0.009539254030334829,
    "225":0.0,
    "226":0.0,
    "227":0.0,
    "228":0.0,
    "229":0.0,
    "230":0.0,
    "231":0.0,
    "232":0.0,
    "233":0.0,
    "234":0.0,
    "235":0.0,
    "236":0.019078508060669658,
    "237":0.0,
    "238":0.009539254030334829,
    "239":0.0,
    "240":0.0,
    "241":0.0,
    "242":0.0,
    "243":0.0,
    "244":0.0,
    "245":0.0,
    "246":0.0,
    "247":0.0,
    "248":0.019078508060669658,
    "249":0.009539254030334829,
    "250":0.0,
    "251":0.009539254030334829,
    "252":0.009539254030334829,
    "253":0.0,
    "254":0.0,
    "255":0.019078508060669658,
    "256":0.009539254030334829,
    "257":0.009539254030334829,
    "258":0.0,
    "259":0.0,
    "260":0.019078508060669658,
    "261":0.009539254030334829,
    "262":0.0,
    "263":0.038157016121339316,
    "264":0.0,
    "265":0.009539254030334829,
    "266":0.0,
    "267":0.009539254030334829,
    "268":0.009539254030334829,
    "269":0.0,
    "270":0.0,
    "271":0.0,
    "272":0.0,
    "273":0.0,
    "274":0.009539254030334829,
    "275":0.019078508060669658,
    "276":0.0,
    "277":0.009539254030334829,
    "278":0.009539254030334829,
    "279":0.009539254030334829,
    "280":0.0,
    "281":0.0,
    "282":0.0,
    "283":0.0,
    "284":0.0,
    "285":0.0,
    "286":0.0,
    "287":0.0,
    "288":0.0,
    "289":0.0,
    "290":0.0,
    "291":0.0,
    "292":0.009539254030334829,
    "293":0.0,
    "294":0.0,
    "295":0.0,
    "296":0.009539254030334829,
    "297":0.009539254030334829,
    "298":0.0,
    "299":0.0,
    "300":0.0,