{
    "0":[
        [
            -19.915947406411703,
            -43.94937989265711
        ]
    ],
    "1":[
        [
            -19.92118317264399,
            -43.9481389484653
        ]
    ],
    "2":[
        [
            -19.91643987549045,
            -43.942318284747
        ]
    ],
    "3":[
        [
            -19.91550164675568,
            -43.942199827257205
        ]
    ],
    "4":[
        [
            -19.921445184010874,
            -43.94629522271676
        ]
    ],
    "5":[
        [
            -19.919536610556882,
            -43.94605338995084
        ]
    ],
    "6":[
        [
            -19.918037628421445,
            -43.9427471996931
        ]
    ],
    "7":[
        [
            -19.92250615860016,
            -43.947539635153234
        ]
    ],
    "8":[
        [
            -19.92683398063779,
            -43.94324532944673
        ]
    ],
    "9":[
        [
            -19.908256893724243,
            -43.94313408476408
        ]
    ],
    "total_length":7338.629468479071,
    "work_total":593123.2996166215
}