{
    "0":1.7722781252832924,
    "1":1.8991931828483366,
    "2":4.559876711086937,
    "3":3.798386365696673,
    "4":2.1620886592330706,
    "5":2.2028827848789776,
    "6":1.6770918321095094,
    "7":1.3779349107061916,
    "8":1.4459251201160366,
    "9":1.6498957483455714,
    "10":1.9309219472395975,
    "11":2.0759677273139334,
    "12":1.8855951409663674,
    "13":1.8130722509291997,
    "14":1.8629317378297525,
    "15":2.1167618529598404,
    "16":2.0533043241773186,
    "17":2.1348925754691326,
    "18":1.9989121566494426,
    "19":1.8719970990843986,
    "20":1.8130722509291997,
    "21":1.6362977064636026,
    "22":1.7450820415193544,
    "23":1.6453630677182485,
    "24":1.5637748164264345,
    "25":1.6272323452089565,
    "26":1.4731212038799746,
    "27":1.4912519263892665,
    "28":1.5139153295258816,
    "29":1.5048499682712355,
    "30":1.3779349107061916,
    "31":1.2147584081225637,
    "32":1.2056930468679177,
    "33":1.2736832562777627,
    "34":1.1920950049859487,
    "35":1.0878433505575198,
    "36":1.0062550992657058,
    "37":0.9745263348744447,
    "38":0.9971897380110598,
    "39":0.9609282929924757,
    "40":0.9881243767564137,
    "41":0.8204151935454629,
    "42":0.8612093191913698,
    "43":0.8204151935454629,
    "44":0.7388269422536488,
    "45":0.7796210678995558,
    "46":0.7297615809990029,
    "47":0.6935001359804188,
    "48":0.8340132354274319,
    "49":0.7070981778623878,
    "50":0.7116308584897109,
    "51":0.6209772459432508,
    "52":0.6255099265705739,
    "53":0.46233342398694594,
    "54":0.4396700208503309,
    "55":0.5031275496328529,
    "56":0.5575197171607289,
    "57":0.4895295077508839,
    "58":0.5257909527694679,
    "59":0.3943432145771009,
    "60":0.4079412564590699,
    "61":0.3580817695585169,
    "62":0.3762124920678089,
    "63":0.3399510470492249,
    "64":0.3898105339497779,
    "65":0.3580817695585169,
    "66":0.29009156014867193,
    "67":0.33541836642190187,
    "68":0.3988758952044239,
    "69":0.3626144501858399,
    "70":0.3082222826579639,
    "71":0.3172876439126099,
    "72":0.2991569214033179,
    "73":0.2538301151300879,
    "74":0.33541836642190187,
    "75":0.28555887952134895,
    "76":0.21756867011150394,
    "77":0.23116671199347297,
    "78":0.21303598948418093,
    "79":0.27649351826670293,
    "80":0.15864382195630494,
    "81":0.15864382195630494,
    "82":0.21303598948418093,
    "83":0.23116671199347297,
    "84":0.17677454446559696,
    "85":0.17224186383827395,
    "86":0.21756867011150394,
    "87":0.17677454446559696,
    "88":0.16770918321095094,
    "89":0.21756867011150394,
    "90":0.17224186383827395,
    "91":0.22210135073882695,
    "92":0.15864382195630494,
    "93":0.14957846070165895,
    "94":0.17224186383827395,
    "95":0.19037258634756596,
    "96":0.18130722509291994,
    "97":0.13598041881968997,
    "98":0.14957846070165895,
    "99":0.16317650258362795,
    "100":0.17224186383827395,
    "101":0.16770918321095094,
    "102":0.12238237693772097,
    "103":0.16317650258362795,
    "104":0.17224186383827395,
    "105":0.18583990572024295,
    "106":0.16317650258362795,
    "107":0.06799020940984499,
    "108":0.13144773819236696,
    "109":0.11331701568307498,
    "110":0.11331701568307498,
    "111":0.11784969631039796,
    "112":0.11784969631039796,
    "113":0.13144773819236696,
    "114":0.10878433505575197,
    "115":0.10425165442842899,
    "116":0.08158825129181398,
    "117":0.09065361254645997,
    "118":0.08158825129181398,
    "119":0.06345752878252198,
    "120":0.09065361254645997,
    "121":0.08612093191913697,
    "122":0.09971897380110598,
    "123":0.09971897380110598,
    "124":0.12691505756504395,
    "125":0.09971897380110598,
    "126":0.07705557066449098,
    "127":0.06345752878252198,
    "128":0.09518629317378298,
    "129":0.12238237693772097,
    "130":0.08612093191913697,
    "131":0.08158825129181398,
    "132":0.07705557066449098,
    "133":0.07705557066449098,
    "134":0.09518629317378298,
    "135":0.07705557066449098,
    "136":0.05892484815519898,
    "137":0.07705557066449098,
    "138":0.09518629317378298,
    "139":0.05892484815519898,
    "140":0.054392167527875984,
    "141":0.03172876439126099,
    "142":0.07252289003716798,
    "143":0.08612093191913697,
    "144":0.054392167527875984,
    "145":0.03626144501858399,
    "146":0.054392167527875984,
    "147":0.04079412564590699,
    "148":0.03626144501858399,
    "149":0.054392167527875984,
    "150":0.045326806273229985,
    "151":0.03172876439126099,
    "152":0.054392167527875984,
    "153":0.04079412564590699,
    "154":0.03626144501858399,
    "155":0.045326806273229985,
    "156":0.05892484815519898,
    "157":0.04079412564590699,
    "158":0.03626144501858399,
    "159":0.03626144501858399,
    "160":0.018130722509291996,
    "161":0.03626144501858399,
    "162":0.03626144501858399,
    "163":0.04079412564590699,
    "164":0.018130722509291996,
    "165":0.03626144501858399,
    "166":0.05892484815519898,
    "167":0.04079412564590699,
    "168":0.04985948690055299,
    "169":0.027196083763937992,
    "170":0.022663403136614992,
    "171":0.022663403136614992,
    "172":0.027196083763937992,
    "173":0.004532680627322999,
    "174":0.022663403136614992,
    "175":0.013598041881968996,
    "176":0.018130722509291996,
    "177":0.022663403136614992,
    "178":0.06799020940984499,
    "179":0.018130722509291996,
    "180":0.027196083763937992,
    "181":0.027196083763937992,
    "182":0.04079412564590699,
    "183":0.027196083763937992,
    "184":0.045326806273229985,
    "185":0.03626144501858399,
    "186":0.027196083763937992,
    "187":0.018130722509291996,
    "188":0.018130722509291996,
    "189":0.04079412564590699,
    "190":0.009065361254645998,
    "191":0.027196083763937992,
    "192":0.013598041881968996,
    "193":0.022663403136614992,
    "194":0.013598041881968996,
    "195":0.027196083763937992,
    "196":0.03172876439126099,
    "197":0.03172876439126099,
    "198":0.013598041881968996,
    "199":0.013598041881968996,
    "200":0.009065361254645998,
    "201":0.013598041881968996,
    "202":0.009065361254645998,
    "203":0.054392167527875984,
    "204":0.009065361254645998,
    "205":0.018130722509291996,
    "206":0.04985948690055299,
    "207":0.004532680627322999,
    "208":0.004532680627322999,
    "209":0.009065361254645998,
    "210":0.004532680627322999,
    "211":0.004532680627322999,
    "212":0.013598041881968996,
    "213":0.009065361254645998,
    "214":0.004532680627322999,
    "215":0.009065361254645998,
    "216":0.009065361254645998,
    "217":0.004532680627322999,
    "218":0.004532680627322999,
    "219":0.0,
    "220":0.004532680627322999,
    "221":0.009065361254645998,
    "222":0.004532680627322999,
    "223":0.0,
    "224":0.004532680627322999,
    "225":0.013598041881968996,
    "226":0.004532680627322999,
    "227":0.004532680627322999,
    "228":0.009065361254645998,
    "229":0.004532680627322999,
    "230":0.004532680627322999,
    "231":0.004532680627322999,
    "232":0.013598041881968996,
    "233":0.009065361254645998,
    "234":0.004532680627322999,
    "235":0.0,
    "236":0.009065361254645998,
    "237":0.013598041881968996,
    "238":0.009065361254645998,
    "239":0.0,
    "240":0.009065361254645998,
    "241":0.004532680627322999,
    "242":0.013598041881968996,
    "243":0.0,
    "244":0.004532680627322999,
    "245":0.0,
    "246":0.0,
    "247":0.0,
    "248":0.004532680627322999,
    "249":0.013598041881968996,
    "250":0.018130722509291996,
    "251":0.013598041881968996,
    "252":0.022663403136614992,
    "253":0.009065361254645998,
    "254":0.009065361254645998,
    "255":0.009065361254645998,
    "256":0.018130722509291996,
    "257":0.0,
    "258":0.009065361254645998,
    "259":0.004532680627322999,
    "260":0.0,
    "261":0.0,
    "262":0.0,
    "263":0.013598041881968996,
    "264":0.0,
    "265":0.0,
    "266":0.004532680627322999,
    "267":0.013598041881968996,