{
    "0":1.1470588235294117,
    "1":1.2549019607843137,
    "2":4.509803921568627,
    "3":4.009803921568627,
    "4":1.2450980392156863,
    "5":2.2450980392156863,
    "6":1.7450980392156863,
    "7":2.3431372549019605,
    "8":2.4215686274509802,
    "9":2.1176470588235294,
    "10":2.088235294117647,
    "11":2.176470588235294,
    "12":2.156862745098039,
    "13":2.215686274509804,
    "14":1.784313725490196,
    "15":1.852941176470588,
    "16":1.6666666666666667,
    "17":1.696078431372549,
    "18":1.3627450980392157,
    "19":1.2450980392156863,
    "20":0.9313725490196079,
    "21":0.7745098039215687,
    "22":0.7156862745098039,
    "23":0.9411764705882352,
    "24":0.8823529411764706,
    "25":0.9901960784313725,
    "26":0.9215686274509804,
    "27":0.8431372549019607,
    "28":0.6470588235294118,
    "29":0.6470588235294118,
    "30":0.7450980392156863,
    "31":0.9705882352941178,
    "32":0.8333333333333334,
    "33":0.823529411764706,
    "34":1.019607843137255,
    "35":0.7745098039215687,
    "36":0.8333333333333334,
    "37":0.892156862745098,
    "38":0.803921568627451,
    "39":0.823529411764706,
    "40":0.7941176470588235,
    "41":0.8529411764705883,
    "42":0.696078431372549,
    "43":0.7352941176470588,
    "44":0.8725490196078431,
    "45":0.9705882352941178,
    "46":0.6666666666666667,
    "47":0.8823529411764706,
    "48":0.8333333333333334,
    "49":0.6862745098039216,
    "50":0.7647058823529412,
    "51":0.823529411764706,
    "52":0.803921568627451,
    "53":1.019607843137255,
    "54":0.8137254901960784,
    "55":0.823529411764706,
    "56":0.7843137254901961,
    "57":0.7254901960784313,
    "58":0.7058823529411765,
    "59":0.803921568627451,
    "60":0.6274509803921569,
    "61":0.5196078431372548,
    "62":0.7058823529411765,
    "63":0.6470588235294118,
    "64":0.6176470588235293,
    "65":0.6862745098039216,
    "66":0.5098039215686275,
    "67":0.3235294117647059,
    "68":0.3627450980392157,
    "69":0.4607843137254902,
    "70":0.37254901960784315,
    "71":0.25490196078431376,
    "72":0.4019607843137255,
    "73":0.3235294117647059,
    "74":0.24509803921568626,
    "75":0.3823529411764706,
    "76":0.3137254901960784,
    "77":0.2352941176470588,
    "78":0.303921568627451,
    "79":0.37254901960784315,
    "80":0.22549019607843138,
    "81":0.3431372549019608,
    "82":0.3137254901960784,
    "83":0.22549019607843138,
    "84":0.3235294117647059,
    "85":0.3137254901960784,
    "86":0.24509803921568626,
    "87":0.24509803921568626,
    "88":0.18627450980392157,
    "89":0.18627450980392157,
    "90":0.27450980392156865,
    "91":0.2647058823529412,
    "92":0.24509803921568626,
    "93":0.3823529411764706,
    "94":0.24509803921568626,
    "95":0.28431372549019607,
    "96":0.22549019607843138,
    "97":0.3137254901960784,
    "98":0.24509803921568626,
    "99":0.2058823529411765,
    "100":0.22549019607843138,
    "101":0.3235294117647059,
    "102":0.22549019607843138,
    "103":0.19607843137254902,
    "104":0.2156862745098039,
    "105":0.19607843137254902,
    "106":0.17647058823529413,
    "107":0.2647058823529412,
    "108":0.18627450980392157,
    "109":0.2058823529411765,
    "110":0.2156862745098039,
    "111":0.24509803921568626,
    "112":0.303921568627451,
    "113":0.16666666666666669,
    "114":0.12745098039215688,
    "115":0.19607843137254902,
    "116":0.2352941176470588,
    "117":0.16666666666666669,
    "118":0.1176470588235294,
    "119":0.16666666666666669,
    "120":0.1176470588235294,
    "121":0.14705882352941177,
    "122":0.1568627450980392,
    "123":0.10784313725490195,
    "124":0.12745098039215688,
    "125":0.17647058823529413,
    "126":0.12745098039215688,
    "127":0.08823529411764706,
    "128":0.13725490196078433,
    "129":0.17647058823529413,
    "130":0.049019607843137254,
    "131":0.06862745098039216,
    "132":0.09803921568627451,
    "133":0.06862745098039216,
    "134":0.1568627450980392,
    "135":0.09803921568627451,
    "136":0.00980392156862745,
    "137":0.06862745098039216,
    "138":0.06862745098039216,
    "139":0.1568627450980392,
    "140":0.09803921568627451,
    "141":0.09803921568627451,
    "142":0.13725490196078433,
    "143":0.06862745098039216,
    "144":0.12745098039215688,
    "145":0.08823529411764706,
    "146":0.06862745098039216,
    "147":0.08823529411764706,
    "148":0.14705882352941177,
    "149":0.10784313725490195,
    "150":0.0784313725490196,
    "151":0.13725490196078433,
    "152":0.0784313725490196,
    "153":0.0588235294117647,
    "154":0.09803921568627451,
    "155":0.08823529411764706,
    "156":0.08823529411764706,
    "157":0.1176470588235294,
    "158":0.09803921568627451,
    "159":0.1176470588235294,
    "160":0.0784313725490196,
    "161":0.10784313725490195,
    "162":0.0588235294117647,
    "163":0.10784313725490195,
    "164":0.1176470588235294,
    "165":0.02941176470588235,
    "166":0.0588235294117647,
    "167":0.06862745098039216,
    "168":0.0392156862745098,
    "169":0.049019607843137254,
    "170":0.08823529411764706,
    "171":0.0588235294117647,
    "172":0.08823529411764706,
    "173":0.0588235294117647,
    "174":0.08823529411764706,
    "175":0.049019607843137254,
    "176":0.0392156862745098,
    "177":0.049019607843137254,
    "178":0.0,
    "179":0.049019607843137254,
    "180":0.0392156862745098,
    "181":0.049019607843137254,
    "182":0.0392156862745098,
    "183":0.00980392156862745,
    "184":0.0392156862745098,
    "185":0.0,
    "186":0.0,
    "187":0.00980392156862745,
    "188":0.02941176470588235,
    "189":0.02941176470588235,
    "190":0.02941176470588235,
    "191":0.00980392156862745,
    "192":0.0392156862745098,
    "193":0.06862745098039216,
    "194":0.0588235294117647,
    "195":0.049019607843137254,
    "196":0.02941176470588235,
    "197":0.0392156862745098,
    "198":0.02941176470588235,
    "199":0.0588235294117647,
    "200":0.0,
    "201":0.0196078431372549,
    "202":0.00980392156862745,
    "203":0.0196078431372549,
    "204":0.0196078431372549,
    "205":0.0,
    "206":0.0,
    "207":0.00980392156862745,
    "208":0.00980392156862745,
    "209":0.02941176470588235,
    "210":0.00980392156862745,
    "211":0.00980392156862745,
    "212":0.00980392156862745,
    "213":0.049019607843137254,
    "214":0.0196078431372549,
    "215":0.00980392156862745,
    "216":0.00980392156862745,
    "217":0.0,
    "218":0.0196078431372549,
    "219":0.00980392156862745,
    "220":0.0196078431372549,
    "221":0.00980392156862745,
    "222":0.00980392156862745,
    "223":0.0196078431372549,
    "224":0.00980392156862745,
    "225":0.0196078431372549,
    "226":0.00980392156862745,
    "227":0.049019607843137254,
    "228":0.0,
    "229":0.0,
    "230":0.00980392156862745,
    "231":0.0196078431372549,
    "232":0.0196078431372549,
    "233":0.00980392156862745,
    "234":0.02941176470588235,
    "235":0.0196078431372549,
    "236":0.00980392156862745,
    "237":0.0392156862745098,
    "238":0.0196078431372549,
    "239":0.0,
    "240":0.0196078431372549,
    "241":0.02941176470588235,
    "242":0.00980392156862745,
    "243":0.0,
    "244":0.0196078431372549,
    "245":0.0,
    "246":0.0,
    "247":0.02941176470588235,
    "248":0.0,
    "249":0.02941176470588235,
    "250":0.0196078431372549,
    "251":0.00980392156862745,
    "252":0.00980392156862745,
    "253":0.0196078431372549,
    "254":0.0,
    "255":0.0,
    "256":0.00980392156862745,
    "257":0.0,
    "258":0.02941176470588235,
    "259":0.0,
    "260":0.0,
    "261":0.02941176470588235,
    "262":0.00980392156862745,
    "263":0.00980392156862745,
    "264":0.00980392156862745,
    "265":0.0196078431372549,
    "266":0.0196078431372549,
    "267":0.00980392156862745,
    "268":0.0196078431372549,
    "269":0.0,
    "270":0.02941176470588235,
    "271":0.0,
    "272":0.0,
    "273":0.00980392156862745,
    "274":0.0392156862745098,
    "275":0.00980392156862745,
    "276":0.0,
    "277":0.0,