{
    "0":2.7734005672864797,
    "1":6.513289211051582,
    "2":3.992015968063872,
    "3":1.2396260111356234,
    "4":1.3236684525685471,
    "5":1.5863010820464336,
    "6":2.1640928668977835,
    "7":1.1765941800609307,
    "8":1.7964071856287425,
    "9":1.8174177959869735,
    "10":1.7648912700913961,
    "11":1.344679062926778,
    "12":1.8384284063452043,
    "13":1.6598382183002418,
    "14":1.554785166509087,
    "15":1.5022586406135099,
    "16":1.5337745561508562,
    "17":1.344679062926778,
    "18":1.208110095598277,
    "19":1.1030570438071228,
    "20":1.1450782645235844,
    "21":1.1450782645235844,
    "22":1.1450782645235844,
    "23":1.1976047904191618,
    "24":0.7458766677171972,
    "25":0.7248660573589663,
    "26":1.1030570438071228,
    "27":0.8614350246874671,
    "28":0.903456245403929,
    "29":1.0295199075533144,
    "30":0.7984031936127743,
    "31":0.7143607521798508,
    "32":0.8719403298665827,
    "33":0.6933501418216199,
    "34":0.903456245403929,
    "35":0.8404244143292362,
    "36":0.8299191091501209,
    "37":0.8929509402248135,
    "38":0.8509297195083518,
    "39":0.7563819728963126,
    "40":0.787897888433659,
    "41":0.7038554470007354,
    "42":0.8929509402248135,
    "43":1.0295199075533144,
    "44":0.9559827712995063,
    "45":1.019014602374199,
    "46":0.9874986868368527,
    "47":1.0820464334488917,
    "48":0.7248660573589663,
    "49":0.9349721609412753,
    "50":1.0085092971950835,
    "51":1.019014602374199,
    "52":0.8194138039710053,
    "53":0.9559827712995063,
    "54":0.7984031936127743,
    "55":0.8929509402248135,
    "56":0.8719403298665827,
    "57":0.5462758693140035,
    "58":0.6198130055678117,
    "59":0.7038554470007354,
    "60":0.7563819728963126,
    "61":0.7773925832545435,
    "62":0.672339531463389,
    "63":0.672339531463389,
    "64":0.6618342262842736,
    "65":0.7458766677171972,
    "66":0.7353713625380817,
    "67":0.7353713625380817,
    "68":0.6408236159260426,
    "69":0.57779178485135,
    "70":0.672339531463389,
    "71":0.57779178485135,
    "72":0.5882970900304654,
    "73":0.49374934341842636,
    "74":0.44122281752284903,
    "75":0.44122281752284903,
    "76":0.5357705641348881,
    "77":0.6408236159260426,
    "78":0.5462758693140035,
    "79":0.6828448366425045,
    "80":0.5252652589557727,
    "81":0.5252652589557727,
    "82":0.4727387330601954,
    "83":0.6933501418216199,
    "84":0.4202122071646181,
    "85":0.16808488286584725,
    "86":0.18909549322407815,
    "87":0.2836432398361172,
    "88":0.26263262947788635,
    "89":0.26263262947788635,
    "90":0.16808488286584725,
    "91":0.21010610358230905,
    "92":0.13656896732850088,
    "93":0.08404244143292362,
    "94":0.13656896732850088,
    "95":0.14707427250761634,
    "96":0.09454774661203907,
    "97":0.05252652589557726,
    "98":0.10505305179115453,
    "99":0.09454774661203907,
    "100":0.08404244143292362,
    "101":0.10505305179115453,
    "102":0.13656896732850088,
    "103":0.11555835697026999,
    "104":0.10505305179115453,
    "105":0.05252652589557726,
    "106":0.03151591553734636,
    "107":0.05252652589557726,
    "108":0.05252652589557726,
    "109":0.06303183107469272,
    "110":0.08404244143292362,
    "111":0.05252652589557726,
    "112":0.04202122071646181,
    "113":0.04202122071646181,
    "114":0.04202122071646181,
    "115":0.05252652589557726,
    "116":0.08404244143292362,
    "117":0.010505305179115453,
    "118":0.021010610358230906,
    "119":0.010505305179115453,
    "120":0.03151591553734636,
    "121":0.04202122071646181,
    "122":0.03151591553734636,
    "123":0.03151591553734636,
    "124":0.0,
    "125":0.11555835697026999,
    "126":0.010505305179115453,
    "127":0.04202122071646181,
    "128":0.03151591553734636,
    "129":0.08404244143292362,
    "130":0.04202122071646181,
    "131":0.021010610358230906,
    "132":0.06303183107469272,
    "133":0.10505305179115453,
    "134":0.0,
    "135":0.021010610358230906,
    "136":0.010505305179115453,
    "137":0.010505305179115453,
    "138":0.021010610358230906,
    "139":0.06303183107469272,
    "140":0.06303183107469272,
    "141":0.021010610358230906,
    "142":0.07353713625380817,
    "143":0.03151591553734636,
    "144":0.06303183107469272,
    "145":0.05252652589557726,
    "146":0.05252652589557726,
    "147":0.03151591553734636,
    "148":0.04202122071646181,
    "149":0.021010610358230906,
    "150":0.06303183107469272,
    "151":0.05252652589557726,
    "152":0.021010610358230906,
    "153":0.03151591553734636,
    "154":0.04202122071646181,
    "155":0.05252652589557726,
    "156":0.07353713625380817,
    "157":0.07353713625380817,
    "158":0.05252652589557726,
    "159":0.08404244143292362,
    "160":0.05252652589557726,
    "161":0.04202122071646181,
    "162":0.05252652589557726,
    "163":0.03151591553734636,
    "164":0.06303183107469272,
    "165":0.04202122071646181,
    "166":0.021010610358230906,
    "167":0.08404244143292362,
    "168":0.021010610358230906,
    "169":0.04202122071646181,
    "170":0.06303183107469272,
    "171":0.021010610358230906,
    "172":0.021010610358230906,
    "173":0.05252652589557726,
    "174":0.04202122071646181,
    "175":0.06303183107469272,
    "176":0.04202122071646181,
    "177":0.06303183107469272,
    "178":0.04202122071646181,
    "179":0.04202122071646181,
    "180":0.08404244143292362,
    "181":0.04202122071646181,
    "182":0.021010610358230906,
    "183":0.021010610358230906,
    "184":0.06303183107469272,
    "185":0.010505305179115453,
    "186":0.03151591553734636,
    "187":0.03151591553734636,
    "188":0.04202122071646181,
    "189":0.08404244143292362,
    "190":0.04202122071646181,
    "191":0.021010610358230906,
    "192":0.04202122071646181,
    "193":0.07353713625380817,
    "194":0.03151591553734636,
    "195":0.04202122071646181,
    "196":0.03151591553734636,
    "197":0.03151591553734636,
    "198":0.03151591553734636,
    "199":0.03151591553734636,
    "200":0.04202122071646181,
    "201":0.07353713625380817,
    "202":0.021010610358230906,
    "203":0.0,
    "204":0.08404244143292362,
    "205":0.03151591553734636,
    "206":0.010505305179115453,
    "207":0.021010610358230906,
    "208":0.05252652589557726,
    "209":0.03151591553734636,
    "210":0.07353713625380817,
    "211":0.04202122071646181,
    "212":0.06303183107469272,
    "213":0.05252652589557726,
    "214":0.08404244143292362,
    "215":0.021010610358230906,
    "216":0.03151591553734636,
    "217":0.021010610358230906,
    "218":0.07353713625380817,
    "219":0.05252652589557726,
    "220":0.06303183107469272,
    "221":0.07353713625380817,
    "222":0.03151591553734636,
    "223":0.03151591553734636,
    "224":0.04202122071646181,
    "225":0.021010610358230906,
    "226":0.04202122071646181,
    "227":0.010505305179115453,
    "228":0.010505305179115453,
    "229":0.021010610358230906,
    "230":0.021010610358230906,
    "231":0.010505305179115453,
    "232":0.04202122071646181,
    "233":0.03151591553734636,
    "234":0.021010610358230906,
    "235":0.021010610358230906,
    "236":0.010505305179115453,
    "237":0.010505305179115453,
    "238":0.021010610358230906,
    "239":0.021010610358230906,
    "240":0.03151591553734636,
    "241":0.010505305179115453,
    "242":0.03151591553734636,
    "243":0.021010610358230906,
    "244":0.03151591553734636,
    "245":0.021010610358230906,
    "246":0.03151591553734636,
    "247":0.04202122071646181,
    "248":0.05252652589557726,
    "249":0.03151591553734636,
    "250":0.010505305179115453,
    "251":0.010505305179115453,
    "252":0.0,
    "253":0.04202122071646181,
    "254":0.03151591553734636,
    "255":0.010505305179115453,
    "256":0.021010610358230906,
    "257":0.04202122071646181,
    "258":0.0,
    "259":0.010505305179115453,
    "260":0.021010610358230906,
    "261":0.05252652589557726,
    "262":0.010505305179115453,
    "263":0.010505305179115453,
    "264":0.010505305179115453,