{
    "0":2.179062055897679,
    "1":3.8528343597031425,
    "2":2.82646455076583,
    "3":1.0263698089373126,
    "4":1.4369177325122375,
    "5":0.7105637138796779,
    "6":0.5684509711037423,
    "7":0.6316121901152693,
    "8":0.6474024948681509,
    "9":0.9000473709142587,
    "10":1.0421601136901941,
    "11":1.3105952944891837,
    "12":1.594820780041055,
    "13":1.9422074846044528,
    "14":1.3895468182535924,
    "15":1.231643770724775,
    "16":1.1842728564661298,
    "17":1.0105795041844308,
    "18":1.4842886467708827,
    "19":1.594820780041055,
    "20":1.7053529133112268,
    "21":1.4369177325122375,
    "22":1.815885046581399,
    "23":1.7211432180641089,
    "24":0.9632085899257856,
    "25":0.8526764566556134,
    "26":1.0737407231959577,
    "27":1.168482551713248,
    "28":1.1211116374546028,
    "29":1.2632243802305385,
    "30":1.0263698089373126,
    "31":1.4369177325122375,
    "32":1.3105952944891837,
    "33":1.2474340754776567,
    "34":1.2158534659718934,
    "35":0.9000473709142587,
    "36":0.6947734091267962,
    "37":0.8684667614084951,
    "38":0.7579346281383231,
    "39":0.7579346281383231,
    "40":0.7895152376440865,
    "41":0.9000473709142587,
    "42":0.8368861519027317,
    "43":0.7263540186325597,
    "44":0.7579346281383231,
    "45":0.9158376756671404,
    "46":0.9158376756671404,
    "47":0.9789988946786673,
    "48":0.5684509711037423,
    "49":0.7421443233854413,
    "50":0.7579346281383231,
    "51":0.9000473709142587,
    "52":0.6000315806095058,
    "53":0.9789988946786673,
    "54":0.9632085899257856,
    "55":0.6158218853623875,
    "56":0.82109584714985,
    "57":0.7737249328912048,
    "58":0.9789988946786673,
    "59":0.884257066161377,
    "60":0.7263540186325597,
    "61":0.5526606663508605,
    "62":0.7579346281383231,
    "63":0.584241275856624,
    "64":0.5684509711037423,
    "65":0.7421443233854413,
    "66":0.9632085899257856,
    "67":0.6158218853623875,
    "68":0.4579188378335702,
    "69":0.5210800568450971,
    "70":0.39475761882204324,
    "71":0.5210800568450971,
    "72":0.6474024948681509,
    "73":0.6947734091267962,
    "74":0.5052897520922154,
    "75":0.6947734091267962,
    "76":0.6316121901152693,
    "77":0.7263540186325597,
    "78":0.47370914258645197,
    "79":0.5368703615979789,
    "80":0.4263382283278067,
    "81":0.4579188378335702,
    "82":0.33159639981051636,
    "83":0.5210800568450971,
    "84":0.23685457129322599,
    "85":0.39475761882204324,
    "86":0.36317700931627983,
    "87":0.28422548555187116,
    "88":0.47370914258645197,
    "89":0.23685457129322599,
    "90":0.3000157903047529,
    "91":0.17369335228169905,
    "92":0.31580609505763463,
    "93":0.17369335228169905,
    "94":0.3473867045633981,
    "95":0.17369335228169905,
    "96":0.31580609505763463,
    "97":0.18948365703458078,
    "98":0.33159639981051636,
    "99":0.12632243802305385,
    "100":0.15790304752881731,
    "101":0.2526448760461077,
    "102":0.14211274277593558,
    "103":0.2526448760461077,
    "104":0.23685457129322599,
    "105":0.23685457129322599,
    "106":0.28422548555187116,
    "107":0.12632243802305385,
    "108":0.18948365703458078,
    "109":0.11053213327017213,
    "110":0.07895152376440866,
    "111":0.23685457129322599,
    "112":0.14211274277593558,
    "113":0.17369335228169905,
    "114":0.09474182851729039,
    "115":0.11053213327017213,
    "116":0.11053213327017213,
    "117":0.07895152376440866,
    "118":0.14211274277593558,
    "119":0.09474182851729039,
    "120":0.12632243802305385,
    "121":0.15790304752881731,
    "122":0.06316121901152692,
    "123":0.09474182851729039,
    "124":0.09474182851729039,
    "125":0.12632243802305385,
    "126":0.14211274277593558,
    "127":0.14211274277593558,
    "128":0.03158060950576346,
    "129":0.0,
    "130":0.047370914258645196,
    "131":0.06316121901152692,
    "132":0.07895152376440866,
    "133":0.03158060950576346,
    "134":0.12632243802305385,
    "135":0.11053213327017213,
    "136":0.07895152376440866,
    "137":0.047370914258645196,
    "138":0.06316121901152692,
    "139":0.07895152376440866,
    "140":0.06316121901152692,
    "141":0.03158060950576346,
    "142":0.06316121901152692,
    "143":0.07895152376440866,
    "144":0.047370914258645196,
    "145":0.07895152376440866,
    "146":0.11053213327017213,
    "147":0.12632243802305385,
    "148":0.047370914258645196,
    "149":0.06316121901152692,
    "150":0.11053213327017213,
    "151":0.06316121901152692,
    "152":0.07895152376440866,
    "153":0.01579030475288173,
    "154":0.06316121901152692,
    "155":0.14211274277593558,
    "156":0.09474182851729039,
    "157":0.12632243802305385,
    "158":0.047370914258645196,
    "159":0.11053213327017213,
    "160":0.01579030475288173,
    "161":0.09474182851729039,
    "162":0.09474182851729039,
    "163":0.09474182851729039,
    "164":0.18948365703458078,
    "165":0.07895152376440866,
    "166":0.06316121901152692,
    "167":0.047370914258645196,
    "168":0.09474182851729039,
    "169":0.12632243802305385,
    "170":0.07895152376440866,
    "171":0.12632243802305385,
    "172":0.03158060950576346,
    "173":0.09474182851729039,
    "174":0.11053213327017213,
    "175":0.06316121901152692,
    "176":0.11053213327017213,
    "177":0.07895152376440866,
    "178":0.06316121901152692,
    "179":0.03158060950576346,
    "180":0.09474182851729039,
    "181":0.03158060950576346,
    "182":0.06316121901152692,
    "183":0.06316121901152692,
    "184":0.11053213327017213,
    "185":0.14211274277593558,
    "186":0.07895152376440866,
    "187":0.07895152376440866,
    "188":0.01579030475288173,
    "189":0.047370914258645196,
    "190":0.01579030475288173,
    "191":0.0,
    "192":0.01579030475288173,
    "193":0.01579030475288173,
    "194":0.01579030475288173,
    "195":0.07895152376440866,
    "196":0.06316121901152692,
    "197":0.06316121901152692,
    "198":0.01579030475288173,
    "199":0.06316121901152692,
    "200":0.06316121901152692,
    "201":0.06316121901152692,
    "202":0.06316121901152692,
    "203":0.06316121901152692,
    "204":0.047370914258645196,
    "205":0.03158060950576346,
    "206":0.06316121901152692,
    "207":0.01579030475288173,
    "208":0.0,
    "209":0.03158060950576346,
    "210":0.047370914258645196,
    "211":0.09474182851729039,
    "212":0.047370914258645196,
    "213":0.07895152376440866,
    "214":0.03158060950576346,
    "215":0.06316121901152692,
    "216":0.06316121901152692,
    "217":0.0,
    "218":0.09474182851729039,
    "219":0.0,
    "220":0.07895152376440866,
    "221":0.09474182851729039,
    "222":0.047370914258645196,
    "223":0.03158060950576346,
    "224":0.06316121901152692,
    "225":0.047370914258645196,
    "226":0.07895152376440866,
    "227":0.047370914258645196,
    "228":0.03158060950576346,
    "229":0.03158060950576346,
    "230":0.09474182851729039,
    "231":0.01579030475288173,
    "232":0.047370914258645196,
    "233":0.047370914258645196,
    "234":0.01579030475288173,
    "235":0.0,
    "236":0.01579030475288173,
    "237":0.047370914258645196,
    "238":0.03158060950576346,
    "239":0.06316121901152692,
    "240":0.03158060950576346,
    "241":0.01579030475288173,
    "242":0.01579030475288173,
    "243":0.0,
    "244":0.047370914258645196,
    "245":0.0,
    "246":0.047370914258645196,
    "247":0.01579030475288173,
    "248":0.03158060950576346,
    "249":0.03158060950576346,
    "250":0.0,
    "251":0.047370914258645196,
    "252":0.03158060950576346,
    "253":0.06316121901152692,
    "254":0.06316121901152692,
    "255":0.01579030475288173,
    "256":0.03158060950576346,
    "257":0.01579030475288173,
    "258":0.03158060950576346,
    "259":0.01579030475288173,
    "260":0.047370914258645196,
    "261":0.09474182851729039,
    "262":0.0,
    "263":0.0,
    "264":0.01579030475288173,
    "265":0.0,
    "266":0.01579030475288173,
    "267":0.01579030475288173,
    "268":0.0,
    "269":0.01579030475288173,