{
    "0":[
        [
            -19.924938935126093,
            -43.939507503501595
        ]
    ],
    "1":[
        [
            -19.92481349599529,
            -43.94324919562405
        ]
    ],
    "2":[
        [
            -19.916346311476666,
            -43.95034011898778
        ]
    ],
    "3":[
        [
            -19.91520874933435,
            -43.939498342663825
        ]
    ],
    "4":[
        [
            -19.913624827515438,
            -43.94484008113802
        ]
    ],
    "5":[
        [
            -19.9230633052967,
            -43.93914454591055
        ]
    ],
    "6":[
        [
            -19.916448821826137,
            -43.93662329614089
        ]
    ],
    "7":[
        [
            -19.926808390680907,
            -43.943971299101676
        ]
    ],
    "8":[
        [
            -19.920712500879816,
            -43.94464900528363
        ]
    ],
    "9":[
        [
            -19.911653732408677,
            -43.94170585535946
        ]
    ],
    "total_length":9685.84515360788,
    "work_total":761677.5742427899
}