{
    "0":[
        [
            -19.931603786474106,
            -43.952787290380826
        ]
    ],
    "1":[
        [
            -19.915430844838337,
            -43.94288711318017
        ]
    ],
    "2":[
        [
            -19.923354780455497,
            -43.93755995283208
        ]
    ],
    "3":[
        [
            -19.924028552403968,
            -43.946386125629004
        ]
    ],
    "4":[
        [
            -19.924779083956743,
            -43.95106194166623
        ]
    ],
    "5":[
        [
            -19.914328777135395,
            -43.94144595227176
        ]
    ],
    "6":[
        [
            -19.926965460457836,
            -43.94002073936198
        ]
    ],
    "7":[
        [
            -19.92237745646936,
            -43.953129575542995
        ]
    ],
    "8":[
        [
            -19.918591030088937,
            -43.948014956734006
        ]
    ],
    "9":[
        [
            -19.92538678350089,
            -43.94160986384964
        ]
    ],
    "total_length":8560.266860255037,
    "work_total":637657.6303903509
}