{
    "0":[
        [
            -19.925602569380526,
            -43.93748697140416
        ]
    ],
    "1":[
        [
            -19.920809862801033,
            -43.944746792612996
        ]
    ],
    "2":[
        [
            -19.917216327358236,
            -43.94115522672801
        ]
    ],
    "3":[
        [
            -19.922873482998934,
            -43.942298356341716
        ]
    ],
    "4":[
        [
            -19.91813633267712,
            -43.94562904471516
        ]
    ],
    "5":[
        [
            -19.919260484510893,
            -43.94107124456921
        ]
    ],
    "6":[
        [
            -19.92521376651778,
            -43.94799001015758
        ]
    ],
    "7":[
        [
            -19.915652566908523,
            -43.938908995943
        ]
    ],
    "8":[
        [
            -19.912595967206805,
            -43.95044454229133
        ]
    ],
    "9":[
        [
            -19.918009253304888,
            -43.938902211137595
        ]
    ],
    "total_length":9230.161802746992,
    "work_total":655926.2020662056
}