{
    "0":3.904039832522349,
    "1":4.005884349892497,
    "2":6.37094036437705,
    "3":2.2066312096865452,
    "4":2.6819056240805703,
    "5":2.0255742899173925,
    "6":2.070838519859681,
    "7":1.6068801629512277,
    "8":1.5729319904945118,
    "9":1.7992531402059524,
    "10":1.4937195880955074,
    "11":1.6747765078646601,
    "12":1.720040737806948,
    "13":1.9350458300328166,
    "14":1.765304967749236,
    "15":1.8671494851193844,
    "16":1.686092565350232,
    "17":1.78793708272038,
    "18":2.274527554599977,
    "19":2.432952359397986,
    "20":2.082154577345253,
    "21":2.082154577345253,
    "22":1.8897816000905283,
    "23":1.9350458300328166,
    "24":1.6634604503790877,
    "25":1.5163517030666516,
    "26":1.4145071856965035,
    "27":1.346610840783071,
    "28":1.1089736335860587,
    "29":1.1655539210139187,
    "30":1.1089736335860587,
    "31":1.267398438384067,
    "32":1.0297612311870545,
    "33":0.9052845988457622,
    "34":1.0297612311870545,
    "35":0.9279167138169062,
    "36":0.848704311417902,
    "37":0.5997510467353174,
    "38":0.7129116215910377,
    "39":0.9166006563313341,
    "40":0.4979065293651692,
    "41":0.5205386443363132,
    "42":0.6336992191920335,
    "43":0.441326241937309,
    "44":0.5092225868507413,
    "45":0.5205386443363132,
    "46":0.4639583569084531,
    "47":0.31684960959601677,
    "48":0.2602693221681566,
    "49":0.38474595450944893,
    "50":0.5318547018218852,
    "51":0.31684960959601677,
    "52":0.38474595450944893,
    "53":0.27158537965372864,
    "54":0.37342989702387686,
    "55":0.441326241937309,
    "56":0.2942174946248727,
    "57":0.3281656670815888,
    "58":0.28290143713930066,
    "59":0.2150050922258685,
    "60":0.20368903474029648,
    "61":0.2942174946248727,
    "62":0.2489532646825846,
    "63":0.22632114971144054,
    "64":0.22632114971144054,
    "65":0.2602693221681566,
    "66":0.18105691976915245,
    "67":0.19237297725472446,
    "68":0.14710874731243634,
    "69":0.1244766323412923,
    "70":0.11316057485572027,
    "71":0.13579268982686432,
    "72":0.19237297725472446,
    "73":0.27158537965372864,
    "74":0.19237297725472446,
    "75":0.2602693221681566,
    "76":0.27158537965372864,
    "77":0.2150050922258685,
    "78":0.19237297725472446,
    "79":0.14710874731243634,
    "80":0.19237297725472446,
    "81":0.27158537965372864,
    "82":0.22632114971144054,
    "83":0.23763720719701253,
    "84":0.27158537965372864,
    "85":0.3394817245671608,
    "86":0.2150050922258685,
    "87":0.1697408622835804,
    "88":0.20368903474029648,
    "89":0.22632114971144054,
    "90":0.20368903474029648,
    "91":0.09052845988457622,
    "92":0.18105691976915245,
    "93":0.28290143713930066,
    "94":0.2150050922258685,
    "95":0.14710874731243634,
    "96":0.27158537965372864,
    "97":0.19237297725472446,
    "98":0.06789634491343216,
    "99":0.09052845988457622,
    "100":0.11316057485572027,
    "101":0.11316057485572027,
    "102":0.1244766323412923,
    "103":0.13579268982686432,
    "104":0.1244766323412923,
    "105":0.1244766323412923,
    "106":0.14710874731243634,
    "107":0.1697408622835804,
    "108":0.14710874731243634,
    "109":0.19237297725472446,
    "110":0.15842480479800838,
    "111":0.1244766323412923,
    "112":0.15842480479800838,
    "113":0.15842480479800838,
    "114":0.09052845988457622,
    "115":0.11316057485572027,
    "116":0.11316057485572027,
    "117":0.1697408622835804,
    "118":0.13579268982686432,
    "119":0.1244766323412923,
    "120":0.1697408622835804,
    "121":0.11316057485572027,
    "122":0.18105691976915245,
    "123":0.1244766323412923,
    "124":0.14710874731243634,
    "125":0.19237297725472446,
    "126":0.1244766323412923,
    "127":0.1244766323412923,
    "128":0.10184451737014824,
    "129":0.13579268982686432,
    "130":0.11316057485572027,
    "131":0.14710874731243634,
    "132":0.15842480479800838,
    "133":0.1244766323412923,
    "134":0.13579268982686432,
    "135":0.10184451737014824,
    "136":0.1244766323412923,
    "137":0.15842480479800838,
    "138":0.06789634491343216,
    "139":0.07921240239900419,
    "140":0.10184451737014824,
    "141":0.14710874731243634,
    "142":0.1244766323412923,
    "143":0.1697408622835804,
    "144":0.10184451737014824,
    "145":0.13579268982686432,
    "146":0.09052845988457622,
    "147":0.06789634491343216,
    "148":0.14710874731243634,
    "149":0.056580287427860136,
    "150":0.09052845988457622,
    "151":0.07921240239900419,
    "152":0.056580287427860136,
    "153":0.09052845988457622,
    "154":0.04526422994228811,
    "155":0.04526422994228811,
    "156":0.056580287427860136,
    "157":0.056580287427860136,
    "158":0.07921240239900419,
    "159":0.03394817245671608,
    "160":0.04526422994228811,
    "161":0.04526422994228811,
    "162":0.056580287427860136,
    "163":0.056580287427860136,
    "164":0.03394817245671608,
    "165":0.03394817245671608,
    "166":0.056580287427860136,
    "167":0.022632114971144056,
    "168":0.056580287427860136,
    "169":0.04526422994228811,
    "170":0.07921240239900419,
    "171":0.04526422994228811,
    "172":0.04526422994228811,
    "173":0.022632114971144056,
    "174":0.1244766323412923,
    "175":0.03394817245671608,
    "176":0.022632114971144056,
    "177":0.06789634491343216,
    "178":0.04526422994228811,
    "179":0.0,
    "180":0.03394817245671608,
    "181":0.056580287427860136,
    "182":0.03394817245671608,
    "183":0.0,
    "184":0.04526422994228811,
    "185":0.04526422994228811,
    "186":0.04526422994228811,
    "187":0.04526422994228811,
    "188":0.06789634491343216,
    "189":0.09052845988457622,
    "190":0.056580287427860136,
    "191":0.056580287427860136,
    "192":0.03394817245671608,
    "193":0.056580287427860136,
    "194":0.022632114971144056,
    "195":0.03394817245671608,
    "196":0.011316057485572028,
    "197":0.022632114971144056,
    "198":0.011316057485572028,
    "199":0.06789634491343216,
    "200":0.056580287427860136,
    "201":0.1244766323412923,
    "202":0.06789634491343216,
    "203":0.04526422994228811,
    "204":0.022632114971144056,
    "205":0.03394817245671608,
    "206":0.022632114971144056,
    "207":0.04526422994228811,
    "208":0.022632114971144056,
    "209":0.04526422994228811,
    "210":0.03394817245671608,
    "211":0.022632114971144056,
    "212":0.04526422994228811,
    "213":0.0,
    "214":0.011316057485572028,
    "215":0.011316057485572028,
    "216":0.0,
    "217":0.022632114971144056,
    "218":0.022632114971144056,
    "219":0.022632114971144056,
    "220":0.03394817245671608,
    "221":0.03394817245671608,
    "222":0.04526422994228811,
    "223":0.0,
    "224":0.0,
    "225":0.022632114971144056,
    "226":0.022632114971144056,
    "227":0.022632114971144056,
    "228":0.011316057485572028,
    "229":0.03394817245671608,
    "230":0.03394817245671608,
    "231":0.011316057485572028,
    "232":0.022632114971144056,
    "233":0.011316057485572028,
    "234":0.011316057485572028,
    "235":0.0,
    "236":0.011316057485572028,
    "237":0.011316057485572028,
    "238":0.011316057485572028,
    "239":0.011316057485572028,
    "240":0.022632114971144056,
    "241":0.011316057485572028,
    "242":0.011316057485572028,
    "243":0.011316057485572028,
    "244":0.03394817245671608,
    "245":0.0,
    "246":0.03394817245671608,
    "247":0.022632114971144056,
    "248":0.0,
    "249":0.011316057485572028,
    "250":0.0,
    "251":0.03394817245671608,
    "252":0.03394817245671608,
    "253":0.03394817245671608,
    "254":0.0,
    "255":0.022632114971144056,
    "256":0.022632114971144056,
    "257":0.04526422994228811,
    "258":0.0,
    "259":0.03394817245671608,
    "260":0.03394817245671608,
    "261":0.011316057485572028,
    "262":0.022632114971144056,
    "263":0.0,
    "264":0.011316057485572028,
    "265":0.056580287427860136,
    "266":0.011316057485572028,
    "267":0.0,
    "268":0.0,
    "269":0.022632114971144056,