{
    "0":0.1396584092678236,
    "1":1.8315856953157197,
    "2":1.2821099867210037,
    "3":0.9547140436833188,
    "4":1.6026374834012547,
    "5":2.076560282064197,
    "6":4.2034891707495765,
    "7":4.37748981180457,
    "8":4.258436741609048,
    "9":4.230962956179312,
    "10":4.5789642382892985,
    "11":3.997435780026558,
    "12":2.149823709876826,
    "13":2.3123769403360956,
    "14":2.213929209212876,
    "15":1.6873483218096068,
    "16":1.4286368423462612,
    "17":1.3485049681761987,
    "18":1.0142405787810798,
    "19":0.8997664728238473,
    "20":0.7188973854114199,
    "21":0.7028710105774074,
    "22":0.7715554741517469,
    "23":1.1653463986446266,
    "24":1.0485828105682495,
    "25":0.9982142039470671,
    "26":0.8928980264664133,
    "27":1.0920829708319977,
    "28":1.1676358807637712,
    "29":1.1630569165254818,
    "30":1.0394248820916707,
    "31":1.1401620953340355,
    "32":1.0920829708319977,
    "33":1.071477631759696,
    "34":1.1241357205000229,
    "35":1.1767938092403498,
    "36":1.286688950959293,
    "37":1.1584779522871926,
    "38":1.195109666193507,
    "39":1.2454782728146894,
    "40":1.3462154860570539,
    "41":1.2431887906955448,
    "42":1.2683730940061357,
    "43":1.1973991483126516,
    "44":1.1630569165254818,
    "45":1.0050826503045012,
    "46":0.7257658317688539,
    "47":0.6799761893859609,
    "48":0.6479234397179359,
    "49":0.5792389761435963,
    "50":0.5861074225010303,
    "51":0.6021337973350428,
    "52":0.574660011905307,
    "53":0.6456339575987912,
    "54":0.42584367416090474,
    "55":0.34571179999084206,
    "56":0.3754750675397225,
    "57":0.3571592105865653,
    "58":0.35486972846742065,
    "59":0.3800540317780118,
    "60":0.3777645496588672,
    "61":0.38921196025459043,
    "62":0.391501442373735,
    "63":0.35486972846742065,
    "64":0.3571592105865653,
    "65":0.3869224781354458,
    "66":0.36631713906314395,
    "67":0.38921196025459043,
    "68":0.29534319336965975,
    "69":0.2312376940336096,
    "70":0.22665872979532029,
    "71":0.2587114794633454,
    "72":0.20147442648472913,
    "73":0.28618526489308116,
    "74":0.2770273364165026,
    "75":0.2175008013187417,
    "76":0.176290123174138,
    "77":0.07326342781262879,
    "78":0.08700032052749668,
    "79":0.08700032052749668,
    "80":0.11905307019552176,
    "81":0.08700032052749668,
    "82":0.06868446357433948,
    "83":0.05265808874032694,
    "84":0.07555290993177342,
    "85":0.06410549933605018,
    "86":0.061816017216905536,
    "87":0.05494757085947159,
    "88":0.06410549933605018,
    "89":0.08471083840835203,
    "90":0.07326342781262879,
    "91":0.06410549933605018,
    "92":0.05723705297861624,
    "93":0.03892119602545904,
    "94":0.05723705297861624,
    "95":0.05723705297861624,
    "96":0.05723705297861624,
    "97":0.05036860662118228,
    "98":0.04807912450203764,
    "99":0.03892119602545904,
    "100":0.05723705297861624,
    "101":0.05494757085947159,
    "102":0.05494757085947159,
    "103":0.06639498145519485,
    "104":0.03205274966802509,
    "105":0.03892119602545904,
    "106":0.05494757085947159,
    "107":0.05494757085947159,
    "108":0.04350016026374834,
    "109":0.03892119602545904,
    "110":0.07097394569348413,
    "111":0.045789642382892994,
    "112":0.027473785429735796,
    "113":0.036631713906314395,
    "114":0.04350016026374834,
    "115":0.036631713906314395,
    "116":0.05265808874032694,
    "117":0.03892119602545904,
    "118":0.04807912450203764,
    "119":0.05494757085947159,
    "120":0.04807912450203764,
    "121":0.05494757085947159,
    "122":0.02976326754888044,
    "123":0.04350016026374834,
    "124":0.0,
    "125":0.0,
    "126":0.0,
    "127":0.0,
    "128":0.0,
    "129":0.0,
    "130":0.0,
    "131":0.0,
    "132":0.0,
    "133":0.0,
    "134":0.0,
    "135":0.0,
    "136":0.0,
    "137":0.0,
    "138":0.0,
    "139":0.0,
    "140":0.0,
    "141":0.0,
    "142":0.0,
    "143":0.0,
    "144":0.0,
    "145":0.0,
    "146":0.0,
    "147":0.0,
    "148":0.0,
    "149":0.0022894821191446497,
    "150":0.0,
    "151":0.0,
    "152":0.0,
    "153":0.0,
    "154":0.0,
    "155":0.0,
    "156":0.0,
    "157":0.0,
    "158":0.0,
    "159":0.0,
    "160":0.0022894821191446497,
    "161":0.0,
    "162":0.0,
    "163":0.0,
    "164":0.0,
    "165":0.0,
    "166":0.0,
    "167":0.0,
    "168":0.0,
    "169":0.0,
    "170":0.0,
    "171":0.0,
    "172":0.0,
    "173":0.0,
    "174":0.0,
    "175":0.0,
    "176":0.0,
    "177":0.0,
    "178":0.0,
    "179":0.0,
    "180":0.0,
    "181":0.0,
    "182":0.0,
    "183":0.0,
    "184":0.0,
    "185":0.0,
    "186":0.0,
    "187":0.0,
    "188":0.0,
    "189":0.0,
    "190":0.0,
    "191":0.0,
    "192":0.0,
    "193":0.0,
    "194":0.0,
    "195":0.0,
    "196":0.0,
    "197":0.0,
    "198":0.0,
    "199":0.0,
    "200":0.0,
    "201":0.0,
    "202":0.0,
    "203":0.0,
    "204":0.0,
    "205":0.0,
    "206":0.0,
    "207":0.0,
    "208":0.0,
    "209":0.0,
    "210":0.0,
    "211":0.0,
    "212":0.0,
    "213":0.0,
    "214":0.0,
    "215":0.0,
    "216":0.0,
    "217":0.0,
    "218":0.0,
    "219":0.0,
    "220":0.0,
    "221":0.0,
    "222":0.0,
    "223":0.0,
    "224":0.0,
    "225":0.0,
    "226":0.0,
    "227":0.0,
    "228":0.0,
    "229":0.0,
    "230":0.0,
    "231":0.0,
    "232":0.0,
    "233":0.0,
    "234":0.0,
    "235":0.0,
    "236":0.0,
    "237":0.0,
    "238":0.0,
    "239":0.0,
    "240":0.0,
    "241":0.0,
    "242":0.0,
    "243":0.0,
    "244":0.0,
    "245":0.0,
    "246":0.0,
    "247":0.0,
    "248":0.0,
    "249":0.0,
    "250":0.0,
    "251":0.0,
    "252":0.0,
    "253":0.0,
    "254":0.0,
    "255":0.0,
    "256":0.0,
    "257":0.0,
    "258":0.0,
    "259":0.0,
    "260":0.0,
    "261":0.0,
    "262":0.0,
    "263":0.0,
    "264":0.0,
    "265":0.0,
    "266":0.0,
    "267":0.0,
    "268":0.0,
    "269":0.0,
    "270":0.0,
    "271":0.0,
    "272":0.0,
    "273":0.0,
    "274":0.0,
    "275":0.0,
    "276":0.0,
    "277":0.0,
    "278":0.0,
    "279":0.0,
    "280":0.0,
    "281":0.0,
    "282":0.0,
    "283":0.0,
    "284":0.0022894821191446497,
    "285":0.0,
    "286":0.0,
    "287":0.0,
    "288":0.0,
    "289":0.0,
    "290":0.0,
    "291":0.0,
    "292":0.0,
    "293":0.0,
    "294":0.0,
    "295":0.0,
    "296":0.0,
    "297":0.0,
    "298":0.0,
    "299":0.0,
    "300":0.0,
    "301":0.0,
    "302":0.0,
    "303":0.0,
    "304":0.0,
    "305":0.0,
    "306":0.0,
    "307":0.0,
    "308":0.0,
    "309":0.0,
    "310":0.0,
    "311":0.0,
    "312":0.0,
    "313":0.0,
    "314":0.0,
    "315":0.0,
    "316":0.0,
    "317":0.0,
    "318":0.0,
    "319":0.0,
    "320":0.0,
    "321":0.0,
    "322":0.0,
    "323":0.0,
    "324":0.0,
    "325":0.0,
    "326":0.0,
    "327":0.0,
    "328":0.0,
    "329":0.0,
    "330":0.0,
    "331":0.0,
    "332":0.0,
    "333":0.0,
    "334":0.0,
    "335":0.0,
    "336":0.0,
    "337":0.0,
    "338":0.0,
    "339":0.0,
    "340":0.0,
    "341":0.0,
    "342":0.0,
    "343":0.0,
    "344":0.0,
    "345":0.0,
    "346":0.0,
    "347":0.0,
    "348":0.0,
    "349":0.0,
    "350":0.0,
    "351":0.0,
    "352":0.0,
    "353":0.0,
    "354":0.0,
    "355":0.0,
    "356":0.0,
    "357":0.0,
    "358":0.0,
    "359":0.0,
    "360":0.0,
    "361":0.0,
    "362":0.0,
    "363":0.0,
    "364":0.0,
    "365":0.0,
    "366":0.0,
    "367":0.0,
    "368":0.0,
    "369":0.0,
    "370":0.0,
    "371":0.0,
    "372":0.0,
    "373":0.0,
    "374":0.0,
    "375":0.0,
    "376":0.0,
    "377":0.004578964238289299,
    "378":0.0022894821191446497,
    "379":0.009157928476578599,
    "380":0.0022894821191446497,
    "381":0.0022894821191446497,
    "382":0.006868446357433949,
    "383":0.0022894821191446497,
    "384":0.011447410595723248,
    "385":0.004578964238289299,
    "386":0.006868446357433949,
    "387":0.004578964238289299,
    "388":0.009157928476578599,
    "389":0.0022894821191446497,
    "390":0.011447410595723248,
    "391":0.006868446357433949,