{
    "0":5.015809140557632,
    "1":0.9629203794193735,
    "2":6.4817476286289155,
    "3":5.490083357286577,
    "4":3.2049439494107506,
    "5":3.176200057487784,
    "6":1.8108651911468814,
    "7":0.862316757688991,
    "8":1.2359873526875538,
    "9":1.1066398390342052,
    "10":1.2359873526875538,
    "11":1.868352974992814,
    "12":2.0551882724920953,
    "13":2.1557918942224776,
    "14":1.6958896234550158,
    "15":1.8539810290313308,
    "16":2.1414199482609946,
    "17":1.724633515377982,
    "18":1.5234262719172176,
    "19":1.6527737855705664,
    "20":1.710261569416499,
    "21":1.5952860017246335,
    "22":0.8335728657660249,
    "23":0.6036217303822937,
    "24":0.6754814601897097,
    "25":0.7473411899971256,
    "26":1.0204081632653061,
    "27":0.7329692440356425,
    "28":0.8479448117275079,
    "29":0.6179936763437769,
    "30":0.6611095142282265,
    "31":0.5173900546133947,
    "32":0.33055475711411325,
    "33":0.7473411899971256,
    "34":0.4167864328830124,
    "35":0.388042540960046,
    "36":0.5030181086519114,
    "37":0.5605058924978442,
    "38":0.6036217303822937,
    "39":0.5605058924978442,
    "40":0.4599022707674619,
    "41":0.4742742167289451,
    "42":0.8048289738430584,
    "43":0.5748778384593274,
    "44":0.4167864328830124,
    "45":0.48864616269042827,
    "46":0.5173900546133947,
    "47":0.48864616269042827,
    "48":0.5030181086519114,
    "49":0.4742742167289451,
    "50":0.2874389192296637,
    "51":0.5173900546133947,
    "52":0.4455303248059787,
    "53":0.4167864328830124,
    "54":0.5605058924978442,
    "55":0.4167864328830124,
    "56":0.2730669732681805,
    "57":0.3736705949985628,
    "58":0.4599022707674619,
    "59":0.5748778384593274,
    "60":0.5605058924978442,
    "61":0.7042253521126761,
    "62":0.5173900546133947,
    "63":0.4599022707674619,
    "64":0.546133946536361,
    "65":0.48864616269042827,
    "66":0.4455303248059787,
    "67":0.4167864328830124,
    "68":0.21557918942224774,
    "69":0.30181086519114686,
    "70":0.388042540960046,
    "71":0.3449267030755964,
    "72":0.33055475711411325,
    "73":0.388042540960046,
    "74":0.4024144869215292,
    "75":0.388042540960046,
    "76":0.3736705949985628,
    "77":0.25869502730669736,
    "78":0.30181086519114686,
    "79":0.30181086519114686,
    "80":0.25869502730669736,
    "81":0.2874389192296637,
    "82":0.24432308134521413,
    "83":0.25869502730669736,
    "84":0.25869502730669736,
    "85":0.24432308134521413,
    "86":0.2730669732681805,
    "87":0.2730669732681805,
    "88":0.22995113538373094,
    "89":0.22995113538373094,
    "90":0.15809140557631501,
    "91":0.22995113538373094,
    "92":0.30181086519114686,
    "93":0.1868352974992814,
    "94":0.1868352974992814,
    "95":0.22995113538373094,
    "96":0.25869502730669736,
    "97":0.21557918942224774,
    "98":0.1868352974992814,
    "99":0.22995113538373094,
    "100":0.2012072434607646,
    "101":0.25869502730669736,
    "102":0.2012072434607646,
    "103":0.14371945961483185,
    "104":0.24432308134521413,
    "105":0.1724633515377982,
    "106":0.1724633515377982,
    "107":0.1724633515377982,
    "108":0.1868352974992814,
    "109":0.07185972980741592,
    "110":0.25869502730669736,
    "111":0.12934751365334868,
    "112":0.30181086519114686,
    "113":0.15809140557631501,
    "114":0.14371945961483185,
    "115":0.1724633515377982,
    "116":0.07185972980741592,
    "117":0.0862316757688991,
    "118":0.1006036217303823,
    "119":0.1868352974992814,
    "120":0.07185972980741592,
    "121":0.057487783845932734,
    "122":0.0862316757688991,
    "123":0.057487783845932734,
    "124":0.057487783845932734,
    "125":0.057487783845932734,
    "126":0.0862316757688991,
    "127":0.11497556769186547,
    "128":0.07185972980741592,
    "129":0.2012072434607646,
    "130":0.0862316757688991,
    "131":0.15809140557631501,
    "132":0.11497556769186547,
    "133":0.07185972980741592,
    "134":0.15809140557631501,
    "135":0.1006036217303823,
    "136":0.1868352974992814,
    "137":0.0862316757688991,
    "138":0.11497556769186547,
    "139":0.1006036217303823,
    "140":0.04311583788444955,
    "141":0.04311583788444955,
    "142":0.057487783845932734,
    "143":0.11497556769186547,
    "144":0.12934751365334868,
    "145":0.1006036217303823,
    "146":0.04311583788444955,
    "147":0.07185972980741592,
    "148":0.1006036217303823,
    "149":0.0862316757688991,
    "150":0.1006036217303823,
    "151":0.11497556769186547,
    "152":0.028743891922966367,
    "153":0.0862316757688991,
    "154":0.04311583788444955,
    "155":0.0862316757688991,
    "156":0.1006036217303823,
    "157":0.1006036217303823,
    "158":0.1724633515377982,
    "159":0.1006036217303823,
    "160":0.057487783845932734,
    "161":0.12934751365334868,
    "162":0.0862316757688991,
    "163":0.07185972980741592,
    "164":0.04311583788444955,
    "165":0.07185972980741592,
    "166":0.11497556769186547,
    "167":0.057487783845932734,
    "168":0.11497556769186547,
    "169":0.07185972980741592,
    "170":0.15809140557631501,
    "171":0.028743891922966367,
    "172":0.014371945961483184,
    "173":0.07185972980741592,
    "174":0.028743891922966367,
    "175":0.057487783845932734,
    "176":0.11497556769186547,
    "177":0.12934751365334868,
    "178":0.07185972980741592,
    "179":0.1006036217303823,
    "180":0.1006036217303823,
    "181":0.057487783845932734,
    "182":0.11497556769186547,
    "183":0.07185972980741592,
    "184":0.1006036217303823,
    "185":0.07185972980741592,
    "186":0.04311583788444955,
    "187":0.04311583788444955,
    "188":0.057487783845932734,
    "189":0.028743891922966367,
    "190":0.014371945961483184,
    "191":0.057487783845932734,
    "192":0.057487783845932734,
    "193":0.07185972980741592,
    "194":0.07185972980741592,
    "195":0.0862316757688991,
    "196":0.1006036217303823,
    "197":0.057487783845932734,
    "198":0.07185972980741592,
    "199":0.057487783845932734,
    "200":0.028743891922966367,
    "201":0.028743891922966367,
    "202":0.04311583788444955,
    "203":0.1006036217303823,
    "204":0.057487783845932734,
    "205":0.028743891922966367,
    "206":0.028743891922966367,
    "207":0.057487783845932734,
    "208":0.014371945961483184,
    "209":0.04311583788444955,
    "210":0.04311583788444955,
    "211":0.014371945961483184,
    "212":0.07185972980741592,
    "213":0.014371945961483184,
    "214":0.028743891922966367,
    "215":0.014371945961483184,
    "216":0.057487783845932734,
    "217":0.1006036217303823,
    "218":0.028743891922966367,
    "219":0.04311583788444955,
    "220":0.0862316757688991,
    "221":0.04311583788444955,
    "222":0.014371945961483184,
    "223":0.057487783845932734,
    "224":0.014371945961483184,
    "225":0.028743891922966367,
    "226":0.0862316757688991,
    "227":0.1006036217303823,
    "228":0.014371945961483184,
    "229":0.014371945961483184,
    "230":0.04311583788444955,
    "231":0.04311583788444955,
    "232":0.057487783845932734,
    "233":0.014371945961483184,
    "234":0.04311583788444955,
    "235":0.028743891922966367,
    "236":0.07185972980741592,
    "237":0.1006036217303823,
    "238":0.057487783845932734,
    "239":0.014371945961483184,
    "240":0.057487783845932734,
    "241":0.014371945961483184,
    "242":0.04311583788444955,
    "243":0.057487783845932734,
    "244":0.014371945961483184,
    "245":0.0862316757688991,
    "246":0.014371945961483184,
    "247":0.028743891922966367,
    "248":0.028743891922966367,
    "249":0.04311583788444955,
    "250":0.07185972980741592,
    "251":0.04311583788444955,
    "252":0.04311583788444955,
    "253":0.028743891922966367,
    "254":0.0,
    "255":0.0,
    "256":0.014371945961483184,
    "257":0.07185972980741592,
    "258":0.014371945961483184,
    "259":0.028743891922966367,
    "260":0.0,
    "261":0.0,
    "262":0.028743891922966367,
    "263":0.028743891922966367,
    "264":0.014371945961483184,