{
    "0":2.011640968038395,
    "1":0.010211375472276116,
    "2":0.9496579189216788,
    "3":1.5419176963136934,
    "4":1.5112835698968652,
    "5":2.3894618605126112,
    "6":1.5214949453691413,
    "7":1.3070560604513428,
    "8":1.2764219340345144,
    "9":1.4295925661186561,
    "10":0.8475441641989175,
    "11":0.8373327887266415,
    "12":0.6841621566424997,
    "13":0.704584907587052,
    "14":0.6331052792811191,
    "15":0.7250076585316042,
    "16":0.5309915245583581,
    "17":0.33697539058511183,
    "18":0.5003573981415297,
    "19":0.5207801490860818,
    "20":0.42887776983559683,
    "21":0.8679669151434699,
    "22":0.7454304094761565,
    "23":1.0517716736444398,
    "24":1.0619830491167161,
    "25":1.3376901868681712,
    "26":1.2049423057285817,
    "27":1.3070560604513428,
    "28":1.2764219340345144,
    "29":1.245787807617686,
    "30":1.3683243132849994,
    "31":1.5419176963136934,
    "32":1.4602266925354845,
    "33":1.3683243132849994,
    "34":1.6236087000919026,
    "35":1.6440314510364546,
    "36":1.490860818952313,
    "37":1.3581129378127232,
    "38":1.3479015623404473,
    "39":1.4806494434800368,
    "40":1.3887470642295519,
    "41":1.23557643214541,
    "42":1.0007147962830594,
    "43":0.9598692943939549,
    "44":1.0619830491167161,
    "45":0.8679669151434699,
    "46":0.980292045338507,
    "47":1.0415602981721637,
    "48":0.8883896660880221,
    "49":0.6943735321147759,
    "50":0.7760645358929847,
    "51":0.7250076585316042,
    "52":0.8271214132543654,
    "53":1.0415602981721637,
    "54":0.6433166547533953,
    "55":0.7454304094761565,
    "56":0.7862759113652609,
    "57":0.9905034208107831,
    "58":0.8169100377820893,
    "59":1.0211375472276116,
    "60":0.6331052792811191,
    "61":0.6331052792811191,
    "62":0.8066986623098132,
    "63":0.7658531604207087,
    "64":0.7250076585316042,
    "65":0.7556417849484326,
    "66":0.6433166547533953,
    "67":0.7760645358929847,
    "68":0.46972327172470135,
    "69":0.6024711528642909,
    "70":0.7658531604207087,
    "71":0.7454304094761565,
    "72":0.6841621566424997,
    "73":0.5718370264474625,
    "74":0.5309915245583581,
    "75":0.5207801490860818,
    "76":0.45951189625242517,
    "77":0.3778208924742163,
    "78":0.6535280302256714,
    "79":0.4799346471969774,
    "80":0.5718370264474625,
    "81":0.41866639436332076,
    "82":0.46972327172470135,
    "83":0.6126825283365669,
    "84":0.439089145307873,
    "85":0.4799346471969774,
    "86":0.4901460226692535,
    "87":0.45951189625242517,
    "88":0.40845501889104463,
    "89":0.30634126416828344,
    "90":0.35739814152966404,
    "91":0.40845501889104463,
    "92":0.33697539058511183,
    "93":0.42887776983559683,
    "94":0.4493005207801491,
    "95":0.5207801490860818,
    "96":0.42887776983559683,
    "97":0.3778208924742163,
    "98":0.42887776983559683,
    "99":0.6024711528642909,
    "100":0.28591851322373124,
    "101":0.2961298886960073,
    "102":0.2961298886960073,
    "103":0.439089145307873,
    "104":0.26549576227917904,
    "105":0.38803226794649237,
    "106":0.2552843868069029,
    "107":0.38803226794649237,
    "108":0.34718676605738796,
    "109":0.45951189625242517,
    "110":0.3267640151128357,
    "111":0.3267640151128357,
    "112":0.33697539058511183,
    "113":0.2552843868069029,
    "114":0.28591851322373124,
    "115":0.22465026039007455,
    "116":0.21443888491779842,
    "117":0.21443888491779842,
    "118":0.23486163586235068,
    "119":0.22465026039007455,
    "120":0.21443888491779842,
    "121":0.22465026039007455,
    "122":0.30634126416828344,
    "123":0.30634126416828344,
    "124":0.2757071377514551,
    "125":0.30634126416828344,
    "126":0.35739814152966404,
    "127":0.22465026039007455,
    "128":0.19401613397324619,
    "129":0.02042275094455223,
    "130":0.12253650566731338,
    "131":0.10211375472276116,
    "132":0.11232513019503727,
    "133":0.06126825283365669,
    "134":0.10211375472276116,
    "135":0.05105687736138058,
    "136":0.06126825283365669,
    "137":0.09190237925048504,
    "138":0.030634126416828344,
    "139":0.04084550188910446,
    "140":0.06126825283365669,
    "141":0.04084550188910446,
    "142":0.030634126416828344,
    "143":0.04084550188910446,
    "144":0.0,
    "145":0.05105687736138058,
    "146":0.04084550188910446,
    "147":0.02042275094455223,
    "148":0.08169100377820893,
    "149":0.07147962830593281,
    "150":0.08169100377820893,
    "151":0.05105687736138058,
    "152":0.02042275094455223,
    "153":0.07147962830593281,
    "154":0.05105687736138058,
    "155":0.08169100377820893,
    "156":0.04084550188910446,
    "157":0.05105687736138058,
    "158":0.07147962830593281,
    "159":0.07147962830593281,
    "160":0.010211375472276116,
    "161":0.05105687736138058,
    "162":0.04084550188910446,
    "163":0.0,
    "164":0.05105687736138058,
    "165":0.04084550188910446,
    "166":0.04084550188910446,
    "167":0.05105687736138058,
    "168":0.02042275094455223,
    "169":0.07147962830593281,
    "170":0.08169100377820893,
    "171":0.010211375472276116,
    "172":0.04084550188910446,
    "173":0.010211375472276116,
    "174":0.030634126416828344,
    "175":0.07147962830593281,
    "176":0.04084550188910446,
    "177":0.010211375472276116,
    "178":0.030634126416828344,
    "179":0.05105687736138058,
    "180":0.010211375472276116,
    "181":0.02042275094455223,
    "182":0.010211375472276116,
    "183":0.010211375472276116,
    "184":0.02042275094455223,
    "185":0.02042275094455223,
    "186":0.05105687736138058,
    "187":0.02042275094455223,
    "188":0.030634126416828344,
    "189":0.010211375472276116,
    "190":0.0,
    "191":0.04084550188910446,
    "192":0.02042275094455223,
    "193":0.06126825283365669,
    "194":0.0,
    "195":0.02042275094455223,
    "196":0.010211375472276116,
    "197":0.030634126416828344,
    "198":0.02042275094455223,
    "199":0.030634126416828344,
    "200":0.010211375472276116,
    "201":0.010211375472276116,
    "202":0.04084550188910446,
    "203":0.030634126416828344,
    "204":0.030634126416828344,
    "205":0.06126825283365669,
    "206":0.030634126416828344,
    "207":0.010211375472276116,
    "208":0.010211375472276116,
    "209":0.02042275094455223,
    "210":0.02042275094455223,
    "211":0.02042275094455223,
    "212":0.010211375472276116,
    "213":0.04084550188910446,
    "214":0.010211375472276116,
    "215":0.030634126416828344,
    "216":0.05105687736138058,
    "217":0.02042275094455223,
    "218":0.05105687736138058,
    "219":0.030634126416828344,
    "220":0.030634126416828344,
    "221":0.02042275094455223,
    "222":0.010211375472276116,
    "223":0.010211375472276116,
    "224":0.02042275094455223,
    "225":0.02042275094455223,
    "226":0.0,
    "227":0.0,
    "228":0.030634126416828344,
    "229":0.010211375472276116,
    "230":0.04084550188910446,
    "231":0.0,
    "232":0.010211375472276116,
    "233":0.05105687736138058,
    "234":0.010211375472276116,
    "235":0.04084550188910446,
    "236":0.030634126416828344,
    "237":0.030634126416828344,
    "238":0.02042275094455223,
    "239":0.02042275094455223,
    "240":0.07147962830593281,
    "241":0.02042275094455223,
    "242":0.04084550188910446,
    "243":0.0,
    "244":0.02042275094455223,
    "245":0.010211375472276116,
    "246":0.0,
    "247":0.0,
    "248":0.030634126416828344,
    "249":0.06126825283365669,
    "250":0.010211375472276116,
    "251":0.0,
    "252":0.010211375472276116,
    "253":0.010211375472276116,
    "254":0.0,
    "255":0.0,
    "256":0.0,
    "257":0.030634126416828344,
    "258":0.0,
    "259":0.010211375472276116,
    "260":0.010211375472276116,
    "261":0.02042275094455223,
    "262":0.0,
    "263":0.030634126416828344,
    "264":0.010211375472276116,
    "265":0.010211375472276116,
    "266":0.030634126416828344,
    "267":0.010211375472276116,
    "268":0.010211375472276116,
    "269":0.010211375472276116,
    "270":0.02042275094455223,