{
    "0":1.6160949868073877,
    "1":6.068601583113456,
    "2":6.530343007915568,
    "3":0.9729551451187335,
    "4":1.4017150395778364,
    "5":0.9234828496042217,
    "6":0.5606860158311345,
    "7":0.7255936675461742,
    "8":0.7091029023746702,
    "9":0.9894459102902375,
    "10":1.170844327176781,
    "11":1.4676781002638524,
    "12":1.2368073878627968,
    "13":1.3027704485488127,
    "14":0.9564643799472295,
    "15":0.9564643799472295,
    "16":0.775065963060686,
    "17":0.4782321899736148,
    "18":0.49472295514511877,
    "19":0.6596306068601583,
    "20":0.6596306068601583,
    "21":0.8080474934036939,
    "22":0.8245382585751979,
    "23":0.8575197889182058,
    "24":0.9564643799472295,
    "25":0.8740105540897097,
    "26":0.9399736147757256,
    "27":1.0224274406332454,
    "28":0.8905013192612138,
    "29":0.8575197889182058,
    "30":0.8740105540897097,
    "31":1.2697889182058049,
    "32":1.154353562005277,
    "33":0.9234828496042217,
    "34":1.0059366754617414,
    "35":1.0389182058047495,
    "36":0.841029023746702,
    "37":0.8740105540897097,
    "38":0.841029023746702,
    "39":0.8080474934036939,
    "40":0.6926121372031662,
    "41":0.7091029023746702,
    "42":0.7091029023746702,
    "43":0.6266490765171504,
    "44":0.7255936675461742,
    "45":0.79155672823219,
    "46":0.9399736147757256,
    "47":0.9894459102902375,
    "48":0.49472295514511877,
    "49":0.6101583113456465,
    "50":0.775065963060686,
    "51":0.8575197889182058,
    "52":0.6266490765171504,
    "53":1.1048812664907652,
    "54":0.9894459102902375,
    "55":0.5936675461741424,
    "56":0.8905013192612138,
    "57":0.9399736147757256,
    "58":0.8080474934036939,
    "59":0.9234828496042217,
    "60":1.0883905013192612,
    "61":0.7091029023746702,
    "62":0.8575197889182058,
    "63":0.5936675461741424,
    "64":0.6431398416886543,
    "65":0.775065963060686,
    "66":0.9564643799472295,
    "67":0.775065963060686,
    "68":0.5606860158311345,
    "69":0.5771767810026385,
    "70":0.5606860158311345,
    "71":0.6431398416886543,
    "72":0.5441952506596306,
    "73":0.775065963060686,
    "74":0.5936675461741424,
    "75":0.6761213720316622,
    "76":0.5936675461741424,
    "77":0.6266490765171504,
    "78":0.46174142480211083,
    "79":0.5771767810026385,
    "80":0.4782321899736148,
    "81":0.6101583113456465,
    "82":0.3133245382585752,
    "83":0.4287598944591029,
    "84":0.2638522427440633,
    "85":0.3627968337730871,
    "86":0.46174142480211083,
    "87":0.379287598944591,
    "88":0.5277044854881267,
    "89":0.23087071240105542,
    "90":0.3627968337730871,
    "91":0.1484168865435356,
    "92":0.4452506596306069,
    "93":0.23087071240105542,
    "94":0.4452506596306069,
    "95":0.1484168865435356,
    "96":0.32981530343007914,
    "97":0.1978891820580475,
    "98":0.2638522427440633,
    "99":0.13192612137203166,
    "100":0.24736147757255939,
    "101":0.3133245382585752,
    "102":0.16490765171503957,
    "103":0.1978891820580475,
    "104":0.2968337730870712,
    "105":0.23087071240105542,
    "106":0.21437994722955145,
    "107":0.08245382585751979,
    "108":0.1978891820580475,
    "109":0.23087071240105542,
    "110":0.1484168865435356,
    "111":0.1978891820580475,
    "112":0.18139841688654354,
    "113":0.21437994722955145,
    "114":0.2638522427440633,
    "115":0.1484168865435356,
    "116":0.16490765171503957,
    "117":0.21437994722955145,
    "118":0.1484168865435356,
    "119":0.16490765171503957,
    "120":0.2638522427440633,
    "121":0.16490765171503957,
    "122":0.04947229551451188,
    "123":0.1978891820580475,
    "124":0.18139841688654354,
    "125":0.16490765171503957,
    "126":0.21437994722955145,
    "127":0.24736147757255939,
    "128":0.09894459102902375,
    "129":0.1978891820580475,
    "130":0.18139841688654354,
    "131":0.24736147757255939,
    "132":0.1978891820580475,
    "133":0.16490765171503957,
    "134":0.16490765171503957,
    "135":0.1484168865435356,
    "136":0.09894459102902375,
    "137":0.11543535620052771,
    "138":0.1978891820580475,
    "139":0.1484168865435356,
    "140":0.11543535620052771,
    "141":0.11543535620052771,
    "142":0.04947229551451188,
    "143":0.1484168865435356,
    "144":0.13192612137203166,
    "145":0.09894459102902375,
    "146":0.1484168865435356,
    "147":0.08245382585751979,
    "148":0.11543535620052771,
    "149":0.08245382585751979,
    "150":0.1484168865435356,
    "151":0.08245382585751979,
    "152":0.06596306068601583,
    "153":0.08245382585751979,
    "154":0.08245382585751979,
    "155":0.11543535620052771,
    "156":0.18139841688654354,
    "157":0.18139841688654354,
    "158":0.13192612137203166,
    "159":0.16490765171503957,
    "160":0.09894459102902375,
    "161":0.11543535620052771,
    "162":0.1484168865435356,
    "163":0.09894459102902375,
    "164":0.24736147757255939,
    "165":0.06596306068601583,
    "166":0.08245382585751979,
    "167":0.1484168865435356,
    "168":0.11543535620052771,
    "169":0.16490765171503957,
    "170":0.09894459102902375,
    "171":0.16490765171503957,
    "172":0.16490765171503957,
    "173":0.08245382585751979,
    "174":0.18139841688654354,
    "175":0.11543535620052771,
    "176":0.11543535620052771,
    "177":0.18139841688654354,
    "178":0.06596306068601583,
    "179":0.13192612137203166,
    "180":0.04947229551451188,
    "181":0.08245382585751979,
    "182":0.04947229551451188,
    "183":0.06596306068601583,
    "184":0.04947229551451188,
    "185":0.08245382585751979,
    "186":0.04947229551451188,
    "187":0.08245382585751979,
    "188":0.06596306068601583,
    "189":0.032981530343007916,
    "190":0.06596306068601583,
    "191":0.016490765171503958,
    "192":0.032981530343007916,
    "193":0.016490765171503958,
    "194":0.032981530343007916,
    "195":0.016490765171503958,
    "196":0.06596306068601583,
    "197":0.06596306068601583,
    "198":0.016490765171503958,
    "199":0.016490765171503958,
    "200":0.032981530343007916,
    "201":0.0,
    "202":0.016490765171503958,
    "203":0.032981530343007916,
    "204":0.032981530343007916,
    "205":0.016490765171503958,
    "206":0.032981530343007916,
    "207":0.016490765171503958,
    "208":0.0,
    "209":0.016490765171503958,
    "210":0.032981530343007916,
    "211":0.06596306068601583,
    "212":0.032981530343007916,
    "213":0.016490765171503958,
    "214":0.032981530343007916,
    "215":0.032981530343007916,
    "216":0.0,
    "217":0.016490765171503958,
    "218":0.0,
    "219":0.016490765171503958,
    "220":0.0,
    "221":0.04947229551451188,
    "222":0.016490765171503958,
    "223":0.016490765171503958,
    "224":0.016490765171503958,
    "225":0.0,
    "226":0.016490765171503958,
    "227":0.0,
    "228":0.032981530343007916,
    "229":0.04947229551451188,
    "230":0.0,
    "231":0.0,
    "232":0.0,
    "233":0.04947229551451188,
    "234":0.016490765171503958,
    "235":0.0,
    "236":0.016490765171503958,
    "237":0.016490765171503958,
    "238":0.0,
    "239":0.0,
    "240":0.0,
    "241":0.032981530343007916,
    "242":0.04947229551451188,
    "243":0.0,
    "244":0.016490765171503958,
    "245":0.0,
    "246":0.016490765171503958,
    "247":0.032981530343007916,
    "248":0.016490765171503958,
    "249":0.016490765171503958,
    "250":0.016490765171503958,
    "251":0.016490765171503958,
    "252":0.0,
    "253":0.0,
    "254":0.016490765171503958,
    "255":0.0,
    "256":0.016490765171503958,
    "257":0.016490765171503958,
    "258":0.0,
    "259":0.016490765171503958,
    "260":0.0,
    "261":0.0,
    "262":0.0,
    "263":0.0,
    "264":0.016490765171503958,
    "265":0.0,
    "266":0.0,
    "267":0.04947229551451188,
    "268":0.0,
    "269":0.0,
    "270":0.016490765171503958,
    "271":0.016490765171503958,
    "272":0.0,
    "273":0.016490765171503958,
    "274":0.0,
    "275":0.0,
    "276":0.0,
    "277":0.0,
    "278":0.016490765171503958,
    "279":0.0,
    "280":0.0,
    "281":0.0,
    "282":0.0,