{
    "0":3.8183217859892227,
    "1":4.788298691301001,
    "2":2.4942263279445727,
    "3":1.2779060816012318,
    "4":0.7082371054657428,
    "5":0.9083910700538875,
    "6":0.8775981524249422,
    "7":1.4780600461893765,
    "8":1.2471131639722863,
    "9":2.1709006928406467,
    "10":2.140107775211701,
    "11":2.355658198614319,
    "12":3.0331023864511164,
    "13":2.0785219399538106,
    "14":2.109314857582756,
    "15":2.032332563510393,
    "16":2.2786759045419553,
    "17":1.1393379522709777,
    "18":0.8929946112394149,
    "19":1.2933025404157044,
    "20":0.8775981524249422,
    "21":0.9545804464973057,
    "22":1.0623556581986142,
    "23":1.0931485758275596,
    "24":1.123941493456505,
    "25":0.7544264819091608,
    "26":0.5234795996920708,
    "27":0.6466512702078522,
    "28":0.5850654349499615,
    "29":0.43110084680523475,
    "30":0.4003079291762895,
    "31":0.4618937644341801,
    "32":0.4003079291762895,
    "33":0.3233256351039261,
    "34":0.4618937644341801,
    "35":0.3541185527328714,
    "36":0.3541185527328714,
    "37":0.5080831408775982,
    "38":0.7236335642802155,
    "39":0.5542725173210161,
    "40":0.44649730561970746,
    "41":0.6774441878367976,
    "42":0.43110084680523475,
    "43":0.5234795996920708,
    "44":0.4618937644341801,
    "45":0.4618937644341801,
    "46":0.43110084680523475,
    "47":0.41570438799076215,
    "48":0.3695150115473441,
    "49":0.44649730561970746,
    "50":0.44649730561970746,
    "51":0.5850654349499615,
    "52":0.4618937644341801,
    "53":0.4926866820631255,
    "54":0.44649730561970746,
    "55":0.3695150115473441,
    "56":0.44649730561970746,
    "57":0.6466512702078522,
    "58":0.6466512702078522,
    "59":0.47729022324865283,
    "60":0.6466512702078522,
    "61":0.4618937644341801,
    "62":0.5388760585065435,
    "63":0.5080831408775982,
    "64":0.5234795996920708,
    "65":0.4926866820631255,
    "66":0.3541185527328714,
    "67":0.6004618937644343,
    "68":0.41570438799076215,
    "69":0.5234795996920708,
    "70":0.4926866820631255,
    "71":0.4926866820631255,
    "72":0.3695150115473441,
    "73":0.30792917628945343,
    "74":0.43110084680523475,
    "75":0.4618937644341801,
    "76":0.4618937644341801,
    "77":0.4618937644341801,
    "78":0.3849114703618168,
    "79":0.5234795996920708,
    "80":0.5234795996920708,
    "81":0.5696689761354888,
    "82":0.3387220939183988,
    "83":0.3233256351039261,
    "84":0.4926866820631255,
    "85":0.4618937644341801,
    "86":0.4618937644341801,
    "87":0.41570438799076215,
    "88":0.41570438799076215,
    "89":0.2925327174749808,
    "90":0.2617397998460354,
    "91":0.21555042340261737,
    "92":0.30792917628945343,
    "93":0.27713625866050806,
    "94":0.44649730561970746,
    "95":0.2925327174749808,
    "96":0.20015396458814474,
    "97":0.2925327174749808,
    "98":0.27713625866050806,
    "99":0.23094688221709006,
    "100":0.2925327174749808,
    "101":0.47729022324865283,
    "102":0.2617397998460354,
    "103":0.30792917628945343,
    "104":0.21555042340261737,
    "105":0.2925327174749808,
    "106":0.2617397998460354,
    "107":0.3695150115473441,
    "108":0.3233256351039261,
    "109":0.30792917628945343,
    "110":0.2617397998460354,
    "111":0.3849114703618168,
    "112":0.21555042340261737,
    "113":0.21555042340261737,
    "114":0.30792917628945343,
    "115":0.30792917628945343,
    "116":0.23094688221709006,
    "117":0.23094688221709006,
    "118":0.1693610469591994,
    "119":0.18475750577367206,
    "120":0.27713625866050806,
    "121":0.24634334103156275,
    "122":0.13856812933025403,
    "123":0.13856812933025403,
    "124":0.23094688221709006,
    "125":0.20015396458814474,
    "126":0.18475750577367206,
    "127":0.15396458814472672,
    "128":0.1693610469591994,
    "129":0.27713625866050806,
    "130":0.15396458814472672,
    "131":0.21555042340261737,
    "132":0.24634334103156275,
    "133":0.21555042340261737,
    "134":0.2617397998460354,
    "135":0.20015396458814474,
    "136":0.1693610469591994,
    "137":0.20015396458814474,
    "138":0.13856812933025403,
    "139":0.24634334103156275,
    "140":0.1693610469591994,
    "141":0.1693610469591994,
    "142":0.20015396458814474,
    "143":0.09237875288683603,
    "144":0.12317167051578137,
    "145":0.30792917628945343,
    "146":0.1693610469591994,
    "147":0.21555042340261737,
    "148":0.07698229407236336,
    "149":0.1693610469591994,
    "150":0.12317167051578137,
    "151":0.18475750577367206,
    "152":0.07698229407236336,
    "153":0.12317167051578137,
    "154":0.13856812933025403,
    "155":0.12317167051578137,
    "156":0.1693610469591994,
    "157":0.12317167051578137,
    "158":0.1693610469591994,
    "159":0.18475750577367206,
    "160":0.21555042340261737,
    "161":0.061585835257890686,
    "162":0.12317167051578137,
    "163":0.18475750577367206,
    "164":0.1693610469591994,
    "165":0.12317167051578137,
    "166":0.20015396458814474,
    "167":0.07698229407236336,
    "168":0.13856812933025403,
    "169":0.23094688221709006,
    "170":0.10777521170130869,
    "171":0.09237875288683603,
    "172":0.2617397998460354,
    "173":0.1693610469591994,
    "174":0.23094688221709006,
    "175":0.10777521170130869,
    "176":0.21555042340261737,
    "177":0.09237875288683603,
    "178":0.12317167051578137,
    "179":0.12317167051578137,
    "180":0.1693610469591994,
    "181":0.10777521170130869,
    "182":0.10777521170130869,
    "183":0.10777521170130869,
    "184":0.1693610469591994,
    "185":0.20015396458814474,
    "186":0.046189376443418015,
    "187":0.07698229407236336,
    "188":0.046189376443418015,
    "189":0.030792917628945343,
    "190":0.030792917628945343,
    "191":0.07698229407236336,
    "192":0.09237875288683603,
    "193":0.061585835257890686,
    "194":0.07698229407236336,
    "195":0.030792917628945343,
    "196":0.046189376443418015,
    "197":0.09237875288683603,
    "198":0.061585835257890686,
    "199":0.09237875288683603,
    "200":0.015396458814472672,
    "201":0.061585835257890686,
    "202":0.09237875288683603,
    "203":0.030792917628945343,
    "204":0.10777521170130869,
    "205":0.09237875288683603,
    "206":0.07698229407236336,
    "207":0.015396458814472672,
    "208":0.046189376443418015,
    "209":0.046189376443418015,
    "210":0.030792917628945343,
    "211":0.10777521170130869,
    "212":0.046189376443418015,
    "213":0.09237875288683603,
    "214":0.046189376443418015,
    "215":0.07698229407236336,
    "216":0.09237875288683603,
    "217":0.07698229407236336,
    "218":0.061585835257890686,
    "219":0.030792917628945343,
    "220":0.046189376443418015,
    "221":0.061585835257890686,
    "222":0.046189376443418015,
    "223":0.015396458814472672,
    "224":0.07698229407236336,
    "225":0.07698229407236336,
    "226":0.061585835257890686,
    "227":0.07698229407236336,
    "228":0.10777521170130869,
    "229":0.061585835257890686,
    "230":0.015396458814472672,
    "231":0.046189376443418015,
    "232":0.10777521170130869,
    "233":0.015396458814472672,
    "234":0.046189376443418015,
    "235":0.0,
    "236":0.061585835257890686,
    "237":0.046189376443418015,
    "238":0.030792917628945343,
    "239":0.015396458814472672,
    "240":0.030792917628945343,
    "241":0.061585835257890686,
    "242":0.0,
    "243":0.0,
    "244":0.046189376443418015,
    "245":0.046189376443418015,
    "246":0.030792917628945343,
    "247":0.061585835257890686,
    "248":0.030792917628945343,
    "249":0.061585835257890686,
    "250":0.030792917628945343,
    "251":0.046189376443418015,
    "252":0.046189376443418015,
    "253":0.046189376443418015,
    "254":0.030792917628945343,
    "255":0.07698229407236336,
    "256":0.046189376443418015,
    "257":0.0,
    "258":0.030792917628945343,
    "259":0.030792917628945343,
    "260":0.046189376443418015,
    "261":0.061585835257890686,
    "262":0.046189376443418015,
    "263":0.061585835257890686,
    "264":0.0,