{
    "0":[
        [
            -19.928008879478583,
            -43.94238834871927
        ]
    ],
    "1":[
        [
            -19.908243275504176,
            -43.94731498863227
        ]
    ],
    "2":[
        [
            -19.922757701314577,
            -43.94841127973151
        ]
    ],
    "3":[
        [
            -19.91417563037164,
            -43.94715088840456
        ]
    ],
    "4":[
        [
            -19.92962776629975,
            -43.94615652568374
        ]
    ],
    "5":[
        [
            -19.918324558956147,
            -43.93811760893144
        ]
    ],
    "6":[
        [
            -19.922958874709582,
            -43.941196730325196
        ]
    ],
    "7":[
        [
            -19.926390561230633,
            -43.94080556878245
        ]
    ],
    "8":[
        [
            -19.918798497928375,
            -43.93996722075302
        ]
    ],
    "9":[
        [
            -19.919944847987658,
            -43.940397152470446
        ]
    ],
    "total_length":0.0,
    "work_total":1147932.4854949405
}