{
    "0":4.042537144581039,
    "1":0.7014103627724565,
    "2":3.507051813862282,
    "3":2.586922090655404,
    "4":2.2852402141941326,
    "5":3.1299494682856928,
    "6":2.57183799683234,
    "7":1.583829851421676,
    "8":1.3877366317218494,
    "9":1.0408024737913868,
    "10":0.9125876762953465,
    "11":1.1011388490836413,
    "12":1.1991854589335544,
    "13":1.176559318198959,
    "14":1.2746059280488724,
    "15":1.4179048193679764,
    "16":1.606455992156271,
    "17":1.2368956934912136,
    "18":1.2746059280488724,
    "19":1.3047741156949997,
    "20":1.1991854589335544,
    "21":1.176559318198959,
    "22":1.1313070367297684,
    "23":1.1690172712874274,
    "24":1.0558865676144507,
    "25":1.0106342861452597,
    "26":1.0181763330567917,
    "27":1.0106342861452597,
    "28":1.3726525378987857,
    "29":1.0483445207029187,
    "30":1.0558865676144507,
    "31":0.9125876762953465,
    "32":0.8748774417376877,
    "33":0.8296251602684969,
    "34":0.9880081454106645,
    "35":0.8447092540915604,
    "36":0.9804660984991326,
    "37":0.9653820046760692,
    "38":0.859793347914624,
    "39":0.8371672071800287,
    "40":0.6335319405686703,
    "41":0.8975035824722829,
    "42":0.648616034391734,
    "43":0.5958217060110114,
    "44":0.6033637529225432,
    "45":0.5279432838072253,
    "46":0.6335319405686703,
    "47":0.5807376121879478,
    "48":0.610905799834075,
    "49":0.7466626442416472,
    "50":0.5581114714533524,
    "51":0.5354853307187571,
    "52":0.6184478467456068,
    "53":0.6033637529225432,
    "54":0.5053171430726299,
    "55":0.573195565276416,
    "56":0.6410739874802021,
    "57":0.429896673957312,
    "58":0.5882796590994795,
    "59":0.5807376121879478,
    "60":0.5128591899841617,
    "61":0.6259898936571385,
    "62":0.5128591899841617,
    "63":0.43743872086884383,
    "64":0.3695602986650577,
    "65":0.4072705332227166,
    "66":0.4223546270457802,
    "67":0.4072705332227166,
    "68":0.3695602986650577,
    "69":0.4600648616034392,
    "70":0.33185006410739876,
    "71":0.2338034542574855,
    "72":0.467606908514971,
    "73":0.286597782638208,
    "74":0.21871936043442192,
    "75":0.286597782638208,
    "76":0.16592503205369938,
    "77":0.3695602986650577,
    "78":0.2790557357266762,
    "79":0.286597782638208,
    "80":0.3393921110189305,
    "81":0.2790557357266762,
    "82":0.324308017195867,
    "83":0.38464439248812127,
    "84":0.2941398295497398,
    "85":0.3016818764612716,
    "86":0.34693415793046234,
    "87":0.2338034542574855,
    "88":0.34693415793046234,
    "89":0.2790557357266762,
    "90":0.3016818764612716,
    "91":0.3393921110189305,
    "92":0.2790557357266762,
    "93":0.3167659702843352,
    "94":0.26397164190361266,
    "95":0.2413455011690173,
    "96":0.21871936043442192,
    "97":0.2941398295497398,
    "98":0.3393921110189305,
    "99":0.286597782638208,
    "100":0.3016818764612716,
    "101":0.33185006410739876,
    "102":0.286597782638208,
    "103":0.26397164190361266,
    "104":0.26397164190361266,
    "105":0.2262614073459537,
    "106":0.2338034542574855,
    "107":0.24888754808054908,
    "108":0.324308017195867,
    "109":0.26397164190361266,
    "110":0.2941398295497398,
    "111":0.26397164190361266,
    "112":0.2262614073459537,
    "113":0.3016818764612716,
    "114":0.2790557357266762,
    "115":0.2111773135228901,
    "116":0.16592503205369938,
    "117":0.24888754808054908,
    "118":0.25642959499208084,
    "119":0.24888754808054908,
    "120":0.19609321969982652,
    "121":0.3544762048419941,
    "122":0.21871936043442192,
    "123":0.2036352666113583,
    "124":0.18855117278829472,
    "125":0.2111773135228901,
    "126":0.2111773135228901,
    "127":0.2338034542574855,
    "128":0.2111773135228901,
    "129":0.2111773135228901,
    "130":0.21871936043442192,
    "131":0.26397164190361266,
    "132":0.2338034542574855,
    "133":0.2338034542574855,
    "134":0.17346707896523117,
    "135":0.2262614073459537,
    "136":0.1508409382306358,
    "137":0.1357568444075722,
    "138":0.18855117278829472,
    "139":0.2036352666113583,
    "140":0.16592503205369938,
    "141":0.2338034542574855,
    "142":0.17346707896523117,
    "143":0.1508409382306358,
    "144":0.12067275058450865,
    "145":0.16592503205369938,
    "146":0.2262614073459537,
    "147":0.10558865676144505,
    "148":0.143298891319104,
    "149":0.12067275058450865,
    "150":0.18855117278829472,
    "151":0.0678784222037861,
    "152":0.1508409382306358,
    "153":0.18100912587676296,
    "154":0.143298891319104,
    "155":0.10558865676144505,
    "156":0.143298891319104,
    "157":0.11313070367297685,
    "158":0.09804660984991326,
    "159":0.1357568444075722,
    "160":0.12067275058450865,
    "161":0.09804660984991326,
    "162":0.12821479749604042,
    "163":0.11313070367297685,
    "164":0.09050456293838148,
    "165":0.10558865676144505,
    "166":0.143298891319104,
    "167":0.10558865676144505,
    "168":0.1357568444075722,
    "169":0.10558865676144505,
    "170":0.08296251602684969,
    "171":0.09804660984991326,
    "172":0.03771023455765895,
    "173":0.06033637529225432,
    "174":0.08296251602684969,
    "175":0.11313070367297685,
    "176":0.1357568444075722,
    "177":0.08296251602684969,
    "178":0.08296251602684969,
    "179":0.04525228146919074,
    "180":0.02262614073459537,
    "181":0.09050456293838148,
    "182":0.09050456293838148,
    "183":0.03771023455765895,
    "184":0.09050456293838148,
    "185":0.06033637529225432,
    "186":0.06033637529225432,
    "187":0.08296251602684969,
    "188":0.0754204691153179,
    "189":0.06033637529225432,
    "190":0.0678784222037861,
    "191":0.0754204691153179,
    "192":0.052794328380722524,
    "193":0.06033637529225432,
    "194":0.04525228146919074,
    "195":0.04525228146919074,
    "196":0.04525228146919074,
    "197":0.03016818764612716,
    "198":0.052794328380722524,
    "199":0.03771023455765895,
    "200":0.01508409382306358,
    "201":0.04525228146919074,
    "202":0.052794328380722524,
    "203":0.03771023455765895,
    "204":0.03771023455765895,
    "205":0.01508409382306358,
    "206":0.04525228146919074,
    "207":0.09050456293838148,
    "208":0.03771023455765895,
    "209":0.04525228146919074,
    "210":0.0,
    "211":0.03016818764612716,
    "212":0.03016818764612716,
    "213":0.0678784222037861,
    "214":0.03016818764612716,
    "215":0.052794328380722524,
    "216":0.02262614073459537,
    "217":0.04525228146919074,
    "218":0.02262614073459537,
    "219":0.00754204691153179,
    "220":0.01508409382306358,
    "221":0.00754204691153179,
    "222":0.052794328380722524,
    "223":0.052794328380722524,
    "224":0.0,
    "225":0.03016818764612716,
    "226":0.00754204691153179,
    "227":0.02262614073459537,
    "228":0.02262614073459537,
    "229":0.03016818764612716,
    "230":0.03771023455765895,
    "231":0.03016818764612716,
    "232":0.00754204691153179,
    "233":0.03016818764612716,
    "234":0.01508409382306358,
    "235":0.01508409382306358,
    "236":0.03016818764612716,
    "237":0.03016818764612716,
    "238":0.03016818764612716,
    "239":0.03016818764612716,
    "240":0.03016818764612716,
    "241":0.02262614073459537,
    "242":0.03771023455765895,
    "243":0.02262614073459537,
    "244":0.03771023455765895,
    "245":0.02262614073459537,
    "246":0.01508409382306358,
    "247":0.01508409382306358,
    "248":0.02262614073459537,
    "249":0.0,
    "250":0.02262614073459537,
    "251":0.02262614073459537,
    "252":0.00754204691153179,
    "253":0.02262614073459537,
    "254":0.01508409382306358,
    "255":0.02262614073459537,
    "256":0.00754204691153179,
    "257":0.02262614073459537,
    "258":0.04525228146919074,
    "259":0.02262614073459537,
    "260":0.0,
    "261":0.00754204691153179,
    "262":0.02262614073459537,
    "263":0.01508409382306358,
    "264":0.01508409382306358,
    "265":0.01508409382306358,
    "266":0.0,
    "267":0.01508409382306358,
    "268":0.00754204691153179,