{
    "0":4.013698630136987,
    "1":3.356164383561644,
    "2":1.7808219178082192,
    "3":0.136986301369863,
    "4":0.3013698630136986,
    "5":0.6301369863013699,
    "6":0.8493150684931507,
    "7":1.0410958904109588,
    "8":1.1917808219178083,
    "9":1.0273972602739725,
    "10":1.0684931506849316,
    "11":1.5205479452054793,
    "12":1.1095890410958904,
    "13":0.9863013698630136,
    "14":1.0547945205479452,
    "15":1.0136986301369864,
    "16":0.821917808219178,
    "17":0.9178082191780823,
    "18":0.8356164383561644,
    "19":1.136986301369863,
    "20":0.7945205479452054,
    "21":0.7534246575342466,
    "22":0.726027397260274,
    "23":0.6575342465753425,
    "24":0.7808219178082192,
    "25":1.1506849315068493,
    "26":0.8356164383561644,
    "27":0.8493150684931507,
    "28":0.7123287671232876,
    "29":0.904109589041096,
    "30":0.589041095890411,
    "31":0.6986301369863014,
    "32":0.726027397260274,
    "33":0.6027397260273972,
    "34":0.6438356164383562,
    "35":0.6712328767123288,
    "36":0.6986301369863014,
    "37":0.726027397260274,
    "38":0.726027397260274,
    "39":0.8493150684931507,
    "40":0.7671232876712328,
    "41":0.8082191780821918,
    "42":0.6575342465753425,
    "43":0.8493150684931507,
    "44":0.5342465753424658,
    "45":0.6575342465753425,
    "46":0.726027397260274,
    "47":0.5616438356164383,
    "48":0.7397260273972602,
    "49":0.5753424657534246,
    "50":0.4383561643835616,
    "51":0.6301369863013699,
    "52":0.5616438356164383,
    "53":0.3561643835616438,
    "54":0.5205479452054794,
    "55":0.452054794520548,
    "56":0.31506849315068497,
    "57":0.3424657534246575,
    "58":0.3013698630136986,
    "59":0.4383561643835616,
    "60":0.2465753424657534,
    "61":0.31506849315068497,
    "62":0.452054794520548,
    "63":0.4657534246575342,
    "64":0.452054794520548,
    "65":0.4383561643835616,
    "66":0.4657534246575342,
    "67":0.5342465753424658,
    "68":0.5068493150684932,
    "69":0.2876712328767123,
    "70":0.4794520547945206,
    "71":0.3013698630136986,
    "72":0.3972602739726027,
    "73":0.410958904109589,
    "74":0.4657534246575342,
    "75":0.32876712328767127,
    "76":0.2876712328767123,
    "77":0.32876712328767127,
    "78":0.4383561643835616,
    "79":0.410958904109589,
    "80":0.410958904109589,
    "81":0.4246575342465754,
    "82":0.273972602739726,
    "83":0.32876712328767127,
    "84":0.4246575342465754,
    "85":0.3561643835616438,
    "86":0.2602739726027397,
    "87":0.32876712328767127,
    "88":0.3013698630136986,
    "89":0.32876712328767127,
    "90":0.3972602739726027,
    "91":0.1506849315068493,
    "92":0.31506849315068497,
    "93":0.1917808219178082,
    "94":0.2465753424657534,
    "95":0.3424657534246575,
    "96":0.452054794520548,
    "97":0.3013698630136986,
    "98":0.273972602739726,
    "99":0.273972602739726,
    "100":0.2328767123287671,
    "101":0.2602739726027397,
    "102":0.3013698630136986,
    "103":0.2465753424657534,
    "104":0.273972602739726,
    "105":0.3835616438356164,
    "106":0.31506849315068497,
    "107":0.3698630136986301,
    "108":0.2465753424657534,
    "109":0.2876712328767123,
    "110":0.32876712328767127,
    "111":0.31506849315068497,
    "112":0.2876712328767123,
    "113":0.1917808219178082,
    "114":0.4794520547945206,
    "115":0.3013698630136986,
    "116":0.2876712328767123,
    "117":0.3835616438356164,
    "118":0.16438356164383564,
    "119":0.3424657534246575,
    "120":0.3561643835616438,
    "121":0.2328767123287671,
    "122":0.32876712328767127,
    "123":0.3835616438356164,
    "124":0.273972602739726,
    "125":0.4246575342465754,
    "126":0.2465753424657534,
    "127":0.2328767123287671,
    "128":0.2876712328767123,
    "129":0.2876712328767123,
    "130":0.3561643835616438,
    "131":0.2465753424657534,
    "132":0.273972602739726,
    "133":0.273972602739726,
    "134":0.2465753424657534,
    "135":0.2328767123287671,
    "136":0.2602739726027397,
    "137":0.2602739726027397,
    "138":0.2602739726027397,
    "139":0.2191780821917808,
    "140":0.3013698630136986,
    "141":0.1506849315068493,
    "142":0.16438356164383564,
    "143":0.32876712328767127,
    "144":0.273972602739726,
    "145":0.1917808219178082,
    "146":0.2191780821917808,
    "147":0.3013698630136986,
    "148":0.1917808219178082,
    "149":0.2876712328767123,
    "150":0.136986301369863,
    "151":0.1506849315068493,
    "152":0.1506849315068493,
    "153":0.2191780821917808,
    "154":0.2876712328767123,
    "155":0.16438356164383564,
    "156":0.16438356164383564,
    "157":0.2465753424657534,
    "158":0.1917808219178082,
    "159":0.1780821917808219,
    "160":0.1780821917808219,
    "161":0.2054794520547945,
    "162":0.1506849315068493,
    "163":0.1506849315068493,
    "164":0.1780821917808219,
    "165":0.1780821917808219,
    "166":0.1780821917808219,
    "167":0.1506849315068493,
    "168":0.3013698630136986,
    "169":0.2465753424657534,
    "170":0.2054794520547945,
    "171":0.16438356164383564,
    "172":0.16438356164383564,
    "173":0.2191780821917808,
    "174":0.08219178082191782,
    "175":0.1780821917808219,
    "176":0.2465753424657534,
    "177":0.1506849315068493,
    "178":0.2465753424657534,
    "179":0.16438356164383564,
    "180":0.31506849315068497,
    "181":0.31506849315068497,
    "182":0.2054794520547945,
    "183":0.3013698630136986,
    "184":0.1917808219178082,
    "185":0.16438356164383564,
    "186":0.273972602739726,
    "187":0.16438356164383564,
    "188":0.1917808219178082,
    "189":0.273972602739726,
    "190":0.3013698630136986,
    "191":0.1917808219178082,
    "192":0.16438356164383564,
    "193":0.1232876712328767,
    "194":0.1780821917808219,
    "195":0.2465753424657534,
    "196":0.1095890410958904,
    "197":0.16438356164383564,
    "198":0.08219178082191782,
    "199":0.1506849315068493,
    "200":0.2191780821917808,
    "201":0.2054794520547945,
    "202":0.2191780821917808,
    "203":0.1095890410958904,
    "204":0.1506849315068493,
    "205":0.2465753424657534,
    "206":0.1095890410958904,
    "207":0.136986301369863,
    "208":0.136986301369863,
    "209":0.1780821917808219,
    "210":0.2191780821917808,
    "211":0.1917808219178082,
    "212":0.2328767123287671,
    "213":0.136986301369863,
    "214":0.136986301369863,
    "215":0.08219178082191782,
    "216":0.2328767123287671,
    "217":0.1232876712328767,
    "218":0.1095890410958904,
    "219":0.1506849315068493,
    "220":0.08219178082191782,
    "221":0.2328767123287671,
    "222":0.1917808219178082,
    "223":0.136986301369863,
    "224":0.136986301369863,
    "225":0.1095890410958904,
    "226":0.0958904109589041,
    "227":0.08219178082191782,
    "228":0.0684931506849315,
    "229":0.04109589041095891,
    "230":0.1095890410958904,
    "231":0.1095890410958904,
    "232":0.0684931506849315,
    "233":0.0958904109589041,
    "234":0.1095890410958904,
    "235":0.0684931506849315,
    "236":0.1506849315068493,
    "237":0.136986301369863,
    "238":0.08219178082191782,
    "239":0.0684931506849315,
    "240":0.0547945205479452,
    "241":0.0273972602739726,
    "242":0.04109589041095891,
    "243":0.0684931506849315,
    "244":0.0684931506849315,
    "245":0.04109589041095891,
    "246":0.0547945205479452,
    "247":0.0958904109589041,
    "248":0.0547945205479452,
    "249":0.04109589041095891,
    "250":0.0273972602739726,
    "251":0.0684931506849315,
    "252":0.0273972602739726,
    "253":0.08219178082191782,
    "254":0.0684931506849315,
    "255":0.0273972602739726,
    "256":0.0684931506849315,
    "257":0.04109589041095891,
    "258":0.08219178082191782,
    "259":0.0273972602739726,
    "260":0.0684931506849315,
    "261":0.04109589041095891,
    "262":0.0684931506849315,
    "263":0.0958904109589041,
    "264":0.0684931506849315,
    "265":0.0547945205479452,
    "266":0.04109589041095891,
    "267":0.0273972602739726,
    "268":0.04109589041095891,
    "269":0.0958904109589041,