{
    "0":[
        [
            -19.922239214532926,
            -43.95021758917505
        ]
    ],
    "1":[
        [
            -19.92091784248869,
            -43.94730996147586
        ]
    ],
    "2":[
        [
            -19.916970951871814,
            -43.94233150500681
        ]
    ],
    "3":[
        [
            -19.930724838240405,
            -43.93965981539186
        ]
    ],
    "4":[
        [
            -19.915049264605926,
            -43.95267779776494
        ]
    ],
    "5":[
        [
            -19.9347478386792,
            -43.945477096768315
        ]
    ],
    "6":[
        [
            -19.928321749722077,
            -43.94428102371665
        ]
    ],
    "7":[
        [
            -19.91931274831628,
            -43.95022818621767
        ]
    ],
    "8":[
        [
            -19.925360484087843,
            -43.943582966955404
        ]
    ],
    "9":[
        [
            -19.92052573908828,
            -43.94270662584984
        ]
    ],
    "path":[
        [
            300000000001,
            4682305708,
            35927179,
            60649320,
            29095022,
            300000000008
        ],
        [
            300000000008,
            29095022,
            29154964,
            8075786769,
            35761805,
            8075786770,
            8075786772,
            60649312,
            300000000002
        ],
        [
            300000000002,
            60649312,
            8075786773,
            60650587,
            60649323,
            60649322,
            29096834,
            29096836,
            29124052,
            35930991,
            35930992,
            29145509,
            29145510,
            300000000003
        ],
        [
            300000000003,
            29145510,
            29145509,
            35930992,
            35930991,
            2834021362,
            35930990,
            993654834,
            1288421553,
            32449062,
            2388312352,
            32448885,
            2388312354,
            993654841,
            35761801,
            27563808,
            1288421439,
            5041851253,
            35968163,
            35968161,
            35968159,
            300000000009
        ],
        [
            300000000009,
            50923643,
            35968156,
            29096742,
            29096580,
            300000000007
        ],
        [
            300000000007,
            29096580,
            2890440901,
            2890440701,
            2890440601,
            60649414,
            2827321101,
            2827321102,
            8214643606,
            2827341101,
            2826173702,
            29096247,
            8278346183,
            1100276534,
            31899387,
            2367778796,
            2827981702,
            2827981501,
            300000000006
        ],
        [
            300000000006,
            8289393835,
            29095045,
            29096717,
            29096146,
            60649418,
            60649417,
            1984981666,
            60649420,
            35968149,
            35968129,
            445255245,
            27591804,
            300000000004
        ],
        [
            300000000004,
            2941234597,
            2878237901,
            2918622402,
            2887596101,
            60649415,
            2316604345,
            2316604343,
            2919152001,
            36417198,
            29095780,
            36417196,
            1520492099,
            35968152,
            1520492095,
            2848159201,
            35968156,
            50923643,
            2625428134,
            35968159,
            35968161,
            35968163,
            1288421473,
            993654844,
            28800979,
            32448886,
            32448873,
            993654834,
            28800978,
            994509685,
            29124051,
            29096835,
            4524776810,
            60649323,
            60649322,
            8269122580,
            31890998,
            31890993,
            31890893,
            31890891,
            31890888,
            3432112055,
            31890038,
            3432112052,
            3432112049,
            27685697,
            3432112057,
            34992675,
            34992674,
            34992673,
            300000000005
        ],
        [
            300000000005,
            34992673,
            34992674,
            3432112058,
            3432112052,
            31890038,
            3432112055,
            31890888,
            31890891,
            31890893,
            31890993,
            31890998,
            8269122580,
            60649322,
            60649323,
            4524776809,
            4524776810,
            29096835,
            29124051,
            35930990,
            29145507,
            1487183486,
            3735388259,
            5475841264,
            3028162733,
            5208097256,
            300000000010
        ]
    ],
    "total_length":10500.48932926702,
    "work_total":734762.9678369777
}