{
    "0":[
        [
            -19.919904365349787,
            -43.94625167831428
        ]
    ],
    "1":[
        [
            -19.918916262725748,
            -43.94688011377766
        ]
    ],
    "2":[
        [
            -19.918400812627883,
            -43.938999369322254
        ]
    ],
    "3":[
        [
            -19.916887770288994,
            -43.94697862558871
        ]
    ],
    "4":[
        [
            -19.921851960423126,
            -43.94189721045425
        ]
    ],
    "5":[
        [
            -19.914689345177898,
            -43.94254035191062
        ]
    ],
    "6":[
        [
            -19.919290519533828,
            -43.94363743005495
        ]
    ],
    "7":[
        [
            -19.92003750587168,
            -43.94308438930543
        ]
    ],
    "8":[
        [
            -19.9304523748245,
            -43.944496827172834
        ]
    ],
    "9":[
        [
            -19.922620173149273,
            -43.94569076840097
        ]
    ],
    "total_length":9876.316513558038,
    "work_total":938254.3354978339
}