{
    "0":1.6989362516262339,
    "1":0.5739649498737277,
    "2":1.9514808295706743,
    "3":1.6071018596464377,
    "4":1.6224075916430702,
    "5":2.257595469503329,
    "6":1.9897451595622562,
    "7":1.1249713017525063,
    "8":0.6811050738501568,
    "9":0.6581464758552078,
    "10":0.727022269840055,
    "11":0.8418152598148007,
    "12":0.9030381878013315,
    "13":1.1479298997474554,
    "14":1.5229203336649575,
    "15":1.6147547256447539,
    "16":1.821382107599296,
    "17":1.7448534476161324,
    "18":1.7678120456110815,
    "19":1.8290349735976124,
    "20":1.5688375296548558,
    "21":1.8519935715925615,
    "22":1.5841432616514883,
    "23":1.6530190556363358,
    "24":1.5994489936481213,
    "25":1.5382260656615903,
    "26":1.2474171577255682,
    "27":1.3086400857120992,
    "28":1.4234330756868447,
    "29":1.0254840437743935,
    "30":1.1632356317440882,
    "31":1.1632356317440882,
    "32":0.9948725797811281,
    "33":0.7423280018366878,
    "34":0.8877324558046987,
    "35":0.9642611157878626,
    "36":1.0790541057626082,
    "37":0.8647738578097497,
    "38":1.0254840437743935,
    "39":0.9259967857962808,
    "40":0.8188566618198514,
    "41":0.704063671845106,
    "42":0.7117165378434224,
    "43":0.7346751358383714,
    "44":0.6811050738501568,
    "45":0.7805923318282697,
    "46":0.8035509298232189,
    "47":0.6581464758552078,
    "48":0.8035509298232189,
    "49":0.7729394658299533,
    "50":0.6351878778602587,
    "51":0.8265095278181679,
    "52":0.7423280018366878,
    "53":0.7882451978265861,
    "54":0.6275350118619423,
    "55":0.5892706818703605,
    "56":0.704063671845106,
    "57":0.7117165378434224,
    "58":0.642840743858575,
    "59":0.6734522078518405,
    "60":0.6504936098568914,
    "61":0.7193694038417386,
    "62":0.6198821458636259,
    "63":0.5127420218871968,
    "64":0.5739649498737277,
    "65":0.6351878778602587,
    "66":0.40560189791076756,
    "67":0.5357006198821459,
    "68":0.5510063518787787,
    "69":0.4668248258972985,
    "70":0.5357006198821459,
    "71":0.40560189791076756,
    "72":0.4209076299074003,
    "73":0.5127420218871968,
    "74":0.3749904339175021,
    "75":0.3979490319124512,
    "76":0.4668248258972985,
    "77":0.39029616591413485,
    "78":0.30611463993265475,
    "79":0.38264329991581847,
    "80":0.4744776918956149,
    "81":0.3673375679191857,
    "82":0.4744776918956149,
    "83":0.38264329991581847,
    "84":0.352031835922553,
    "85":0.3290732379276039,
    "86":0.38264329991581847,
    "87":0.4668248258972985,
    "88":0.41325476390908394,
    "89":0.41325476390908394,
    "90":0.39029616591413485,
    "91":0.4285604959057167,
    "92":0.352031835922553,
    "93":0.3673375679191857,
    "94":0.352031835922553,
    "95":0.3979490319124512,
    "96":0.3596847019208693,
    "97":0.4209076299074003,
    "98":0.3214203719292875,
    "99":0.29080890793602204,
    "100":0.33672610392592023,
    "101":0.26785030994107295,
    "102":0.3673375679191857,
    "103":0.20662738195454197,
    "104":0.26019744394275657,
    "105":0.20662738195454197,
    "106":0.29080890793602204,
    "107":0.28315604193770566,
    "108":0.3214203719292875,
    "109":0.22958597994949106,
    "110":0.26019744394275657,
    "111":0.22193311395117468,
    "112":0.24489171194612383,
    "113":0.21428024795285835,
    "114":0.22193311395117468,
    "115":0.2525445779444402,
    "116":0.24489171194612383,
    "117":0.23723884594780745,
    "118":0.26019744394275657,
    "119":0.22193311395117468,
    "120":0.21428024795285835,
    "121":0.24489171194612383,
    "122":0.20662738195454197,
    "123":0.13775158796969467,
    "124":0.22193311395117468,
    "125":0.1760159179612765,
    "126":0.16836305196296011,
    "127":0.15305731996632738,
    "128":0.22193311395117468,
    "129":0.14540445396801102,
    "130":0.10714012397642918,
    "131":0.15305731996632738,
    "132":0.13009872197137828,
    "133":0.09183439197979643,
    "134":0.22193311395117468,
    "135":0.1989745159562256,
    "136":0.11479298997474553,
    "137":0.0994872579781128,
    "138":0.10714012397642918,
    "139":0.13775158796969467,
    "140":0.08418152598148006,
    "141":0.16071018596464376,
    "142":0.10714012397642918,
    "143":0.16071018596464376,
    "144":0.13009872197137828,
    "145":0.08418152598148006,
    "146":0.16836305196296011,
    "147":0.08418152598148006,
    "148":0.05357006198821459,
    "149":0.11479298997474553,
    "150":0.15305731996632738,
    "151":0.06887579398484733,
    "152":0.09183439197979643,
    "153":0.10714012397642918,
    "154":0.13775158796969467,
    "155":0.06887579398484733,
    "156":0.13009872197137828,
    "157":0.06887579398484733,
    "158":0.04591719598989821,
    "159":0.12244585597306192,
    "160":0.09183439197979643,
    "161":0.10714012397642918,
    "162":0.09183439197979643,
    "163":0.06122292798653096,
    "164":0.07652865998316369,
    "165":0.13009872197137828,
    "166":0.07652865998316369,
    "167":0.07652865998316369,
    "168":0.0994872579781128,
    "169":0.08418152598148006,
    "170":0.06887579398484733,
    "171":0.08418152598148006,
    "172":0.10714012397642918,
    "173":0.0994872579781128,
    "174":0.08418152598148006,
    "175":0.0994872579781128,
    "176":0.08418152598148006,
    "177":0.06887579398484733,
    "178":0.04591719598989821,
    "179":0.038264329991581844,
    "180":0.022958597994949106,
    "181":0.08418152598148006,
    "182":0.038264329991581844,
    "183":0.0994872579781128,
    "184":0.03061146399326548,
    "185":0.05357006198821459,
    "186":0.06122292798653096,
    "187":0.04591719598989821,
    "188":0.07652865998316369,
    "189":0.01530573199663274,
    "190":0.01530573199663274,
    "191":0.038264329991581844,
    "192":0.04591719598989821,
    "193":0.05357006198821459,
    "194":0.03061146399326548,
    "195":0.01530573199663274,
    "196":0.038264329991581844,
    "197":0.01530573199663274,
    "198":0.022958597994949106,
    "199":0.01530573199663274,
    "200":0.04591719598989821,
    "201":0.022958597994949106,
    "202":0.00765286599831637,
    "203":0.05357006198821459,
    "204":0.01530573199663274,
    "205":0.05357006198821459,
    "206":0.022958597994949106,
    "207":0.038264329991581844,
    "208":0.03061146399326548,
    "209":0.03061146399326548,
    "210":0.07652865998316369,
    "211":0.06122292798653096,
    "212":0.05357006198821459,
    "213":0.04591719598989821,
    "214":0.01530573199663274,
    "215":0.03061146399326548,
    "216":0.01530573199663274,
    "217":0.038264329991581844,
    "218":0.022958597994949106,
    "219":0.022958597994949106,
    "220":0.022958597994949106,
    "221":0.01530573199663274,
    "222":0.03061146399326548,
    "223":0.022958597994949106,
    "224":0.00765286599831637,
    "225":0.00765286599831637,
    "226":0.05357006198821459,
    "227":0.01530573199663274,
    "228":0.03061146399326548,
    "229":0.00765286599831637,
    "230":0.022958597994949106,
    "231":0.04591719598989821,
    "232":0.00765286599831637,
    "233":0.00765286599831637,
    "234":0.01530573199663274,
    "235":0.00765286599831637,
    "236":0.00765286599831637,
    "237":0.0,
    "238":0.022958597994949106,
    "239":0.038264329991581844,
    "240":0.0,
    "241":0.022958597994949106,
    "242":0.01530573199663274,
    "243":0.01530573199663274,
    "244":0.00765286599831637,
    "245":0.00765286599831637,
    "246":0.01530573199663274,
    "247":0.0,
    "248":0.0,
    "249":0.00765286599831637,
    "250":0.00765286599831637,
    "251":0.01530573199663274,
    "252":0.00765286599831637,
    "253":0.0,
    "254":0.00765286599831637,
    "255":0.00765286599831637,
    "256":0.00765286599831637,
    "257":0.00765286599831637,
    "258":0.0,
    "259":0.01530573199663274,
    "260":0.00765286599831637,
    "261":0.022958597994949106,
    "262":0.022958597994949106,
    "263":0.01530573199663274,
    "264":0.0,
    "265":0.00765286599831637,
    "266":0.00765286599831637,
    "267":0.0,
    "268":0.0,