{
    "0":4.140127388535031,
    "1":0.9698899826288361,
    "2":6.514186450492184,
    "3":5.500868558193399,
    "4":3.213665315576143,
    "5":3.213665315576143,
    "6":1.795020266357846,
    "7":0.8830341632889405,
    "8":1.2594093804284887,
    "9":1.129125651418645,
    "10":1.1146496815286624,
    "11":1.795020266357846,
    "12":2.026635784597568,
    "13":2.113491603937464,
    "14":1.7081644470179502,
    "15":1.8818760856977417,
    "16":2.1279675738274464,
    "17":1.7226404169079328,
    "18":1.5055008685581934,
    "19":1.7226404169079328,
    "20":1.7226404169079328,
    "21":1.766068326577881,
    "22":0.8685581933989578,
    "23":0.6369426751592357,
    "24":0.7672264041690793,
    "25":0.8396062536189925,
    "26":0.9554140127388535,
    "27":0.781702374059062,
    "28":0.7382744643891141,
    "29":0.5790387955993052,
    "30":0.5211349160393747,
    "31":0.4342790966994789,
    "32":0.3184713375796179,
    "33":0.6658946149392009,
    "34":0.4053271569195136,
    "35":0.4198031268094963,
    "36":0.4921829762594094,
    "37":0.4921829762594094,
    "38":0.6224667052692531,
    "39":0.5645628257093225,
    "40":0.5645628257093225,
    "41":0.4632310364794441,
    "42":0.6514186450492182,
    "43":0.5356108859293573,
    "44":0.4487550665894615,
    "45":0.5211349160393747,
    "46":0.47770700636942676,
    "47":0.4921829762594094,
    "48":0.506658946149392,
    "49":0.4487550665894615,
    "50":0.390851187029531,
    "51":0.4632310364794441,
    "52":0.4342790966994789,
    "53":0.36189924724956574,
    "54":0.5500868558193398,
    "55":0.4342790966994789,
    "56":0.36189924724956574,
    "57":0.4632310364794441,
    "58":0.506658946149392,
    "59":0.6079907353792704,
    "60":0.5645628257093225,
    "61":0.6369426751592357,
    "62":0.5356108859293573,
    "63":0.4632310364794441,
    "64":0.6369426751592357,
    "65":0.47770700636942676,
    "66":0.5645628257093225,
    "67":0.4342790966994789,
    "68":0.21713954834973945,
    "69":0.3184713375796179,
    "70":0.47770700636942676,
    "71":0.4053271569195136,
    "72":0.4053271569195136,
    "73":0.4053271569195136,
    "74":0.5211349160393747,
    "75":0.4921829762594094,
    "76":0.4342790966994789,
    "77":0.2460914881297047,
    "78":0.33294730746960044,
    "79":0.33294730746960044,
    "80":0.3474232773595831,
    "81":0.3039953676896352,
    "82":0.36189924724956574,
    "83":0.3039953676896352,
    "84":0.36189924724956574,
    "85":0.2460914881297047,
    "86":0.3039953676896352,
    "87":0.3184713375796179,
    "88":0.2895193977996526,
    "89":0.23161551823972204,
    "90":0.18818760856977418,
    "91":0.21713954834973945,
    "92":0.3184713375796179,
    "93":0.15923566878980894,
    "94":0.23161551823972204,
    "95":0.23161551823972204,
    "96":0.2750434279096699,
    "97":0.26056745801968734,
    "98":0.15923566878980894,
    "99":0.26056745801968734,
    "100":0.21713954834973945,
    "101":0.33294730746960044,
    "102":0.2026635784597568,
    "103":0.17371163867979156,
    "104":0.2460914881297047,
    "105":0.15923566878980894,
    "106":0.11580775911986102,
    "107":0.15923566878980894,
    "108":0.18818760856977418,
    "109":0.1013317892298784,
    "110":0.26056745801968734,
    "111":0.11580775911986102,
    "112":0.3039953676896352,
    "113":0.13028372900984367,
    "114":0.08685581933989578,
    "115":0.1447596988998263,
    "116":0.1013317892298784,
    "117":0.1447596988998263,
    "118":0.13028372900984367,
    "119":0.15923566878980894,
    "120":0.05790387955993051,
    "121":0.04342790966994789,
    "122":0.11580775911986102,
    "123":0.05790387955993051,
    "124":0.05790387955993051,
    "125":0.07237984944991314,
    "126":0.11580775911986102,
    "127":0.13028372900984367,
    "128":0.08685581933989578,
    "129":0.1447596988998263,
    "130":0.05790387955993051,
    "131":0.18818760856977418,
    "132":0.13028372900984367,
    "133":0.05790387955993051,
    "134":0.13028372900984367,
    "135":0.07237984944991314,
    "136":0.11580775911986102,
    "137":0.11580775911986102,
    "138":0.08685581933989578,
    "139":0.11580775911986102,
    "140":0.08685581933989578,
    "141":0.05790387955993051,
    "142":0.04342790966994789,
    "143":0.07237984944991314,
    "144":0.07237984944991314,
    "145":0.08685581933989578,
    "146":0.05790387955993051,
    "147":0.07237984944991314,
    "148":0.07237984944991314,
    "149":0.11580775911986102,
    "150":0.1447596988998263,
    "151":0.1013317892298784,
    "152":0.04342790966994789,
    "153":0.05790387955993051,
    "154":0.05790387955993051,
    "155":0.04342790966994789,
    "156":0.07237984944991314,
    "157":0.08685581933989578,
    "158":0.15923566878980894,
    "159":0.05790387955993051,
    "160":0.1013317892298784,
    "161":0.1447596988998263,
    "162":0.07237984944991314,
    "163":0.08685581933989578,
    "164":0.028951939779965255,
    "165":0.05790387955993051,
    "166":0.11580775911986102,
    "167":0.07237984944991314,
    "168":0.07237984944991314,
    "169":0.1013317892298784,
    "170":0.1447596988998263,
    "171":0.05790387955993051,
    "172":0.0,
    "173":0.07237984944991314,
    "174":0.028951939779965255,
    "175":0.05790387955993051,
    "176":0.08685581933989578,
    "177":0.07237984944991314,
    "178":0.07237984944991314,
    "179":0.1013317892298784,
    "180":0.1013317892298784,
    "181":0.04342790966994789,
    "182":0.11580775911986102,
    "183":0.07237984944991314,
    "184":0.13028372900984367,
    "185":0.08685581933989578,
    "186":0.014475969889982628,
    "187":0.04342790966994789,
    "188":0.04342790966994789,
    "189":0.05790387955993051,
    "190":0.0,
    "191":0.05790387955993051,
    "192":0.028951939779965255,
    "193":0.07237984944991314,
    "194":0.05790387955993051,
    "195":0.07237984944991314,
    "196":0.1013317892298784,
    "197":0.04342790966994789,
    "198":0.05790387955993051,
    "199":0.07237984944991314,
    "200":0.04342790966994789,
    "201":0.014475969889982628,
    "202":0.05790387955993051,
    "203":0.07237984944991314,
    "204":0.08685581933989578,
    "205":0.04342790966994789,
    "206":0.014475969889982628,
    "207":0.04342790966994789,
    "208":0.028951939779965255,
    "209":0.05790387955993051,
    "210":0.04342790966994789,
    "211":0.014475969889982628,
    "212":0.028951939779965255,
    "213":0.028951939779965255,
    "214":0.014475969889982628,
    "215":0.014475969889982628,
    "216":0.028951939779965255,
    "217":0.07237984944991314,
    "218":0.04342790966994789,
    "219":0.04342790966994789,
    "220":0.05790387955993051,
    "221":0.05790387955993051,
    "222":0.014475969889982628,
    "223":0.04342790966994789,
    "224":0.014475969889982628,
    "225":0.028951939779965255,
    "226":0.08685581933989578,
    "227":0.08685581933989578,
    "228":0.014475969889982628,
    "229":0.014475969889982628,
    "230":0.028951939779965255,
    "231":0.028951939779965255,
    "232":0.04342790966994789,
    "233":0.014475969889982628,
    "234":0.04342790966994789,
    "235":0.04342790966994789,
    "236":0.05790387955993051,
    "237":0.08685581933989578,
    "238":0.07237984944991314,
    "239":0.014475969889982628,
    "240":0.04342790966994789,
    "241":0.014475969889982628,
    "242":0.05790387955993051,
    "243":0.05790387955993051,
    "244":0.028951939779965255,
    "245":0.08685581933989578,
    "246":0.014475969889982628,
    "247":0.028951939779965255,
    "248":0.028951939779965255,
    "249":0.04342790966994789,
    "250":0.05790387955993051,
    "251":0.014475969889982628,
    "252":0.014475969889982628,
    "253":0.014475969889982628,
    "254":0.0,
    "255":0.0,
    "256":0.014475969889982628,
    "257":0.014475969889982628,
    "258":0.014475969889982628,
    "259":0.028951939779965255,
    "260":0.0,
    "261":0.0,
    "262":0.028951939779965255,
    "263":0.04342790966994789,
    "264":0.014475969889982628,
    "265":0.014475969889982628,
    "266":0.04342790966994789,