{
    "0":3.6283185840707963,
    "1":2.245575221238938,
    "2":4.18141592920354,
    "3":4.20353982300885,
    "4":2.5,
    "5":1.5486725663716814,
    "6":1.581858407079646,
    "7":1.1946902654867257,
    "8":1.2721238938053099,
    "9":1.6150442477876108,
    "10":1.5597345132743363,
    "11":1.5486725663716814,
    "12":1.5154867256637168,
    "13":1.6703539823008848,
    "14":1.4601769911504425,
    "15":1.7477876106194692,
    "16":1.836283185840708,
    "17":1.6924778761061947,
    "18":1.8584070796460177,
    "19":1.3163716814159292,
    "20":1.3495575221238938,
    "21":1.6150442477876108,
    "22":1.2831858407079646,
    "23":1.3274336283185841,
    "24":1.261061946902655,
    "25":1.581858407079646,
    "26":1.1725663716814159,
    "27":1.1836283185840708,
    "28":1.2721238938053099,
    "29":1.006637168141593,
    "30":0.995575221238938,
    "31":0.8517699115044248,
    "32":0.9292035398230089,
    "33":1.0730088495575223,
    "34":1.1172566371681416,
    "35":1.1172566371681416,
    "36":1.3163716814159292,
    "37":1.1061946902654867,
    "38":1.2168141592920354,
    "39":1.1725663716814159,
    "40":1.006637168141593,
    "41":1.1393805309734515,
    "42":1.2942477876106195,
    "43":0.9070796460176991,
    "44":1.0619469026548671,
    "45":1.0176991150442478,
    "46":1.0508849557522124,
    "47":0.7522123893805309,
    "48":0.7964601769911505,
    "49":0.7743362831858407,
    "50":0.6305309734513275,
    "51":0.7190265486725663,
    "52":0.6637168141592921,
    "53":0.7632743362831859,
    "54":0.6305309734513275,
    "55":0.7300884955752213,
    "56":0.5641592920353983,
    "57":0.6305309734513275,
    "58":0.5530973451327433,
    "59":0.5973451327433629,
    "60":0.4756637168141593,
    "61":0.5199115044247787,
    "62":0.5862831858407079,
    "63":0.5641592920353983,
    "64":0.6305309734513275,
    "65":0.5973451327433629,
    "66":0.40929203539823006,
    "67":0.32079646017699115,
    "68":0.22123893805309736,
    "69":0.34292035398230086,
    "70":0.21017699115044247,
    "71":0.4424778761061947,
    "72":0.25442477876106195,
    "73":0.32079646017699115,
    "74":0.25442477876106195,
    "75":0.2323008849557522,
    "76":0.24336283185840707,
    "77":0.36504424778761063,
    "78":0.21017699115044247,
    "79":0.2323008849557522,
    "80":0.2323008849557522,
    "81":0.33185840707964603,
    "82":0.16592920353982302,
    "83":0.21017699115044247,
    "84":0.28761061946902655,
    "85":0.24336283185840707,
    "86":0.30973451327433627,
    "87":0.16592920353982302,
    "88":0.33185840707964603,
    "89":0.25442477876106195,
    "90":0.25442477876106195,
    "91":0.35398230088495575,
    "92":0.21017699115044247,
    "93":0.2323008849557522,
    "94":0.2323008849557522,
    "95":0.22123893805309736,
    "96":0.22123893805309736,
    "97":0.21017699115044247,
    "98":0.16592920353982302,
    "99":0.17699115044247787,
    "100":0.14380530973451328,
    "101":0.21017699115044247,
    "102":0.17699115044247787,
    "103":0.19911504424778761,
    "104":0.14380530973451328,
    "105":0.15486725663716813,
    "106":0.21017699115044247,
    "107":0.14380530973451328,
    "108":0.1327433628318584,
    "109":0.14380530973451328,
    "110":0.0663716814159292,
    "111":0.18805309734513273,
    "112":0.12168141592920353,
    "113":0.15486725663716813,
    "114":0.1327433628318584,
    "115":0.17699115044247787,
    "116":0.08849557522123894,
    "117":0.08849557522123894,
    "118":0.0663716814159292,
    "119":0.0663716814159292,
    "120":0.12168141592920353,
    "121":0.07743362831858407,
    "122":0.0663716814159292,
    "123":0.08849557522123894,
    "124":0.09955752212389381,
    "125":0.12168141592920353,
    "126":0.09955752212389381,
    "127":0.0663716814159292,
    "128":0.07743362831858407,
    "129":0.15486725663716813,
    "130":0.11061946902654868,
    "131":0.09955752212389381,
    "132":0.04424778761061947,
    "133":0.11061946902654868,
    "134":0.0663716814159292,
    "135":0.05530973451327434,
    "136":0.04424778761061947,
    "137":0.07743362831858407,
    "138":0.07743362831858407,
    "139":0.0331858407079646,
    "140":0.04424778761061947,
    "141":0.0331858407079646,
    "142":0.0663716814159292,
    "143":0.08849557522123894,
    "144":0.04424778761061947,
    "145":0.05530973451327434,
    "146":0.04424778761061947,
    "147":0.04424778761061947,
    "148":0.0663716814159292,
    "149":0.08849557522123894,
    "150":0.05530973451327434,
    "151":0.04424778761061947,
    "152":0.04424778761061947,
    "153":0.04424778761061947,
    "154":0.0663716814159292,
    "155":0.0663716814159292,
    "156":0.0663716814159292,
    "157":0.011061946902654867,
    "158":0.05530973451327434,
    "159":0.05530973451327434,
    "160":0.04424778761061947,
    "161":0.0331858407079646,
    "162":0.0663716814159292,
    "163":0.07743362831858407,
    "164":0.011061946902654867,
    "165":0.0331858407079646,
    "166":0.011061946902654867,
    "167":0.04424778761061947,
    "168":0.05530973451327434,
    "169":0.0,
    "170":0.04424778761061947,
    "171":0.011061946902654867,
    "172":0.022123893805309734,
    "173":0.04424778761061947,
    "174":0.0331858407079646,
    "175":0.0,
    "176":0.011061946902654867,
    "177":0.0,
    "178":0.0331858407079646,
    "179":0.0331858407079646,
    "180":0.0,
    "181":0.0,
    "182":0.022123893805309734,
    "183":0.022123893805309734,
    "184":0.022123893805309734,
    "185":0.011061946902654867,
    "186":0.011061946902654867,
    "187":0.022123893805309734,
    "188":0.04424778761061947,
    "189":0.022123893805309734,
    "190":0.011061946902654867,
    "191":0.0331858407079646,
    "192":0.011061946902654867,
    "193":0.011061946902654867,
    "194":0.022123893805309734,
    "195":0.0331858407079646,
    "196":0.0331858407079646,
    "197":0.022123893805309734,
    "198":0.011061946902654867,
    "199":0.0331858407079646,
    "200":0.011061946902654867,
    "201":0.022123893805309734,
    "202":0.011061946902654867,
    "203":0.0331858407079646,
    "204":0.0,
    "205":0.022123893805309734,
    "206":0.011061946902654867,
    "207":0.0,
    "208":0.022123893805309734,
    "209":0.0331858407079646,
    "210":0.011061946902654867,
    "211":0.022123893805309734,
    "212":0.011061946902654867,
    "213":0.011061946902654867,
    "214":0.011061946902654867,
    "215":0.0,
    "216":0.011061946902654867,
    "217":0.0,
    "218":0.011061946902654867,
    "219":0.0,
    "220":0.0331858407079646,
    "221":0.022123893805309734,
    "222":0.0,
    "223":0.022123893805309734,
    "224":0.011061946902654867,
    "225":0.0,
    "226":0.011061946902654867,
    "227":0.0,
    "228":0.011061946902654867,
    "229":0.0,
    "230":0.011061946902654867,
    "231":0.0,
    "232":0.0,
    "233":0.0,
    "234":0.011061946902654867,
    "235":0.011061946902654867,
    "236":0.0,
    "237":0.0,
    "238":0.011061946902654867,
    "239":0.0,
    "240":0.011061946902654867,
    "241":0.0,
    "242":0.011061946902654867,
    "243":0.0,
    "244":0.011061946902654867,
    "245":0.0,
    "246":0.011061946902654867,
    "247":0.0,
    "248":0.0,
    "249":0.0,
    "250":0.011061946902654867,
    "251":0.0,
    "252":0.0,
    "253":0.0,
    "254":0.011061946902654867,
    "255":0.0,
    "256":0.0,
    "257":0.011061946902654867,
    "258":0.0,
    "259":0.011061946902654867,
    "260":0.011061946902654867,
    "261":0.0,
    "262":0.0,
    "263":0.011061946902654867,
    "264":0.0,
    "265":0.0,
    "266":0.0,
    "267":0.011061946902654867,
    "268":0.011061946902654867,
    "269":0.022123893805309734,
    "270":0.0,
    "271":0.0,
    "272":0.0,
    "273":0.0,
    "274":0.0,
    "275":0.022123893805309734,
    "276":0.011061946902654867,
    "277":0.0,
    "278":0.0,
    "279":0.0,
    "280":0.0,
    "281":0.0,
    "282":0.0,
    "283":0.011061946902654867,
    "284":0.0,
    "285":0.0,
    "286":0.0,
    "287":0.0,
    "288":0.0,
    "289":0.0,
    "290":0.011061946902654867,
    "291":0.0,