{
    "0":[
        [
            -19.91167005715351,
            -43.93951351249146
        ]
    ],
    "1":[
        [
            -19.91990956284363,
            -43.94855492084274
        ]
    ],
    "2":[
        [
            -19.912174737952377,
            -43.95790910414567
        ]
    ],
    "3":[
        [
            -19.919527604065088,
            -43.94751839118119
        ]
    ],
    "4":[
        [
            -19.92043234847031,
            -43.946728120428475
        ]
    ],
    "5":[
        [
            -19.925377000340774,
            -43.95469315562808
        ]
    ],
    "6":[
        [
            -19.923113039778432,
            -43.94698600278684
        ]
    ],
    "7":[
        [
            -19.91619605505013,
            -43.94130121133482
        ]
    ],
    "8":[
        [
            -19.918784712736862,
            -43.951325262281415
        ]
    ],
    "9":[
        [
            -19.91880731759885,
            -43.93577235121077
        ]
    ],
    "total_length":11936.22241409692,
    "work_total":983143.7854525226
}