{
    "0":1.0134081696289368,
    "1":1.948861864671032,
    "2":0.8574992204552542,
    "3":2.6192703461178675,
    "4":3.3832241970689116,
    "5":2.245088868101029,
    "6":1.6214530714062987,
    "7":0.9354536950420954,
    "8":1.0134081696289368,
    "9":0.9666354848768319,
    "10":1.325226067976302,
    "11":1.2004989086373559,
    "12":1.028999064546305,
    "13":1.1693171188026192,
    "14":1.2004989086373559,
    "15":1.1849080137199874,
    "16":1.1849080137199874,
    "17":1.2004989086373559,
    "18":1.2940442781415653,
    "19":0.7951356407857811,
    "20":0.732772061116308,
    "21":0.8574992204552542,
    "22":1.0134081696289368,
    "23":0.9666354848768319,
    "24":0.5924540068599937,
    "25":0.545681322107889,
    "26":0.6859993763642034,
    "27":0.6548175865294669,
    "28":0.7483629560336763,
    "29":0.5144995322731525,
    "30":0.9822263797942001,
    "31":0.6704084814468351,
    "32":0.6859993763642034,
    "33":0.7639538509510445,
    "34":0.6392266916120986,
    "35":0.7951356407857811,
    "36":0.6236357966947303,
    "37":0.5144995322731525,
    "38":0.6548175865294669,
    "39":0.7951356407857811,
    "40":1.0134081696289368,
    "41":0.732772061116308,
    "42":0.732772061116308,
    "43":0.6859993763642034,
    "44":0.7795447458684128,
    "45":0.7483629560336763,
    "46":0.7639538509510445,
    "47":0.8263174306205175,
    "48":0.7483629560336763,
    "49":0.732772061116308,
    "50":0.6548175865294669,
    "51":0.732772061116308,
    "52":0.7171811661989398,
    "53":0.7951356407857811,
    "54":0.732772061116308,
    "55":0.7639538509510445,
    "56":0.3897723729342064,
    "57":0.4521359526036795,
    "58":0.545681322107889,
    "59":0.40536326785157467,
    "60":0.4365450576863112,
    "61":0.3585905830994699,
    "62":0.3897723729342064,
    "63":0.420954162768943,
    "64":0.608044901777362,
    "65":0.2494543186778921,
    "66":0.23386342376052385,
    "67":0.29622700342999686,
    "68":0.26504521359526034,
    "69":0.40536326785157467,
    "70":0.3897723729342064,
    "71":0.40536326785157467,
    "72":0.37418147801683815,
    "73":0.4989086373557842,
    "74":0.420954162768943,
    "75":0.37418147801683815,
    "76":0.4521359526036795,
    "77":0.37418147801683815,
    "78":0.26504521359526034,
    "79":0.26504521359526034,
    "80":0.2806361085126286,
    "81":0.32740879326473343,
    "82":0.26504521359526034,
    "83":0.3429996881821017,
    "84":0.29622700342999686,
    "85":0.09354536950420954,
    "86":0.23386342376052385,
    "87":0.32740879326473343,
    "88":0.29622700342999686,
    "89":0.3585905830994699,
    "90":0.1403180542563143,
    "91":0.2494543186778921,
    "92":0.20268163392578734,
    "93":0.20268163392578734,
    "94":0.23386342376052385,
    "95":0.2494543186778921,
    "96":0.17149984409105085,
    "97":0.1559089491736826,
    "98":0.3897723729342064,
    "99":0.20268163392578734,
    "100":0.1403180542563143,
    "101":0.3118178983473652,
    "102":0.32740879326473343,
    "103":0.2494543186778921,
    "104":0.3429996881821017,
    "105":0.32740879326473343,
    "106":0.29622700342999686,
    "107":0.23386342376052385,
    "108":0.2806361085126286,
    "109":0.2494543186778921,
    "110":0.2182725288431556,
    "111":0.3118178983473652,
    "112":0.2182725288431556,
    "113":0.26504521359526034,
    "114":0.32740879326473343,
    "115":0.18709073900841908,
    "116":0.26504521359526034,
    "117":0.29622700342999686,
    "118":0.18709073900841908,
    "119":0.20268163392578734,
    "120":0.2494543186778921,
    "121":0.17149984409105085,
    "122":0.2494543186778921,
    "123":0.20268163392578734,
    "124":0.2806361085126286,
    "125":0.1559089491736826,
    "126":0.1403180542563143,
    "127":0.20268163392578734,
    "128":0.2494543186778921,
    "129":0.32740879326473343,
    "130":0.3118178983473652,
    "131":0.3429996881821017,
    "132":0.26504521359526034,
    "133":0.20268163392578734,
    "134":0.17149984409105085,
    "135":0.32740879326473343,
    "136":0.2494543186778921,
    "137":0.3118178983473652,
    "138":0.420954162768943,
    "139":0.1403180542563143,
    "140":0.26504521359526034,
    "141":0.26504521359526034,
    "142":0.2806361085126286,
    "143":0.2494543186778921,
    "144":0.23386342376052385,
    "145":0.17149984409105085,
    "146":0.2182725288431556,
    "147":0.23386342376052385,
    "148":0.26504521359526034,
    "149":0.18709073900841908,
    "150":0.23386342376052385,
    "151":0.18709073900841908,
    "152":0.3118178983473652,
    "153":0.1559089491736826,
    "154":0.12472715933894606,
    "155":0.20268163392578734,
    "156":0.1559089491736826,
    "157":0.12472715933894606,
    "158":0.17149984409105085,
    "159":0.20268163392578734,
    "160":0.2182725288431556,
    "161":0.20268163392578734,
    "162":0.2806361085126286,
    "163":0.20268163392578734,
    "164":0.1403180542563143,
    "165":0.20268163392578734,
    "166":0.2182725288431556,
    "167":0.2182725288431556,
    "168":0.1559089491736826,
    "169":0.17149984409105085,
    "170":0.2182725288431556,
    "171":0.20268163392578734,
    "172":0.1403180542563143,
    "173":0.1403180542563143,
    "174":0.1403180542563143,
    "175":0.2182725288431556,
    "176":0.20268163392578734,
    "177":0.1403180542563143,
    "178":0.1403180542563143,
    "179":0.23386342376052385,
    "180":0.17149984409105085,
    "181":0.1403180542563143,
    "182":0.18709073900841908,
    "183":0.1559089491736826,
    "184":0.26504521359526034,
    "185":0.23386342376052385,
    "186":0.09354536950420954,
    "187":0.1559089491736826,
    "188":0.2494543186778921,
    "189":0.17149984409105085,
    "190":0.12472715933894606,
    "191":0.0779544745868413,
    "192":0.1091362644215778,
    "193":0.20268163392578734,
    "194":0.1403180542563143,
    "195":0.1403180542563143,
    "196":0.18709073900841908,
    "197":0.0779544745868413,
    "198":0.0779544745868413,
    "199":0.12472715933894606,
    "200":0.17149984409105085,
    "201":0.09354536950420954,
    "202":0.09354536950420954,
    "203":0.17149984409105085,
    "204":0.0779544745868413,
    "205":0.031181789834736514,
    "206":0.0779544745868413,
    "207":0.0779544745868413,
    "208":0.20268163392578734,
    "209":0.1091362644215778,
    "210":0.1559089491736826,
    "211":0.06236357966947303,
    "212":0.12472715933894606,
    "213":0.04677268475210477,
    "214":0.1091362644215778,
    "215":0.1559089491736826,
    "216":0.0779544745868413,
    "217":0.1091362644215778,
    "218":0.09354536950420954,
    "219":0.12472715933894606,
    "220":0.04677268475210477,
    "221":0.12472715933894606,
    "222":0.09354536950420954,
    "223":0.0779544745868413,
    "224":0.06236357966947303,
    "225":0.0779544745868413,
    "226":0.1559089491736826,
    "227":0.0779544745868413,
    "228":0.1403180542563143,
    "229":0.12472715933894606,
    "230":0.12472715933894606,
    "231":0.12472715933894606,
    "232":0.09354536950420954,
    "233":0.12472715933894606,
    "234":0.031181789834736514,
    "235":0.1091362644215778,
    "236":0.0,
    "237":0.17149984409105085,
    "238":0.09354536950420954,
    "239":0.12472715933894606,
    "240":0.0779544745868413,
    "241":0.1091362644215778,
    "242":0.1403180542563143,
    "243":0.1091362644215778,
    "244":0.20268163392578734,
    "245":0.0779544745868413,
    "246":0.09354536950420954,
    "247":0.04677268475210477,
    "248":0.06236357966947303,
    "249":0.06236357966947303,
    "250":0.06236357966947303,
    "251":0.06236357966947303,
    "252":0.12472715933894606,
    "253":0.06236357966947303,
    "254":0.09354536950420954,
    "255":0.06236357966947303,
    "256":0.09354536950420954,
    "257":0.09354536950420954,
    "258":0.1559089491736826,
    "259":0.06236357966947303,
    "260":0.04677268475210477,
    "261":0.031181789834736514,
    "262":0.06236357966947303,
    "263":0.0779544745868413,
    "264":0.0779544745868413,
    "265":0.1559089491736826,
    "266":0.031181789834736514,