{
    "0":1.4472055603161,
    "1":4.027420736932305,
    "2":5.265162334571075,
    "3":2.6373417118918403,
    "4":1.7709225935447013,
    "5":2.3421879463010566,
    "6":2.3993144815766922,
    "7":1.7899647719699134,
    "8":2.0755974483480912,
    "9":1.723317147481672,
    "10":1.1806150623631344,
    "11":0.8188136722841093,
    "12":1.094925259449681,
    "13":1.1330096163001049,
    "14":1.094925259449681,
    "15":1.113967437874893,
    "16":1.1615728839379225,
    "17":1.371036846615253,
    "18":1.1710939731505283,
    "19":1.0854041702370751,
    "20":1.094925259449681,
    "21":0.9806721888984099,
    "22":0.7712082262210797,
    "23":0.9997143673236218,
    "24":0.9140245644101685,
    "25":0.5807864419689612,
    "26":0.8188136722841093,
    "27":0.7712082262210797,
    "28":0.7616871370084738,
    "29":0.6950395125202323,
    "30":0.6664762448824145,
    "31":0.8759402075597448,
    "32":0.8473769399219271,
    "33":0.6474340664572027,
    "34":0.8854612967723506,
    "35":1.075883081024469,
    "36":0.9140245644101685,
    "37":1.1044463486622869,
    "38":0.9806721888984099,
    "39":1.0568409025992573,
    "40":0.8854612967723506,
    "41":1.0663619918118632,
    "42":0.8473769399219271,
    "43":0.9806721888984099,
    "44":1.2472626868513759,
    "45":0.9045034751975626,
    "46":0.7712082262210797,
    "47":0.971151099685804,
    "48":0.8759402075597448,
    "49":0.733123869370656,
    "50":0.9140245644101685,
    "51":0.8188136722841093,
    "52":0.8378558507093211,
    "53":0.8949823859849567,
    "54":0.8568980291345331,
    "55":0.6664762448824145,
    "56":0.5331809959059316,
    "57":0.6950395125202323,
    "58":0.6950395125202323,
    "59":0.7521660477958678,
    "60":0.742644958583262,
    "61":0.6474340664572027,
    "62":0.5807864419689612,
    "63":0.4379701037798724,
    "64":0.495096639055508,
    "65":0.5046177282681139,
    "66":0.5331809959059316,
    "67":0.5236599066933257,
    "68":0.6474340664572027,
    "69":0.4760544606302961,
    "70":0.495096639055508,
    "71":0.495096639055508,
    "72":0.44749119299247836,
    "73":0.4379701037798724,
    "74":0.32371703322860135,
    "75":0.3522803008664191,
    "76":0.22850614110254214,
    "77":0.2951537655907836,
    "78":0.33323812244120726,
    "79":0.3522803008664191,
    "80":0.32371703322860135,
    "81":0.32371703322860135,
    "82":0.2570694087403599,
    "83":0.19042178425211845,
    "84":0.1999428734647244,
    "85":0.2189850518899362,
    "86":0.31419594401599543,
    "87":0.2761115871655717,
    "88":0.32371703322860135,
    "89":0.1809006950395125,
    "90":0.2570694087403599,
    "91":0.2856326763781777,
    "92":0.23802723031514805,
    "93":0.2856326763781777,
    "94":0.2665904979529658,
    "95":0.2856326763781777,
    "96":0.19042178425211845,
    "97":0.23802723031514805,
    "98":0.20946396267733028,
    "99":0.2761115871655717,
    "100":0.2570694087403599,
    "101":0.1999428734647244,
    "102":0.23802723031514805,
    "103":0.17137960582690662,
    "104":0.15233742740169476,
    "105":0.123774159763877,
    "106":0.1332952489764829,
    "107":0.19042178425211845,
    "108":0.17137960582690662,
    "109":0.19042178425211845,
    "110":0.17137960582690662,
    "111":0.1809006950395125,
    "112":0.16185851661430067,
    "113":0.123774159763877,
    "114":0.11425307055127107,
    "115":0.1332952489764829,
    "116":0.3046748548033895,
    "117":0.19042178425211845,
    "118":0.123774159763877,
    "119":0.10473198133866514,
    "120":0.20946396267733028,
    "121":0.14281633818908884,
    "122":0.1999428734647244,
    "123":0.1809006950395125,
    "124":0.08568980291345331,
    "125":0.06664762448824145,
    "126":0.16185851661430067,
    "127":0.123774159763877,
    "128":0.123774159763877,
    "129":0.1809006950395125,
    "130":0.11425307055127107,
    "131":0.11425307055127107,
    "132":0.10473198133866514,
    "133":0.15233742740169476,
    "134":0.11425307055127107,
    "135":0.15233742740169476,
    "136":0.11425307055127107,
    "137":0.06664762448824145,
    "138":0.11425307055127107,
    "139":0.08568980291345331,
    "140":0.123774159763877,
    "141":0.10473198133866514,
    "142":0.09521089212605922,
    "143":0.1332952489764829,
    "144":0.057126535275635534,
    "145":0.15233742740169476,
    "146":0.06664762448824145,
    "147":0.09521089212605922,
    "148":0.07616871370084738,
    "149":0.09521089212605922,
    "150":0.07616871370084738,
    "151":0.10473198133866514,
    "152":0.09521089212605922,
    "153":0.09521089212605922,
    "154":0.11425307055127107,
    "155":0.10473198133866514,
    "156":0.06664762448824145,
    "157":0.09521089212605922,
    "158":0.09521089212605922,
    "159":0.057126535275635534,
    "160":0.03808435685042369,
    "161":0.06664762448824145,
    "162":0.03808435685042369,
    "163":0.04760544606302961,
    "164":0.06664762448824145,
    "165":0.06664762448824145,
    "166":0.06664762448824145,
    "167":0.057126535275635534,
    "168":0.057126535275635534,
    "169":0.07616871370084738,
    "170":0.057126535275635534,
    "171":0.1332952489764829,
    "172":0.03808435685042369,
    "173":0.057126535275635534,
    "174":0.028563267637817767,
    "175":0.057126535275635534,
    "176":0.06664762448824145,
    "177":0.057126535275635534,
    "178":0.03808435685042369,
    "179":0.06664762448824145,
    "180":0.019042178425211845,
    "181":0.057126535275635534,
    "182":0.06664762448824145,
    "183":0.06664762448824145,
    "184":0.08568980291345331,
    "185":0.03808435685042369,
    "186":0.06664762448824145,
    "187":0.08568980291345331,
    "188":0.06664762448824145,
    "189":0.06664762448824145,
    "190":0.06664762448824145,
    "191":0.06664762448824145,
    "192":0.08568980291345331,
    "193":0.06664762448824145,
    "194":0.04760544606302961,
    "195":0.09521089212605922,
    "196":0.03808435685042369,
    "197":0.057126535275635534,
    "198":0.08568980291345331,
    "199":0.019042178425211845,
    "200":0.03808435685042369,
    "201":0.04760544606302961,
    "202":0.06664762448824145,
    "203":0.028563267637817767,
    "204":0.057126535275635534,
    "205":0.019042178425211845,
    "206":0.057126535275635534,
    "207":0.04760544606302961,
    "208":0.04760544606302961,
    "209":0.11425307055127107,
    "210":0.03808435685042369,
    "211":0.057126535275635534,
    "212":0.10473198133866514,
    "213":0.07616871370084738,
    "214":0.028563267637817767,
    "215":0.057126535275635534,
    "216":0.04760544606302961,
    "217":0.03808435685042369,
    "218":0.028563267637817767,
    "219":0.019042178425211845,
    "220":0.019042178425211845,
    "221":0.04760544606302961,
    "222":0.028563267637817767,
    "223":0.019042178425211845,
    "224":0.04760544606302961,
    "225":0.019042178425211845,
    "226":0.028563267637817767,
    "227":0.028563267637817767,
    "228":0.028563267637817767,
    "229":0.0,
    "230":0.019042178425211845,
    "231":0.019042178425211845,
    "232":0.009521089212605922,
    "233":0.019042178425211845,
    "234":0.009521089212605922,
    "235":0.057126535275635534,
    "236":0.009521089212605922,
    "237":0.0,
    "238":0.019042178425211845,
    "239":0.04760544606302961,
    "240":0.0,
    "241":0.028563267637817767,
    "242":0.019042178425211845,
    "243":0.028563267637817767,
    "244":0.03808435685042369,
    "245":0.009521089212605922,
    "246":0.028563267637817767,
    "247":0.03808435685042369,
    "248":0.04760544606302961,
    "249":0.07616871370084738,
    "250":0.028563267637817767,
    "251":0.019042178425211845,
    "252":0.009521089212605922,
    "253":0.009521089212605922,
    "254":0.028563267637817767,
    "255":0.019042178425211845,
    "256":0.019042178425211845,
    "257":0.06664762448824145,
    "258":0.028563267637817767,
    "259":0.028563267637817767,
    "260":0.04760544606302961,
    "261":0.03808435685042369,
    "262":0.028563267637817767,
    "263":0.028563267637817767,
    "264":0.04760544606302961,
    "265":0.0,