{
    "0":2.2623670437278407,
    "1":1.0552085092014183,
    "2":3.393550565591761,
    "3":2.929258821543137,
    "4":2.8195171365861893,
    "5":3.528617254769542,
    "6":2.8279588046598008,
    "7":3.064325510720918,
    "8":3.655242275873713,
    "9":3.0390005065000842,
    "10":3.1571838595306434,
    "11":3.190950531825089,
    "12":2.8110754685125783,
    "13":3.317575552929259,
    "14":3.250042208340368,
    "15":2.996792166132028,
    "16":2.5071754178625696,
    "17":2.4818504136417356,
    "18":2.1357420226236705,
    "19":2.4902920817153467,
    "20":2.3974337329056223,
    "21":2.1188586864764476,
    "22":2.0935336822556136,
    "23":2.1863920310653384,
    "24":2.296133716022286,
    "25":1.7896336316056052,
    "26":1.5195002532500421,
    "27":1.4097585682930946,
    "28":1.4519669086611513,
    "29":1.2746918791153132,
    "30":1.148066858011143,
    "31":1.2240418706736451,
    "32":1.097416849569475,
    "33":1.1396251899375316,
    "34":1.0467668411278068,
    "35":1.1565085260847545,
    "36":0.9454668242444708,
    "37":1.0383251730541954,
    "38":0.8441668073611346,
    "39":0.8272834712139119,
    "40":0.8357251392875232,
    "41":0.8188418031403004,
    "42":0.734425122404187,
    "43":0.87793347965558,
    "44":0.7513084585514098,
    "45":0.6246834374472395,
    "46":0.5824750970791828,
    "47":0.48961674826945806,
    "48":0.5487084247847375,
    "49":0.5740334290055715,
    "50":0.5233834205639034,
    "51":0.3207833867972311,
    "52":0.31234171872361977,
    "53":0.45585007597501265,
    "54":0.40520006753334453,
    "55":0.3461083910180652,
    "56":0.20260003376667227,
    "57":0.22792503798750632,
    "58":0.11818335303055885,
    "59":0.16039169339861556,
    "60":0.15195002532500423,
    "61":0.14350835725139288,
    "62":0.10130001688333613,
    "63":0.11818335303055885,
    "64":0.21104170184028365,
    "65":0.15195002532500423,
    "66":0.13506668917778153,
    "67":0.1688333614722269,
    "68":0.219483369913895,
    "69":0.10130001688333613,
    "70":0.11818335303055885,
    "71":0.10130001688333613,
    "72":0.09285834880972481,
    "73":0.07597501266250212,
    "74":0.15195002532500423,
    "75":0.08441668073611346,
    "76":0.09285834880972481,
    "77":0.09285834880972481,
    "78":0.09285834880972481,
    "79":0.09285834880972481,
    "80":0.07597501266250212,
    "81":0.03376667229444538,
    "82":0.09285834880972481,
    "83":0.07597501266250212,
    "84":0.01688333614722269,
    "85":0.04220834036805673,
    "86":0.05065000844166807,
    "87":0.03376667229444538,
    "88":0.03376667229444538,
    "89":0.025325004220834033,
    "90":0.05065000844166807,
    "91":0.025325004220834033,
    "92":0.01688333614722269,
    "93":0.0,
    "94":0.008441668073611346,
    "95":0.008441668073611346,
    "96":0.01688333614722269,
    "97":0.0,
    "98":0.008441668073611346,
    "99":0.008441668073611346,
    "100":0.008441668073611346,
    "101":0.01688333614722269,
    "102":0.0,
    "103":0.01688333614722269,
    "104":0.0,
    "105":0.025325004220834033,
    "106":0.008441668073611346,
    "107":0.01688333614722269,
    "108":0.0,
    "109":0.008441668073611346,
    "110":0.01688333614722269,
    "111":0.0,
    "112":0.008441668073611346,
    "113":0.01688333614722269,
    "114":0.0,
    "115":0.008441668073611346,
    "116":0.008441668073611346,
    "117":0.03376667229444538,
    "118":0.0,
    "119":0.0,
    "120":0.0,
    "121":0.0,
    "122":0.0,
    "123":0.0,
    "124":0.008441668073611346,
    "125":0.008441668073611346,
    "126":0.008441668073611346,
    "127":0.008441668073611346,
    "128":0.008441668073611346,
    "129":0.025325004220834033,
    "130":0.008441668073611346,
    "131":0.025325004220834033,
    "132":0.0,
    "133":0.0,
    "134":0.0,
    "135":0.0,
    "136":0.008441668073611346,
    "137":0.0,
    "138":0.008441668073611346,
    "139":0.008441668073611346,
    "140":0.025325004220834033,
    "141":0.0,
    "142":0.0,
    "143":0.0,
    "144":0.008441668073611346,
    "145":0.01688333614722269,
    "146":0.0,
    "147":0.008441668073611346,
    "148":0.0,
    "149":0.01688333614722269,
    "150":0.0,
    "151":0.0,
    "152":0.008441668073611346,
    "153":0.0,
    "154":0.0,
    "155":0.0,
    "156":0.008441668073611346,
    "157":0.0,
    "158":0.01688333614722269,
    "159":0.008441668073611346,
    "160":0.008441668073611346,
    "161":0.0,
    "162":0.008441668073611346,
    "163":0.0,
    "164":0.008441668073611346,
    "165":0.008441668073611346,
    "166":0.01688333614722269,
    "167":0.0,
    "168":0.008441668073611346,
    "169":0.008441668073611346,
    "170":0.008441668073611346,
    "171":0.025325004220834033,
    "172":0.008441668073611346,
    "173":0.0,
    "174":0.0,
    "175":0.0,
    "176":0.0,
    "177":0.01688333614722269,
    "178":0.008441668073611346,
    "179":0.008441668073611346,
    "180":0.008441668073611346,
    "181":0.025325004220834033,
    "182":0.008441668073611346,
    "183":0.0,
    "184":0.01688333614722269,
    "185":0.008441668073611346,
    "186":0.008441668073611346,
    "187":0.01688333614722269,
    "188":0.0,
    "189":0.008441668073611346,
    "190":0.008441668073611346,
    "191":0.0,
    "192":0.008441668073611346,
    "193":0.008441668073611346,
    "194":0.0,
    "195":0.0,
    "196":0.01688333614722269,
    "197":0.008441668073611346,
    "198":0.0,
    "199":0.008441668073611346,
    "200":0.0,
    "201":0.01688333614722269,
    "202":0.0,
    "203":0.0,
    "204":0.0,
    "205":0.008441668073611346,
    "206":0.01688333614722269,
    "207":0.0,
    "208":0.008441668073611346,
    "209":0.0,
    "210":0.008441668073611346,
    "211":0.0,
    "212":0.025325004220834033,
    "213":0.0,
    "214":0.0,
    "215":0.0,
    "216":0.0,
    "217":0.008441668073611346,
    "218":0.0,
    "219":0.0,
    "220":0.0,
    "221":0.01688333614722269,
    "222":0.025325004220834033,
    "223":0.008441668073611346,
    "224":0.008441668073611346,
    "225":0.008441668073611346,
    "226":0.008441668073611346,
    "227":0.008441668073611346,
    "228":0.008441668073611346,
    "229":0.008441668073611346,
    "230":0.008441668073611346,
    "231":0.0,
    "232":0.008441668073611346,
    "233":0.0,
    "234":0.008441668073611346,
    "235":0.01688333614722269,
    "236":0.0,
    "237":0.01688333614722269,
    "238":0.0,
    "239":0.0,
    "240":0.0,
    "241":0.0,
    "242":0.01688333614722269,
    "243":0.0,
    "244":0.03376667229444538,
    "245":0.0,
    "246":0.0,
    "247":0.0,
    "248":0.0,
    "249":0.0,
    "250":0.0,
    "251":0.0,
    "252":0.0
}