{
    "0":0.2837147720824664,
    "1":1.1821448836769435,
    "2":3.385662946850766,
    "3":2.2697181766597314,
    "4":2.2791753357291467,
    "5":2.212975222243238,
    "6":2.5818044259504442,
    "7":3.0924910156988843,
    "8":2.922262152449404,
    "9":2.941176470588235,
    "10":2.780404766408171,
    "11":2.3075468129373937,
    "12":2.364289767353887,
    "13":2.2035180631738225,
    "14":2.004917722716096,
    "15":1.692831473425383,
    "16":1.9103461320219406,
    "17":1.6644599962171363,
    "18":1.5320597692453186,
    "19":1.6833743143559676,
    "20":1.9387176092301874,
    "21":1.7022886324947986,
    "22":1.7401172687724606,
    "23":1.7684887459807075,
    "24":1.777945905050123,
    "25":1.569888405522981,
    "26":1.5509740873841498,
    "27":1.5509740873841498,
    "28":1.6644599962171363,
    "29":1.4469453376205788,
    "30":1.2199735199546056,
    "31":1.3712880650652544,
    "32":1.3334594287875923,
    "33":1.0970304520522036,
    "34":1.191602042746359,
    "35":1.2388878380934367,
    "36":1.4564024966899944,
    "37":0.9930017022886324,
    "38":1.0686589748439568,
    "39":1.002458861358048,
    "40":1.2578021562322679,
    "41":0.9930017022886324,
    "42":1.1726877246075278,
    "43":0.8889729525250615,
    "44":0.9835445432192169,
    "45":0.8038585209003215,
    "46":0.9078872706638926,
    "47":0.6620011348590883,
    "48":0.7471155664838283,
    "49":0.7187440892755816,
    "50":0.7660298846226593,
    "51":0.7754870436920749,
    "52":0.6525439757896728,
    "53":0.6336296576508417,
    "54":0.6430868167202572,
    "55":0.501229430679024,
    "56":0.5296009078872707,
    "57":0.5296009078872707,
    "58":0.5674295441649329,
    "59":0.5296009078872707,
    "60":0.5296009078872707,
    "61":0.5390580669566862,
    "62":0.501229430679024,
    "63":0.397200680915453,
    "64":0.3404577264989597,
    "65":0.3404577264989597,
    "66":0.3782863627766219,
    "67":0.3593720446377908,
    "68":0.43502931719311516,
    "69":0.3782863627766219,
    "70":0.3782863627766219,
    "71":0.25534329487421975,
    "72":0.25534329487421975,
    "73":0.29317193115188195,
    "74":0.2648004539436353,
    "75":0.29317193115188195,
    "76":0.22697181766597316,
    "77":0.3026290902212975,
    "78":0.20805749952714203,
    "79":0.1418573860412332,
    "80":0.10402874976357102,
    "81":0.1418573860412332,
    "82":0.15131454511064876,
    "83":0.13240022697181766,
    "84":0.1607717041800643,
    "85":0.18914318138831096,
    "86":0.1986003404577265,
    "87":0.18914318138831096,
    "88":0.08511443162473993,
    "89":0.13240022697181766,
    "90":0.08511443162473993,
    "91":0.15131454511064876,
    "92":0.09457159069415548,
    "93":0.21751465859655758,
    "94":0.04728579534707774,
    "95":0.10402874976357102,
    "96":0.11348590883298658,
    "97":0.12294306790240211,
    "98":0.09457159069415548,
    "99":0.03782863627766219,
    "100":0.08511443162473993,
    "101":0.10402874976357102,
    "102":0.09457159069415548,
    "103":0.13240022697181766,
    "104":0.09457159069415548,
    "105":0.07565727255532438,
    "106":0.04728579534707774,
    "107":0.07565727255532438,
    "108":0.08511443162473993,
    "109":0.04728579534707774,
    "110":0.15131454511064876,
    "111":0.04728579534707774,
    "112":0.07565727255532438,
    "113":0.06620011348590883,
    "114":0.04728579534707774,
    "115":0.03782863627766219,
    "116":0.028371477208246645,
    "117":0.06620011348590883,
    "118":0.018914318138831095,
    "119":0.04728579534707774,
    "120":0.04728579534707774,
    "121":0.07565727255532438,
    "122":0.07565727255532438,
    "123":0.03782863627766219,
    "124":0.04728579534707774,
    "125":0.08511443162473993,
    "126":0.03782863627766219,
    "127":0.03782863627766219,
    "128":0.03782863627766219,
    "129":0.05674295441649329,
    "130":0.09457159069415548,
    "131":0.03782863627766219,
    "132":0.03782863627766219,
    "133":0.05674295441649329,
    "134":0.04728579534707774,
    "135":0.028371477208246645,
    "136":0.03782863627766219,
    "137":0.009457159069415548,
    "138":0.04728579534707774,
    "139":0.018914318138831095,
    "140":0.03782863627766219,
    "141":0.03782863627766219,
    "142":0.03782863627766219,
    "143":0.04728579534707774,
    "144":0.028371477208246645,
    "145":0.028371477208246645,
    "146":0.05674295441649329,
    "147":0.009457159069415548,
    "148":0.04728579534707774,
    "149":0.009457159069415548,
    "150":0.018914318138831095,
    "151":0.028371477208246645,
    "152":0.03782863627766219,
    "153":0.028371477208246645,
    "154":0.03782863627766219,
    "155":0.06620011348590883,
    "156":0.04728579534707774,
    "157":0.028371477208246645,
    "158":0.07565727255532438,
    "159":0.07565727255532438,
    "160":0.009457159069415548,
    "161":0.07565727255532438,
    "162":0.018914318138831095,
    "163":0.03782863627766219,
    "164":0.028371477208246645,
    "165":0.04728579534707774,
    "166":0.0,
    "167":0.0,
    "168":0.0,
    "169":0.0,
    "170":0.0,
    "171":0.0,
    "172":0.0,
    "173":0.0
}