{
    "0":8.770933863184787,
    "1":0.17030939540164633,
    "2":1.6084776232377709,
    "3":1.9017882486517173,
    "4":2.5830258302583027,
    "5":2.232945406377141,
    "6":1.8260951840287631,
    "7":1.5611694578484248,
    "8":0.671775948528716,
    "9":1.4665531270697323,
    "10":1.570631090926294,
    "11":1.9112498817295864,
    "12":1.5233229255369476,
    "13":1.6747090547828556,
    "14":2.2802535717664867,
    "15":2.2897152048443563,
    "16":2.2991768379222255,
    "17":2.214022140221402,
    "18":2.3843315356230486,
    "19":2.138329075598448,
    "20":1.9301731478853252,
    "21":1.9112498817295864,
    "22":1.7504021194058095,
    "23":2.0247894786640175,
    "24":1.9869429463525403,
    "25":2.005866212508279,
    "26":1.7882486517172862,
    "27":1.7977102847951558,
    "28":1.4287065947582551,
    "29":1.2300123001230012,
    "30":1.4381682278361245,
    "31":1.4003216955246476,
    "32":1.3624751632131706,
    "33":1.305705364745955,
    "34":0.984009840098401,
    "35":0.9083167754754471,
    "36":1.0502412716434857,
    "37":0.9177784085533164,
    "38":0.8420853439303624,
    "39":0.8326237108524931,
    "40":0.9083167754754471,
    "41":1.059702904721355,
    "42":0.8988551423975779,
    "43":0.785315545463147,
    "44":0.9461633077869239,
    "45":0.7380073800738007,
    "46":0.7285457469959314,
    "47":0.7947771785410161,
    "48":0.7285457469959314,
    "49":0.7758539123852777,
    "50":0.7285457469959314,
    "51":0.6623143154508468,
    "52":0.6623143154508468,
    "53":0.7663922793074085,
    "54":0.671775948528716,
    "55":0.8420853439303624,
    "56":0.8704702431639701,
    "57":0.6055445169836314,
    "58":0.45415838773772355,
    "59":0.5014665531270698,
    "60":0.4920049200492005,
    "61":0.47308165389346196,
    "62":0.4446967546598543,
    "63":0.42577348850411584,
    "64":0.23654082694673098,
    "65":0.41631185542624655,
    "66":0.2554640931024695,
    "67":0.3027722584918157,
    "68":0.3122338915696849,
    "69":0.4352351215819851,
    "70":0.26492572618033877,
    "71":0.24600246002460024,
    "72":0.20815592771312327,
    "73":0.27438735925820795,
    "74":0.3216955246475542,
    "75":0.2554640931024695,
    "76":0.2933106254139465,
    "77":0.24600246002460024,
    "78":0.24600246002460024,
    "79":0.1892326615573848,
    "80":0.2838489923360772,
    "81":0.22707919386886177,
    "82":0.26492572618033877,
    "83":0.17030939540164633,
    "84":0.22707919386886177,
    "85":0.19869429463525404,
    "86":0.1892326615573848,
    "87":0.22707919386886177,
    "88":0.1608477623237771,
    "89":0.1419244961680386,
    "90":0.1608477623237771,
    "91":0.1892326615573848,
    "92":0.20815592771312327,
    "93":0.11353959693443089,
    "94":0.12300123001230012,
    "95":0.12300123001230012,
    "96":0.1419244961680386,
    "97":0.1608477623237771,
    "98":0.018923266155738482,
    "99":0.05676979846721544,
    "100":0.12300123001230012,
    "101":0.08515469770082316,
    "102":0.06623143154508469,
    "103":0.037846532311476964,
    "104":0.06623143154508469,
    "105":0.05676979846721544,
    "106":0.0473081653893462,
    "107":0.11353959693443089,
    "108":0.037846532311476964,
    "109":0.08515469770082316,
    "110":0.0473081653893462,
    "111":0.037846532311476964,
    "112":0.05676979846721544,
    "113":0.02838489923360772,
    "114":0.0473081653893462,
    "115":0.05676979846721544,
    "116":0.02838489923360772,
    "117":0.07569306462295393,
    "118":0.05676979846721544,
    "119":0.08515469770082316,
    "120":0.06623143154508469,
    "121":0.05676979846721544,
    "122":0.0473081653893462,
    "123":0.05676979846721544,
    "124":0.05676979846721544,
    "125":0.018923266155738482,
    "126":0.06623143154508469,
    "127":0.05676979846721544,
    "128":0.07569306462295393,
    "129":0.018923266155738482,
    "130":0.06623143154508469,
    "131":0.018923266155738482,
    "132":0.009461633077869241,
    "133":0.0,
    "134":0.037846532311476964,
    "135":0.05676979846721544,
    "136":0.009461633077869241,
    "137":0.009461633077869241,
    "138":0.009461633077869241,
    "139":0.05676979846721544,
    "140":0.009461633077869241,
    "141":0.009461633077869241,
    "142":0.009461633077869241,
    "143":0.018923266155738482,
    "144":0.018923266155738482,
    "145":0.009461633077869241,
    "146":0.0,
    "147":0.018923266155738482,
    "148":0.0,
    "149":0.02838489923360772,
    "150":0.0473081653893462,
    "151":0.009461633077869241,
    "152":0.018923266155738482,
    "153":0.018923266155738482,
    "154":0.018923266155738482,
    "155":0.037846532311476964,
    "156":0.02838489923360772,
    "157":0.018923266155738482,
    "158":0.018923266155738482,
    "159":0.0,
    "160":0.018923266155738482,
    "161":0.009461633077869241,
    "162":0.018923266155738482,
    "163":0.0,
    "164":0.02838489923360772,
    "165":0.02838489923360772,
    "166":0.009461633077869241,
    "167":0.018923266155738482,
    "168":0.009461633077869241,
    "169":0.009461633077869241,
    "170":0.0,
    "171":0.018923266155738482,
    "172":0.02838489923360772,
    "173":0.0,
    "174":0.02838489923360772,
    "175":0.0,
    "176":0.0,
    "177":0.037846532311476964,
    "178":0.009461633077869241,
    "179":0.0,
    "180":0.02838489923360772,
    "181":0.009461633077869241,
    "182":0.0,
    "183":0.0,
    "184":0.018923266155738482,
    "185":0.0,
    "186":0.018923266155738482,
    "187":0.02838489923360772,
    "188":0.0,
    "189":0.009461633077869241,
    "190":0.018923266155738482,
    "191":0.009461633077869241,
    "192":0.018923266155738482,
    "193":0.02838489923360772,
    "194":0.009461633077869241,
    "195":0.018923266155738482,
    "196":0.0,
    "197":0.009461633077869241,
    "198":0.0,
    "199":0.02838489923360772,
    "200":0.037846532311476964,
    "201":0.009461633077869241,
    "202":0.009461633077869241,
    "203":0.018923266155738482,
    "204":0.009461633077869241,
    "205":0.009461633077869241,
    "206":0.009461633077869241,
    "207":0.018923266155738482,
    "208":0.009461633077869241,
    "209":0.009461633077869241,
    "210":0.009461633077869241,
    "211":0.02838489923360772,
    "212":0.009461633077869241,
    "213":0.0,
    "214":0.018923266155738482,
    "215":0.009461633077869241,
    "216":0.02838489923360772,
    "217":0.009461633077869241,
    "218":0.009461633077869241,
    "219":0.0,
    "220":0.0,
    "221":0.0,
    "222":0.0,
    "223":0.0,
    "224":0.0,
    "225":0.0,
    "226":0.0
}