{
    "0":[
        [
            -1.4714037864741045,
            -48.47898729038082
        ]
    ],
    "1":[
        [
            -1.455230844838334,
            -48.469087113180166
        ]
    ],
    "2":[
        [
            -1.4631547804554954,
            -48.46375995283208
        ]
    ],
    "3":[
        [
            -1.463828552403965,
            -48.472586125629
        ]
    ],
    "4":[
        [
            -1.4645790839567416,
            -48.47726194166623
        ]
    ],
    "5":[
        [
            -1.4541287771353941,
            -48.46764595227176
        ]
    ],
    "6":[
        [
            -1.4667654604578364,
            -48.46622073936197
        ]
    ],
    "7":[
        [
            -1.4621774564693597,
            -48.47932957554299
        ]
    ],
    "8":[
        [
            -1.458391030088936,
            -48.474214956734
        ]
    ],
    "9":[
        [
            -1.4651867835008883,
            -48.46780986384964
        ]
    ],
    "work_total":413590.7295301518
}