{
    "0":0.8225616921269095,
    "1":2.9999308771687287,
    "2":4.921545586507223,
    "3":3.953825948710859,
    "4":2.82021151586369,
    "5":2.723439552084053,
    "6":2.211930600677404,
    "7":1.9838252574825466,
    "8":2.073684938135066,
    "9":2.5298956245247806,
    "10":3.0137554434229625,
    "11":3.006843160295846,
    "12":3.539088961083846,
    "13":3.276422202253404,
    "14":2.986106310914495,
    "15":2.8547729314992742,
    "16":2.8340360821179233,
    "17":2.571369323287482,
    "18":2.4815096426349625,
    "19":2.3156148475841567,
    "20":1.9216147093384945,
    "21":1.6105619686182344,
    "22":1.845579594940209,
    "23":1.4239303241860786,
    "24":1.1681758484827538,
    "25":1.3064215110250916,
    "26":1.2995092278979747,
    "27":1.1681758484827538,
    "28":1.1128775834658187,
    "29":1.1197898665929356,
    "30":1.1820004147369878,
    "31":1.1958249809912214,
    "32":1.4239303241860786,
    "33":1.2995092278979747,
    "34":1.1681758484827538,
    "35":1.2372986797539227,
    "36":1.2649478122623903,
    "37":1.2511232460081565,
    "38":0.8778599571438447,
    "39":1.0230179028132993,
    "40":1.0644916015760004,
    "41":0.8640353908896108,
    "42":0.9055090896523121,
    "43":0.8985968065251954,
    "44":0.7119651620930393,
    "45":0.7603511439828575,
    "46":0.5875440658049353,
    "47":0.6428423308218705,
    "48":0.6774037464574549,
    "49":0.5944563489320522,
    "50":0.5944563489320522,
    "51":0.41473698762701317,
    "52":0.44238612013548073,
    "53":0.36635100573719503,
    "54":0.3317895901016105,
    "55":0.37326328886431187,
    "56":0.3456141563558443,
    "57":0.2626667588304417,
    "58":0.39400013824566255,
    "59":0.23501762632197415,
    "60":0.17280707817792215,
    "61":0.18663164443215594,
    "62":0.24192990944909104,
    "63":0.24192990944909104,
    "64":0.2626667588304417,
    "65":0.1589825119236884,
    "66":0.22119306006774037,
    "67":0.1589825119236884,
    "68":0.1451579456694546,
    "69":0.2142807769406235,
    "70":0.11750881316098707,
    "71":0.1451579456694546,
    "72":0.17971936130503904,
    "73":0.1451579456694546,
    "74":0.10368424690675329,
    "75":0.12442109628810397,
    "76":0.09677196377963641,
    "77":0.041473698762701315,
    "78":0.08985968065251952,
    "79":0.07603511439828575,
    "80":0.09677196377963641,
    "81":0.09677196377963641,
    "82":0.06912283127116887,
    "83":0.07603511439828575,
    "84":0.06912283127116887,
    "85":0.12442109628810397,
    "86":0.08985968065251952,
    "87":0.08294739752540263,
    "88":0.08985968065251952,
    "89":0.05529826501693509,
    "90":0.06221054814405198,
    "91":0.05529826501693509,
    "92":0.06221054814405198,
    "93":0.06221054814405198,
    "94":0.05529826501693509,
    "95":0.05529826501693509,
    "96":0.03456141563558444,
    "97":0.06221054814405198,
    "98":0.07603511439828575,
    "99":0.041473698762701315,
    "100":0.041473698762701315,
    "101":0.08294739752540263,
    "102":0.07603511439828575,
    "103":0.06221054814405198,
    "104":0.04838598188981821,
    "105":0.08294739752540263,
    "106":0.05529826501693509,
    "107":0.04838598188981821,
    "108":0.027649132508467546,
    "109":0.04838598188981821,
    "110":0.06912283127116887,
    "111":0.08294739752540263,
    "112":0.03456141563558444,
    "113":0.04838598188981821,
    "114":0.027649132508467546,
    "115":0.05529826501693509,
    "116":0.04838598188981821,
    "117":0.06221054814405198,
    "118":0.020736849381350658,
    "119":0.06221054814405198,
    "120":0.041473698762701315,
    "121":0.03456141563558444,
    "122":0.06221054814405198,
    "123":0.06912283127116887,
    "124":0.08985968065251952,
    "125":0.03456141563558444,
    "126":0.06912283127116887,
    "127":0.020736849381350658,
    "128":0.05529826501693509,
    "129":0.04838598188981821,
    "130":0.04838598188981821,
    "131":0.04838598188981821,
    "132":0.020736849381350658,
    "133":0.03456141563558444,
    "134":0.03456141563558444,
    "135":0.027649132508467546,
    "136":0.03456141563558444,
    "137":0.041473698762701315,
    "138":0.006912283127116886,
    "139":0.027649132508467546,
    "140":0.03456141563558444,
    "141":0.03456141563558444,
    "142":0.027649132508467546,
    "143":0.0,
    "144":0.0,
    "145":0.0,
    "146":0.006912283127116886,
    "147":0.013824566254233773,
    "148":0.013824566254233773,
    "149":0.006912283127116886,
    "150":0.006912283127116886,
    "151":0.013824566254233773,
    "152":0.0,
    "153":0.006912283127116886,
    "154":0.0,
    "155":0.006912283127116886,
    "156":0.013824566254233773,
    "157":0.013824566254233773,
    "158":0.006912283127116886,
    "159":0.027649132508467546,
    "160":0.0,
    "161":0.0,
    "162":0.0,
    "163":0.0,
    "164":0.0,
    "165":0.0,
    "166":0.0,
    "167":0.0,
    "168":0.0
}