{
    "0":2.63474655610539,
    "1":0.5750969640230039,
    "2":1.2839374080513575,
    "3":2.180018724087201,
    "4":2.55450046810218,
    "5":2.5611876421024475,
    "6":2.2201417680888054,
    "7":2.7818643841112745,
    "8":2.293700682091748,
    "9":2.266951986090678,
    "10":2.1933930720877357,
    "11":2.788551558111542,
    "12":2.815300254112612,
    "13":2.9490437341179616,
    "14":2.5611876421024475,
    "15":2.7818643841112745,
    "16":2.9490437341179616,
    "17":2.855423298114217,
    "18":2.9156078641166245,
    "19":2.7484285141099374,
    "20":2.7216798181088673,
    "21":2.6146850341045873,
    "22":2.2736391600909456,
    "23":2.1867058980874683,
    "24":2.3338237260933528,
    "25":1.9727163300789088,
    "26":1.8991574160759663,
    "27":1.8857830680754313,
    "28":1.9392804600775713,
    "29":1.7520395880700816,
    "30":1.5179884980607194,
    "31":1.5982345860639295,
    "32":1.5915474120636617,
    "33":1.1368195800454728,
    "34":1.2304400160492175,
    "35":1.1970041460478802,
    "36":1.1970041460478802,
    "37":1.003076100040123,
    "38":0.9295171860371807,
    "39":0.9161428380366456,
    "40":1.1301324060452054,
    "41":0.9161428380366456,
    "42":0.9295171860371807,
    "43":0.9495787080379832,
    "44":0.742276314029691,
    "45":0.7289019660291561,
    "46":0.6486558780259462,
    "47":0.4747893540189916,
    "48":0.5149123980205965,
    "49":0.35442022201417683,
    "50":0.5015380500200615,
    "51":0.4079176140163167,
    "52":0.3611073960144443,
    "53":0.4146047880165842,
    "54":0.33435870001337437,
    "55":0.2674869600106995,
    "56":0.29423565601176943,
    "57":0.23405109000936203,
    "58":0.30761000401230437,
    "59":0.27417413401096696,
    "60":0.32767152601310684,
    "61":0.22067674200882706,
    "62":0.24073826400962955,
    "63":0.21398956800855956,
    "64":0.21398956800855956,
    "65":0.22736391600909459,
    "66":0.27417413401096696,
    "67":0.18724087200748962,
    "68":0.18724087200748962,
    "69":0.24073826400962955,
    "70":0.12036913200481478,
    "71":0.16049217600641968,
    "72":0.08693326200347733,
    "73":0.07355891400294236,
    "74":0.06018456600240739,
    "75":0.09362043600374481,
    "76":0.1003076100040123,
    "77":0.11368195800454729,
    "78":0.06018456600240739,
    "79":0.12036913200481478,
    "80":0.07355891400294236,
    "81":0.06687174000267487,
    "82":0.02006152200080246,
    "83":0.02006152200080246,
    "84":0.0,
    "85":0.046810218001872406,
    "86":0.02006152200080246,
    "87":0.03343587000133744,
    "88":0.046810218001872406,
    "89":0.006687174000267486,
    "90":0.04012304400160492,
    "91":0.05349739200213989,
    "92":0.026748696001069945,
    "93":0.03343587000133744,
    "94":0.04012304400160492,
    "95":0.026748696001069945,
    "96":0.046810218001872406,
    "97":0.03343587000133744,
    "98":0.02006152200080246,
    "99":0.02006152200080246,
    "100":0.046810218001872406,
    "101":0.05349739200213989,
    "102":0.013374348000534973,
    "103":0.02006152200080246,
    "104":0.03343587000133744,
    "105":0.02006152200080246,
    "106":0.013374348000534973,
    "107":0.04012304400160492,
    "108":0.04012304400160492,
    "109":0.006687174000267486,
    "110":0.04012304400160492,
    "111":0.06687174000267487,
    "112":0.026748696001069945,
    "113":0.046810218001872406,
    "114":0.006687174000267486,
    "115":0.02006152200080246,
    "116":0.03343587000133744,
    "117":0.09362043600374481,
    "118":0.05349739200213989,
    "119":0.05349739200213989,
    "120":0.05349739200213989,
    "121":0.03343587000133744,
    "122":0.013374348000534973,
    "123":0.013374348000534973,
    "124":0.03343587000133744,
    "125":0.026748696001069945,
    "126":0.08024608800320984,
    "127":0.046810218001872406,
    "128":0.05349739200213989,
    "129":0.046810218001872406,
    "130":0.026748696001069945,
    "131":0.04012304400160492,
    "132":0.06018456600240739,
    "133":0.013374348000534973,
    "134":0.04012304400160492,
    "135":0.02006152200080246,
    "136":0.02006152200080246,
    "137":0.006687174000267486,
    "138":0.04012304400160492,
    "139":0.026748696001069945,
    "140":0.026748696001069945,
    "141":0.013374348000534973,
    "142":0.026748696001069945,
    "143":0.02006152200080246,
    "144":0.013374348000534973,
    "145":0.0,
    "146":0.02006152200080246,
    "147":0.026748696001069945,
    "148":0.046810218001872406,
    "149":0.04012304400160492,
    "150":0.026748696001069945,
    "151":0.026748696001069945,
    "152":0.026748696001069945,
    "153":0.04012304400160492,
    "154":0.013374348000534973,
    "155":0.02006152200080246,
    "156":0.03343587000133744,
    "157":0.03343587000133744,
    "158":0.026748696001069945,
    "159":0.03343587000133744,
    "160":0.02006152200080246,
    "161":0.0,
    "162":0.013374348000534973,
    "163":0.013374348000534973,
    "164":0.02006152200080246,
    "165":0.026748696001069945,
    "166":0.02006152200080246,
    "167":0.013374348000534973,
    "168":0.006687174000267486,
    "169":0.0,
    "170":0.013374348000534973,
    "171":0.006687174000267486,
    "172":0.0,
    "173":0.013374348000534973,
    "174":0.006687174000267486,
    "175":0.006687174000267486,
    "176":0.0,
    "177":0.0,
    "178":0.0,
    "179":0.0,
    "180":0.006687174000267486,
    "181":0.013374348000534973,
    "182":0.013374348000534973,
    "183":0.013374348000534973,
    "184":0.0,
    "185":0.013374348000534973,
    "186":0.0,
    "187":0.006687174000267486,
    "188":0.013374348000534973,
    "189":0.0,
    "190":0.0,
    "191":0.006687174000267486,
    "192":0.013374348000534973,
    "193":0.006687174000267486,
    "194":0.006687174000267486,
    "195":0.006687174000267486,
    "196":0.013374348000534973,
    "197":0.006687174000267486,
    "198":0.006687174000267486,
    "199":0.0,
    "200":0.006687174000267486,
    "201":0.013374348000534973,
    "202":0.006687174000267486,
    "203":0.013374348000534973,
    "204":0.006687174000267486,
    "205":0.013374348000534973,
    "206":0.006687174000267486,
    "207":0.013374348000534973,
    "208":0.0,
    "209":0.006687174000267486,
    "210":0.0,
    "211":0.0,
    "212":0.013374348000534973,
    "213":0.0,
    "214":0.013374348000534973,
    "215":0.0,
    "216":0.006687174000267486,
    "217":0.0,
    "218":0.02006152200080246,
    "219":0.0,
    "220":0.0,
    "221":0.0,
    "222":0.0,
    "223":0.0,
    "224":0.0,
    "225":0.0,
    "226":0.0,
    "227":0.0
}