{
    "0":2.4649176327028677,
    "1":2.5991458206223306,
    "2":7.5045759609518,
    "3":5.1250762660158635,
    "4":4.527150701647345,
    "5":4.026845637583892,
    "6":3.8926174496644297,
    "7":2.586943258084198,
    "8":1.366687004270897,
    "9":1.1958511287370348,
    "10":1.5253203172666259,
    "11":1.7693715680292863,
    "12":1.9158023184868822,
    "13":1.8059792556436853,
    "14":2.1598535692495426,
    "15":2.11104331909701,
    "16":2.2330689444783407,
    "17":2.2208663819402075,
    "18":1.793776693105552,
    "19":1.8913971934106162,
    "20":1.3910921293471628,
    "21":1.37888956680903,
    "22":1.1836485661989018,
    "23":1.317876754118365,
    "24":1.5375228798047589,
    "25":1.342281879194631,
    "26":1.2568639414276999,
    "27":1.366687004270897,
    "28":0.8663819402074436,
    "29":0.9517998779743747,
    "30":1.0738255033557047,
    "31":0.7931665649786455,
    "32":0.9517998779743747,
    "33":0.7687614399023794,
    "34":0.8053691275167786,
    "35":0.8907870652837095,
    "36":0.9273947528981086,
    "37":0.6711409395973155,
    "38":0.6711409395973155,
    "39":0.8541793776693106,
    "40":0.8175716900549116,
    "41":0.6833435021354485,
    "42":0.5491153142159854,
    "43":0.7077486272117145,
    "44":0.4881025015253203,
    "45":0.8541793776693106,
    "46":0.6101281269066504,
    "47":0.6955460646735814,
    "48":0.6345332519829164,
    "49":0.5491153142159854,
    "50":0.5491153142159854,
    "51":0.5003050640634533,
    "52":0.6223306894447834,
    "53":0.5247101891397193,
    "54":0.2806589383770592,
    "55":0.41488712629652225,
    "56":0.45149481391092133,
    "57":0.45149481391092133,
    "58":0.2806589383770592,
    "59":0.32946918852959123,
    "60":0.32946918852959123,
    "61":0.32946918852959123,
    "62":0.24405125076266015,
    "63":0.37827943868212327,
    "64":0.2684563758389262,
    "65":0.36607687614399026,
    "66":0.5125076266015863,
    "67":0.3904820012202563,
    "68":0.32946918852959123,
    "69":0.36607687614399026,
    "70":0.21964612568639413,
    "71":0.2806589383770592,
    "72":0.3050640634533252,
    "73":0.2928615009151922,
    "74":0.17083587553386212,
    "75":0.2928615009151922,
    "76":0.21964612568639413,
    "77":0.17083587553386212,
    "78":0.18303843807199513,
    "79":0.23184868822452714,
    "80":0.12202562538133008,
    "81":0.09762050030506407,
    "82":0.19524100061012814,
    "83":0.1586333129957291,
    "84":0.18303843807199513,
    "85":0.21964612568639413,
    "86":0.1342281879194631,
    "87":0.17083587553386212,
    "88":0.1464307504575961,
    "89":0.20744356314826112,
    "90":0.09762050030506407,
    "91":0.07321537522879805,
    "92":0.07321537522879805,
    "93":0.1464307504575961,
    "94":0.12202562538133008,
    "95":0.10982306284319707,
    "96":0.09762050030506407,
    "97":0.08541793776693106,
    "98":0.06101281269066504,
    "99":0.09762050030506407,
    "100":0.08541793776693106,
    "101":0.08541793776693106,
    "102":0.1342281879194631,
    "103":0.18303843807199513,
    "104":0.12202562538133008,
    "105":0.1586333129957291,
    "106":0.1586333129957291,
    "107":0.09762050030506407,
    "108":0.17083587553386212,
    "109":0.10982306284319707,
    "110":0.09762050030506407,
    "111":0.036607687614399025,
    "112":0.048810250152532035,
    "113":0.1342281879194631,
    "114":0.1342281879194631,
    "115":0.07321537522879805,
    "116":0.10982306284319707,
    "117":0.08541793776693106,
    "118":0.036607687614399025,
    "119":0.08541793776693106,
    "120":0.048810250152532035,
    "121":0.1342281879194631,
    "122":0.06101281269066504,
    "123":0.048810250152532035,
    "124":0.048810250152532035,
    "125":0.10982306284319707,
    "126":0.06101281269066504,
    "127":0.10982306284319707,
    "128":0.036607687614399025,
    "129":0.012202562538133009,
    "130":0.012202562538133009,
    "131":0.06101281269066504,
    "132":0.036607687614399025,
    "133":0.048810250152532035,
    "134":0.036607687614399025,
    "135":0.012202562538133009,
    "136":0.024405125076266018,
    "137":0.024405125076266018,
    "138":0.012202562538133009,
    "139":0.012202562538133009,
    "140":0.036607687614399025,
    "141":0.024405125076266018,
    "142":0.036607687614399025,
    "143":0.036607687614399025,
    "144":0.048810250152532035,
    "145":0.06101281269066504,
    "146":0.024405125076266018,
    "147":0.024405125076266018,
    "148":0.048810250152532035,
    "149":0.024405125076266018,
    "150":0.06101281269066504,
    "151":0.024405125076266018,
    "152":0.024405125076266018,
    "153":0.06101281269066504,
    "154":0.048810250152532035,
    "155":0.012202562538133009,
    "156":0.048810250152532035,
    "157":0.036607687614399025,
    "158":0.024405125076266018,
    "159":0.036607687614399025,
    "160":0.024405125076266018,
    "161":0.0,
    "162":0.048810250152532035,
    "163":0.024405125076266018,
    "164":0.012202562538133009,
    "165":0.024405125076266018,
    "166":0.06101281269066504,
    "167":0.036607687614399025,
    "168":0.024405125076266018,
    "169":0.0,
    "170":0.048810250152532035,
    "171":0.012202562538133009,
    "172":0.012202562538133009,
    "173":0.012202562538133009,
    "174":0.012202562538133009,
    "175":0.012202562538133009,
    "176":0.0,
    "177":0.0,
    "178":0.036607687614399025,
    "179":0.036607687614399025,
    "180":0.036607687614399025,
    "181":0.012202562538133009,
    "182":0.024405125076266018,
    "183":0.012202562538133009,
    "184":0.012202562538133009,
    "185":0.012202562538133009,
    "186":0.0,
    "187":0.012202562538133009,
    "188":0.0,
    "189":0.024405125076266018,
    "190":0.024405125076266018,
    "191":0.024405125076266018,
    "192":0.024405125076266018,
    "193":0.012202562538133009,
    "194":0.012202562538133009,
    "195":0.024405125076266018,
    "196":0.012202562538133009,
    "197":0.012202562538133009,
    "198":0.024405125076266018,
    "199":0.036607687614399025,
    "200":0.024405125076266018,
    "201":0.036607687614399025,
    "202":0.012202562538133009,
    "203":0.012202562538133009,
    "204":0.0,
    "205":0.012202562538133009,
    "206":0.07321537522879805,
    "207":0.0,
    "208":0.0,
    "209":0.0,
    "210":0.0,
    "211":0.0,
    "212":0.0,
    "213":0.0,
    "214":0.0,
    "215":0.0
}