{
    "0":6.241045845272207,
    "1":0.9222779369627507,
    "2":2.677292263610315,
    "3":4.208452722063037,
    "4":4.7546561604584525,
    "5":4.127865329512894,
    "6":2.8832378223495705,
    "7":2.8742836676217767,
    "8":2.444484240687679,
    "9":2.829512893982808,
    "10":2.560888252148997,
    "11":2.919054441260745,
    "12":2.748925501432665,
    "13":2.6862464183381087,
    "14":2.596704871060172,
    "15":2.6414756446991405,
    "16":2.3818051575931234,
    "17":2.3728510028653296,
    "18":2.095272206303725,
    "19":1.8535100286532953,
    "20":1.763968481375358,
    "21":1.9699140401146131,
    "22":1.558022922636103,
    "23":1.4684813753581663,
    "24":1.4684813753581663,
    "25":1.387893982808023,
    "26":1.3341690544412608,
    "27":1.0744985673352434,
    "28":1.0386819484240688,
    "29":0.9133237822349571,
    "30":1.0565902578796562,
    "31":1.002865329512894,
    "32":0.9580945558739254,
    "33":0.9133237822349571,
    "34":0.7252865329512894,
    "35":0.7431948424068768,
    "36":0.8058739255014327,
    "37":0.6894699140401146,
    "38":0.8954154727793696,
    "39":0.8416905444126075,
    "40":0.8327363896848138,
    "41":0.7611031518624642,
    "42":0.5820200573065902,
    "43":0.7611031518624642,
    "44":0.5282951289398281,
    "45":0.7252865329512894,
    "46":0.7431948424068768,
    "47":0.6715616045845272,
    "48":0.7879656160458453,
    "49":0.7342406876790831,
    "50":0.6178366762177651,
    "51":0.4924785100286533,
    "52":0.4477077363896848,
    "53":0.42979942693409745,
    "54":0.42084527220630374,
    "55":0.5103868194842407,
    "56":0.4745702005730659,
    "57":0.4835243553008596,
    "58":0.385028653295129,
    "59":0.3939828080229226,
    "60":0.36712034383954156,
    "61":0.36712034383954156,
    "62":0.4387535816618911,
    "63":0.34921203438395415,
    "64":0.3044412607449857,
    "65":0.2328080229226361,
    "66":0.3044412607449857,
    "67":0.1880372492836676,
    "68":0.2328080229226361,
    "69":0.2417621776504298,
    "70":0.17908309455587393,
    "71":0.17012893982808025,
    "72":0.205945558739255,
    "73":0.14326647564469913,
    "74":0.16117478510028654,
    "75":0.17012893982808025,
    "76":0.05372492836676218,
    "77":0.09849570200573066,
    "78":0.13431232091690543,
    "79":0.10744985673352436,
    "80":0.09849570200573066,
    "81":0.08058739255014327,
    "82":0.09849570200573066,
    "83":0.08954154727793696,
    "84":0.15222063037249284,
    "85":0.11640401146131805,
    "86":0.03581661891117478,
    "87":0.03581661891117478,
    "88":0.05372492836676218,
    "89":0.04477077363896848,
    "90":0.08954154727793696,
    "91":0.008954154727793696,
    "92":0.02686246418338109,
    "93":0.02686246418338109,
    "94":0.008954154727793696,
    "95":0.02686246418338109,
    "96":0.02686246418338109,
    "97":0.03581661891117478,
    "98":0.03581661891117478,
    "99":0.0,
    "100":0.008954154727793696,
    "101":0.03581661891117478,
    "102":0.008954154727793696,
    "103":0.008954154727793696,
    "104":0.01790830945558739,
    "105":0.01790830945558739,
    "106":0.04477077363896848,
    "107":0.01790830945558739,
    "108":0.008954154727793696,
    "109":0.06267908309455587,
    "110":0.01790830945558739,
    "111":0.01790830945558739,
    "112":0.02686246418338109,
    "113":0.008954154727793696,
    "114":0.0,
    "115":0.02686246418338109,
    "116":0.01790830945558739,
    "117":0.04477077363896848,
    "118":0.05372492836676218,
    "119":0.08058739255014327,
    "120":0.02686246418338109,
    "121":0.01790830945558739,
    "122":0.02686246418338109,
    "123":0.008954154727793696,
    "124":0.0,
    "125":0.0,
    "126":0.01790830945558739,
    "127":0.04477077363896848,
    "128":0.01790830945558739,
    "129":0.008954154727793696,
    "130":0.008954154727793696,
    "131":0.01790830945558739,
    "132":0.02686246418338109,
    "133":0.03581661891117478,
    "134":0.02686246418338109,
    "135":0.008954154727793696,
    "136":0.008954154727793696,
    "137":0.04477077363896848,
    "138":0.008954154727793696,
    "139":0.04477077363896848,
    "140":0.008954154727793696,
    "141":0.0,
    "142":0.008954154727793696,
    "143":0.008954154727793696,
    "144":0.008954154727793696,
    "145":0.008954154727793696,
    "146":0.008954154727793696,
    "147":0.02686246418338109,
    "148":0.0,
    "149":0.0,
    "150":0.01790830945558739,
    "151":0.01790830945558739,
    "152":0.0,
    "153":0.008954154727793696,
    "154":0.0,
    "155":0.0,
    "156":0.0,
    "157":0.01790830945558739,
    "158":0.01790830945558739,
    "159":0.008954154727793696,
    "160":0.008954154727793696,
    "161":0.008954154727793696,
    "162":0.008954154727793696,
    "163":0.01790830945558739,
    "164":0.008954154727793696,
    "165":0.0,
    "166":0.0,
    "167":0.008954154727793696,
    "168":0.008954154727793696,
    "169":0.0,
    "170":0.008954154727793696,
    "171":0.0,
    "172":0.0,
    "173":0.01790830945558739,
    "174":0.0,
    "175":0.0,
    "176":0.0,
    "177":0.0,
    "178":0.0,
    "179":0.0,
    "180":0.008954154727793696,
    "181":0.008954154727793696,
    "182":0.0,
    "183":0.0,
    "184":0.0,
    "185":0.0,
    "186":0.0,
    "187":0.0,
    "188":0.0,
    "189":0.0,
    "190":0.0,
    "191":0.0,
    "192":0.0,
    "193":0.0,
    "194":0.0,
    "195":0.0,
    "196":0.0,
    "197":0.0,
    "198":0.0,
    "199":0.0,
    "200":0.0,
    "201":0.0,
    "202":0.0,
    "203":0.0,
    "204":0.008954154727793696,
    "205":0.0,
    "206":0.0,
    "207":0.0,
    "208":0.0,
    "209":0.0,
    "210":0.0,
    "211":0.0,
    "212":0.0,
    "213":0.0,
    "214":0.0,
    "215":0.0,
    "216":0.0,
    "217":0.0,
    "218":0.0,
    "219":0.0,
    "220":0.0,
    "221":0.0,
    "222":0.0,
    "223":0.0,
    "224":0.0,
    "225":0.0,
    "226":0.0,
    "227":0.0,
    "228":0.0,
    "229":0.0,
    "230":0.0,
    "231":0.0,
    "232":0.0,
    "233":0.0,
    "234":0.0,
    "235":0.0,
    "236":0.0,
    "237":0.0,
    "238":0.0,
    "239":0.0,
    "240":0.0,
    "241":0.0,
    "242":0.0,
    "243":0.0,
    "244":0.008954154727793696,
    "245":0.0,
    "246":0.0,
    "247":0.0,
    "248":0.0,
    "249":0.008954154727793696,
    "250":0.0,
    "251":0.0,
    "252":0.0,
    "253":0.0,
    "254":0.0,
    "255":0.0,
    "256":0.0,
    "257":0.0,
    "258":0.0
}