{
    "0":4.737844777602915,
    "1":1.6897208647395012,
    "2":2.5842789696015904,
    "3":2.0541704630166486,
    "4":2.7747867141555536,
    "5":3.0398409674480242,
    "6":3.280046384494326,
    "7":3.4457052928021206,
    "8":3.9923796902178412,
    "9":4.141472707694857,
    "10":2.998426240371076,
    "11":2.998426240371076,
    "12":3.0978215853557525,
    "13":2.3772053342168475,
    "14":2.749937877909385,
    "15":2.8162014412325025,
    "16":2.3854882796322374,
    "17":1.871945663878075,
    "18":2.4683177337861344,
    "19":2.418620061293796,
    "20":2.2529611529860016,
    "21":2.3523564979706784,
    "22":2.095585190093597,
    "23":1.8885115547088545,
    "24":2.0127557359397,
    "25":1.9464921726165825,
    "26":1.7477014826472292,
    "27":1.8636627184626855,
    "28":1.6317402468317734,
    "29":1.2838565393854056,
    "30":1.6648720284933323,
    "31":1.2507247577238467,
    "32":1.209310030646898,
    "33":1.2590077031392362,
    "34":0.9691046136005963,
    "35":0.836577486954361,
    "36":0.9939534498467656,
    "37":0.9608216681852068,
    "38":0.8531433777851405,
    "39":0.5549573428311108,
    "40":0.5135426157541622,
    "41":0.6129379607388387,
    "42":0.5798061790772799,
    "43":0.6957674148927359,
    "44":0.5549573428311108,
    "45":0.5880891244926696,
    "46":0.5218255611695519,
    "47":0.4721278886772136,
    "48":0.4058643253540959,
    "49":0.36444959827714735,
    "50":0.4721278886772136,
    "51":0.2816201441232502,
    "52":0.30646898036941933,
    "53":0.34788370744636793,
    "54":0.31475192578480904,
    "55":0.36444959827714735,
    "56":0.3975813799387062,
    "57":0.2567713078770811,
    "58":0.2816201441232502,
    "59":0.2981860349540297,
    "60":0.2402054170463017,
    "61":0.1242441812308457,
    "62":0.2402054170463017,
    "63":0.2484883624616914,
    "64":0.0662635633231177,
    "65":0.05798061790772799,
    "66":0.09111239956928684,
    "67":0.04969767249233827,
    "68":0.0662635633231177,
    "69":0.03313178166155885,
    "70":0.08282945415389713,
    "71":0.05798061790772799,
    "72":0.08282945415389713,
    "73":0.08282945415389713,
    "74":0.05798061790772799,
    "75":0.03313178166155885,
    "76":0.041414727076948564,
    "77":0.0662635633231177,
    "78":0.0662635633231177,
    "79":0.0662635633231177,
    "80":0.10767829040006627,
    "81":0.08282945415389713,
    "82":0.024848836246169136,
    "83":0.0662635633231177,
    "84":0.04969767249233827,
    "85":0.041414727076948564,
    "86":0.04969767249233827,
    "87":0.05798061790772799,
    "88":0.03313178166155885,
    "89":0.09111239956928684,
    "90":0.03313178166155885,
    "91":0.04969767249233827,
    "92":0.05798061790772799,
    "93":0.041414727076948564,
    "94":0.0662635633231177,
    "95":0.041414727076948564,
    "96":0.0662635633231177,
    "97":0.03313178166155885,
    "98":0.03313178166155885,
    "99":0.024848836246169136,
    "100":0.016565890830779424,
    "101":0.0,
    "102":0.016565890830779424,
    "103":0.0,
    "104":0.008282945415389712,
    "105":0.016565890830779424,
    "106":0.016565890830779424,
    "107":0.008282945415389712,
    "108":0.016565890830779424,
    "109":0.016565890830779424,
    "110":0.0,
    "111":0.016565890830779424,
    "112":0.008282945415389712,
    "113":0.024848836246169136,
    "114":0.016565890830779424,
    "115":0.03313178166155885,
    "116":0.008282945415389712,
    "117":0.016565890830779424,
    "118":0.04969767249233827,
    "119":0.016565890830779424,
    "120":0.016565890830779424,
    "121":0.0,
    "122":0.016565890830779424,
    "123":0.008282945415389712,
    "124":0.0,
    "125":0.008282945415389712,
    "126":0.008282945415389712,
    "127":0.0,
    "128":0.016565890830779424,
    "129":0.016565890830779424,
    "130":0.0,
    "131":0.0,
    "132":0.016565890830779424,
    "133":0.008282945415389712,
    "134":0.008282945415389712,
    "135":0.0,
    "136":0.0,
    "137":0.0,
    "138":0.0,
    "139":0.0,
    "140":0.0,
    "141":0.008282945415389712,
    "142":0.008282945415389712,
    "143":0.0,
    "144":0.0,
    "145":0.008282945415389712,
    "146":0.024848836246169136,
    "147":0.008282945415389712,
    "148":0.008282945415389712,
    "149":0.0,
    "150":0.008282945415389712,
    "151":0.0,
    "152":0.0,
    "153":0.0,
    "154":0.0,
    "155":0.0,
    "156":0.0,
    "157":0.0,
    "158":0.0,
    "159":0.008282945415389712,
    "160":0.008282945415389712,
    "161":0.016565890830779424,
    "162":0.008282945415389712,
    "163":0.008282945415389712,
    "164":0.0,
    "165":0.008282945415389712,
    "166":0.0,
    "167":0.008282945415389712,
    "168":0.016565890830779424,
    "169":0.008282945415389712,
    "170":0.016565890830779424,
    "171":0.0,
    "172":0.0,
    "173":0.008282945415389712,
    "174":0.0,
    "175":0.016565890830779424,
    "176":0.0,
    "177":0.008282945415389712,
    "178":0.016565890830779424,
    "179":0.0,
    "180":0.0,
    "181":0.008282945415389712,
    "182":0.008282945415389712,
    "183":0.016565890830779424,
    "184":0.008282945415389712,
    "185":0.024848836246169136,
    "186":0.0,
    "187":0.008282945415389712,
    "188":0.008282945415389712,
    "189":0.024848836246169136,
    "190":0.0,
    "191":0.008282945415389712,
    "192":0.0,
    "193":0.0,
    "194":0.008282945415389712,
    "195":0.008282945415389712,
    "196":0.008282945415389712,
    "197":0.0,
    "198":0.0,
    "199":0.008282945415389712,
    "200":0.008282945415389712,
    "201":0.016565890830779424,
    "202":0.0,
    "203":0.008282945415389712,
    "204":0.0,
    "205":0.016565890830779424,
    "206":0.008282945415389712,
    "207":0.0,
    "208":0.0,
    "209":0.008282945415389712,
    "210":0.0,
    "211":0.0,
    "212":0.03313178166155885,
    "213":0.0,
    "214":0.0,
    "215":0.0,
    "216":0.0,
    "217":0.0,
    "218":0.0,
    "219":0.0,
    "220":0.0,
    "221":0.0
}