{
    "0":[
        [
            -1.4617975768725047,
            -48.46909161812404
        ]
    ],
    "1":[
        [
            -1.4548805227569943,
            -48.46688477855462
        ]
    ],
    "2":[
        [
            -1.4569368122063775,
            -48.46899961979019
        ]
    ],
    "3":[
        [
            -1.467151123041279,
            -48.47132347663063
        ]
    ],
    "4":[
        [
            -1.4626457954177905,
            -48.47050454293401
        ]
    ],
    "5":[
        [
            -1.4621886979883083,
            -48.46918875269927
        ]
    ],
    "6":[
        [
            -1.4543055337092632,
            -48.47143567274657
        ]
    ],
    "7":[
        [
            -1.4606875060717892,
            -48.46712665174687
        ]
    ],
    "8":[
        [
            -1.458967865198679,
            -48.46172870642829
        ]
    ],
    "9":[
        [
            -1.4583956631435921,
            -48.46348393218275
        ]
    ],
    "total_length":7648.889408757322,
    "work_total":299614.3964805285
}