{
    "0":[
        [
            -1.462039214532925,
            -48.47641758917504
        ]
    ],
    "1":[
        [
            -1.4607178424886895,
            -48.473509961475855
        ]
    ],
    "2":[
        [
            -1.456770951871812,
            -48.46853150500681
        ]
    ],
    "3":[
        [
            -1.4705248382404028,
            -48.46585981539186
        ]
    ],
    "4":[
        [
            -1.4548492646059235,
            -48.47887779776494
        ]
    ],
    "5":[
        [
            -1.474547838679201,
            -48.47167709676831
        ]
    ],
    "6":[
        [
            -1.4681217497220769,
            -48.470481023716644
        ]
    ],
    "7":[
        [
            -1.4591127483162791,
            -48.47642818621767
        ]
    ],
    "8":[
        [
            -1.4651604840878434,
            -48.4697829669554
        ]
    ],
    "9":[
        [
            -1.4603257390882787,
            -48.46890662584983
        ]
    ],
    "tempo_closest":57.83534622192383,
    "tempo_further":60.80412173271179,
    "tempo_nearest":16.247061729431152,
    "work_total_closest":294349.78313925257,
    "work_total_nearest":451859.9561206163
}