{
    "0":2.263347090933298,
    "1":2.4164558647317267,
    "2":4.899480761549727,
    "3":4.034083344428172,
    "4":4.120623086140328,
    "5":4.1139661829317005,
    "6":2.9090667021701506,
    "7":3.201970443349754,
    "8":3.3883637331913192,
    "9":3.2685394754360266,
    "10":2.7958993476234855,
    "11":3.221941152975636,
    "12":3.3217947011050457,
    "13":3.1819997337238717,
    "14":3.275196378644654,
    "15":2.5695646385301556,
    "16":2.6161629609905472,
    "17":2.2500332845160433,
    "18":2.2966316069764345,
    "19":2.0569830914658502,
    "20":1.9837571561709493,
    "21":1.8905605112501662,
    "22":1.6575688989482091,
    "23":1.3713220609772334,
    "24":1.30475302889096,
    "25":1.1183597390493942,
    "26":1.1982425775529224,
    "27":1.2581547064305685,
    "28":1.0850752230062575,
    "29":0.7988283850352816,
    "30":0.7722007722007722,
    "31":0.6856610304886167,
    "32":0.7988283850352816,
    "33":0.519238450272933,
    "34":0.5924643855678339,
    "35":0.4193849021435228,
    "36":0.45932632139528695,
    "37":0.6257489016109705,
    "38":0.5325522566901877,
    "39":0.5591798695246971,
    "40":0.5525229663160698,
    "41":0.3861003861003861,
    "42":0.5458660631074425,
    "43":0.43935561176940485,
    "44":0.3794434828917588,
    "45":0.3927572893090135,
    "46":0.5258953534815604,
    "47":0.4326987085607775,
    "48":0.346158966848622,
    "49":0.4060710957262682,
    "50":0.3927572893090135,
    "51":0.2862468379709759,
    "52":0.27293303155372123,
    "53":0.47264012781254156,
    "54":0.35281587005724935,
    "55":0.31953135401411265,
    "56":0.3727865796831314,
    "57":0.3395020636399947,
    "58":0.3727865796831314,
    "59":0.31953135401411265,
    "60":0.4127279989348954,
    "61":0.4193849021435228,
    "62":0.3727865796831314,
    "63":0.3395020636399947,
    "64":0.31953135401411265,
    "65":0.35947277326587673,
    "66":0.3395020636399947,
    "67":0.19305019305019305,
    "68":0.2529623219278392,
    "69":0.21967780588470243,
    "70":0.33284516043136736,
    "71":0.2130209026760751,
    "72":0.23964851551058447,
    "73":0.16642258021568368,
    "74":0.2063639994674477,
    "75":0.2063639994674477,
    "76":0.21967780588470243,
    "77":0.19305019305019305,
    "78":0.2263347090933298,
    "79":0.1464518705898016,
    "80":0.15310877379842897,
    "81":0.1264811609639196,
    "82":0.15976567700705632,
    "83":0.173079483424311,
    "84":0.1264811609639196,
    "85":0.11982425775529223,
    "86":0.0732259352949008,
    "87":0.10651045133803755,
    "88":0.01997070962588204,
    "89":0.13313806417254692,
    "90":0.0998535481294102,
    "91":0.11982425775529223,
    "92":0.13313806417254692,
    "93":0.0865397417121555,
    "94":0.1131673545466649,
    "95":0.05991212887764612,
    "96":0.06656903208627346,
    "97":0.06656903208627346,
    "98":0.03328451604313673,
    "99":0.046598322460391424,
    "100":0.03328451604313673,
    "101":0.053255225669018774,
    "102":0.06656903208627346,
    "103":0.01997070962588204,
    "104":0.046598322460391424,
    "105":0.05991212887764612,
    "106":0.053255225669018774,
    "107":0.026627612834509387,
    "108":0.01997070962588204,
    "109":0.03994141925176408,
    "110":0.026627612834509387,
    "111":0.03994141925176408,
    "112":0.053255225669018774,
    "113":0.03328451604313673,
    "114":0.06656903208627346,
    "115":0.013313806417254694,
    "116":0.05991212887764612,
    "117":0.0865397417121555,
    "118":0.05991212887764612,
    "119":0.06656903208627346,
    "120":0.03994141925176408,
    "121":0.03328451604313673,
    "122":0.03994141925176408,
    "123":0.013313806417254694,
    "124":0.03328451604313673,
    "125":0.03328451604313673,
    "126":0.05991212887764612,
    "127":0.03994141925176408,
    "128":0.03994141925176408,
    "129":0.046598322460391424,
    "130":0.026627612834509387,
    "131":0.06656903208627346,
    "132":0.0998535481294102,
    "133":0.05991212887764612,
    "134":0.03994141925176408,
    "135":0.05991212887764612,
    "136":0.03328451604313673,
    "137":0.0732259352949008,
    "138":0.053255225669018774,
    "139":0.03994141925176408,
    "140":0.03994141925176408,
    "141":0.026627612834509387,
    "142":0.053255225669018774,
    "143":0.026627612834509387,
    "144":0.01997070962588204,
    "145":0.03994141925176408,
    "146":0.026627612834509387,
    "147":0.05991212887764612,
    "148":0.05991212887764612,
    "149":0.05991212887764612,
    "150":0.046598322460391424,
    "151":0.013313806417254694,
    "152":0.03328451604313673,
    "153":0.026627612834509387,
    "154":0.03994141925176408,
    "155":0.03994141925176408,
    "156":0.046598322460391424,
    "157":0.006656903208627347,
    "158":0.03328451604313673,
    "159":0.03994141925176408,
    "160":0.006656903208627347,
    "161":0.013313806417254694,
    "162":0.006656903208627347,
    "163":0.01997070962588204,
    "164":0.006656903208627347,
    "165":0.006656903208627347,
    "166":0.013313806417254694,
    "167":0.006656903208627347,
    "168":0.0,
    "169":0.01997070962588204,
    "170":0.026627612834509387,
    "171":0.0,
    "172":0.0,
    "173":0.0,
    "174":0.026627612834509387,
    "175":0.006656903208627347,
    "176":0.01997070962588204,
    "177":0.006656903208627347,
    "178":0.006656903208627347,
    "179":0.01997070962588204,
    "180":0.006656903208627347,
    "181":0.006656903208627347,
    "182":0.0,
    "183":0.006656903208627347,
    "184":0.013313806417254694,
    "185":0.006656903208627347,
    "186":0.006656903208627347,
    "187":0.0,
    "188":0.0,
    "189":0.0,
    "190":0.0,
    "191":0.0,
    "192":0.0,
    "193":0.0,
    "194":0.0,
    "195":0.0,
    "196":0.0,
    "197":0.0,
    "198":0.0,
    "199":0.0,
    "200":0.0,
    "201":0.0,
    "202":0.0,
    "203":0.0,
    "204":0.0,
    "205":0.0,
    "206":0.0,
    "207":0.0,
    "208":0.0,
    "209":0.0,
    "210":0.006656903208627347,
    "211":0.0,
    "212":0.0,
    "213":0.0,
    "214":0.0,
    "215":0.0,
    "216":0.0,
    "217":0.0,
    "218":0.0
}