{
    "0":5.44541010320478,
    "1":0.29875067897881585,
    "2":0.9505703422053232,
    "3":2.9603476371537205,
    "4":3.639326453014666,
    "5":3.326996197718631,
    "6":2.1863117870722433,
    "7":2.444323737099402,
    "8":2.390005431830527,
    "9":1.7517653449212385,
    "10":2.0640956002172732,
    "11":2.131993481803368,
    "12":2.376425855513308,
    "13":2.5801195002715915,
    "14":1.670287887017925,
    "15":1.8060836501901139,
    "16":1.9147202607278653,
    "17":1.5073329712112982,
    "18":1.7110266159695817,
    "19":1.4258555133079849,
    "20":1.6567083107007063,
    "21":1.6295491580662684,
    "22":1.6974470396523629,
    "23":1.520912547528517,
    "24":1.520912547528517,
    "25":1.4801738185768603,
    "26":1.548071700162955,
    "27":1.4258555133079849,
    "28":1.3172189027702337,
    "29":1.0863661053775122,
    "30":1.0184682237914178,
    "31":0.9777294948397609,
    "32":1.2357414448669202,
    "33":1.3172189027702337,
    "34":1.0320478001086366,
    "35":1.0320478001086366,
    "36":1.0727865290602934,
    "37":1.0320478001086366,
    "38":0.8147745790331342,
    "39":1.004888647474199,
    "40":0.8419337316675719,
    "41":0.7876154263986964,
    "42":0.9234111895708854,
    "43":0.6653992395437262,
    "44":0.7197175448126019,
    "45":0.7468766974470397,
    "46":0.6382400869092885,
    "47":0.5431830526887561,
    "48":0.6110809342748506,
    "49":0.7468766974470397,
    "50":0.6518196632265073,
    "51":0.7332971211298208,
    "52":0.6246605105920695,
    "53":0.6925583921781641,
    "54":0.7061379684953829,
    "55":0.5296034763715372,
    "56":0.5160239000543183,
    "57":0.7197175448126019,
    "58":0.5431830526887561,
    "59":0.5975013579576317,
    "60":0.6110809342748506,
    "61":0.7876154263986964,
    "62":0.35306898424769145,
    "63":0.6789788158609452,
    "64":0.5567626290059751,
    "65":0.35306898424769145,
    "66":0.4073872895165671,
    "67":0.43454644215100485,
    "68":0.4617055947854427,
    "69":0.3394894079304726,
    "70":0.5024443237370995,
    "71":0.3394894079304726,
    "72":0.4481260184682238,
    "73":0.28517110266159695,
    "74":0.27159152634437805,
    "75":0.42096686583378595,
    "76":0.29875067897881585,
    "77":0.28517110266159695,
    "78":0.35306898424769145,
    "79":0.24443237370994023,
    "80":0.20369364475828355,
    "81":0.21727322107550243,
    "82":0.28517110266159695,
    "83":0.23085279739272135,
    "84":0.09505703422053231,
    "85":0.24443237370994023,
    "86":0.16295491580662683,
    "87":0.20369364475828355,
    "88":0.16295491580662683,
    "89":0.17653449212384573,
    "90":0.21727322107550243,
    "91":0.25801195002715915,
    "92":0.14937533948940793,
    "93":0.27159152634437805,
    "94":0.29875067897881585,
    "95":0.14937533948940793,
    "96":0.20369364475828355,
    "97":0.12221618685497011,
    "98":0.19011406844106463,
    "99":0.14937533948940793,
    "100":0.17653449212384573,
    "101":0.10863661053775121,
    "102":0.08147745790331341,
    "103":0.12221618685497011,
    "104":0.17653449212384573,
    "105":0.14937533948940793,
    "106":0.14937533948940793,
    "107":0.06789788158609451,
    "108":0.20369364475828355,
    "109":0.08147745790331341,
    "110":0.09505703422053231,
    "111":0.14937533948940793,
    "112":0.13579576317218903,
    "113":0.09505703422053231,
    "114":0.12221618685497011,
    "115":0.10863661053775121,
    "116":0.13579576317218903,
    "117":0.04073872895165671,
    "118":0.04073872895165671,
    "119":0.05431830526887561,
    "120":0.04073872895165671,
    "121":0.08147745790331341,
    "122":0.04073872895165671,
    "123":0.027159152634437803,
    "124":0.06789788158609451,
    "125":0.05431830526887561,
    "126":0.05431830526887561,
    "127":0.027159152634437803,
    "128":0.027159152634437803,
    "129":0.04073872895165671,
    "130":0.04073872895165671,
    "131":0.013579576317218902,
    "132":0.027159152634437803,
    "133":0.05431830526887561,
    "134":0.08147745790331341,
    "135":0.013579576317218902,
    "136":0.05431830526887561,
    "137":0.0,
    "138":0.05431830526887561,
    "139":0.027159152634437803,
    "140":0.06789788158609451,
    "141":0.04073872895165671,
    "142":0.027159152634437803,
    "143":0.04073872895165671,
    "144":0.013579576317218902,
    "145":0.0,
    "146":0.013579576317218902,
    "147":0.04073872895165671,
    "148":0.027159152634437803,
    "149":0.027159152634437803,
    "150":0.04073872895165671,
    "151":0.027159152634437803,
    "152":0.013579576317218902,
    "153":0.10863661053775121,
    "154":0.013579576317218902,
    "155":0.0,
    "156":0.027159152634437803,
    "157":0.027159152634437803,
    "158":0.0,
    "159":0.0,
    "160":0.0,
    "161":0.0,
    "162":0.013579576317218902,
    "163":0.027159152634437803,
    "164":0.027159152634437803,
    "165":0.013579576317218902,
    "166":0.027159152634437803,
    "167":0.013579576317218902,
    "168":0.013579576317218902,
    "169":0.027159152634437803,
    "170":0.013579576317218902,
    "171":0.013579576317218902,
    "172":0.0,
    "173":0.013579576317218902,
    "174":0.013579576317218902,
    "175":0.013579576317218902,
    "176":0.013579576317218902,
    "177":0.0,
    "178":0.0,
    "179":0.0,
    "180":0.013579576317218902,
    "181":0.0,
    "182":0.0,
    "183":0.013579576317218902,
    "184":0.027159152634437803,
    "185":0.05431830526887561,
    "186":0.0,
    "187":0.0,
    "188":0.0,
    "189":0.0,
    "190":0.0,
    "191":0.0,
    "192":0.0,
    "193":0.0,
    "194":0.0
}