{
    "0":[
        [
            -1.4657589922911427,
            -48.471544502413956
        ]
    ],
    "1":[
        [
            -1.463702703108633,
            -48.46543563194812
        ]
    ],
    "2":[
        [
            -1.455862621651389,
            -48.47374007046897
        ]
    ],
    "3":[
        [
            -1.456525107736336,
            -48.4671039307341
        ]
    ],
    "4":[
        [
            -1.46059505095082,
            -48.47123582048551
        ]
    ],
    "5":[
        [
            -1.4684045322845922,
            -48.47350121617407
        ]
    ],
    "6":[
        [
            -1.4664082285699742,
            -48.47438027059323
        ]
    ],
    "7":[
        [
            -1.4571527352562144,
            -48.46748868098526
        ]
    ],
    "8":[
        [
            -1.4559552732421337,
            -48.46621863965284
        ]
    ],
    "9":[
        [
            -1.454379426510272,
            -48.46589969468405
        ]
    ],
    "total_length":7737.612128203755,
    "work_total":341480.5806782506
}