{
    "0":0.7435412728418399,
    "1":1.1090107120352866,
    "2":1.865154379332073,
    "3":4.2470069313169505,
    "4":6.137366099558916,
    "5":6.187775677378702,
    "6":5.318210459987398,
    "7":3.251417769376182,
    "8":2.0163831127914302,
    "9":1.6887208569628231,
    "10":1.8021424070573409,
    "11":2.117202268431002,
    "12":2.243226212980466,
    "13":1.9407687460617515,
    "14":2.1676118462507876,
    "15":2.40705734089477,
    "16":2.3944549464398235,
    "17":2.1676118462507876,
    "18":2.0919974795211087,
    "19":2.293635790800252,
    "20":2.318840579710145,
    "21":2.4448645242596094,
    "22":2.40705734089477,
    "23":1.9911783238815377,
    "24":2.2054190296156273,
    "25":2.003780718336484,
    "26":1.6005040957781977,
    "27":1.6005040957781977,
    "28":1.3358538122243226,
    "29":1.3106490233144297,
    "30":1.3106490233144297,
    "31":1.172022684310019,
    "32":1.1342155009451798,
    "33":0.9577819785759294,
    "34":0.8695652173913043,
    "35":0.8695652173913043,
    "36":0.8191556395715185,
    "37":0.8191556395715185,
    "38":0.5545053560176433,
    "39":0.7435412728418399,
    "40":0.4536862003780718,
    "41":0.4536862003780718,
    "42":0.6175173282923756,
    "43":0.5923125393824826,
    "44":0.5923125393824826,
    "45":0.6427221172022685,
    "46":0.4410838059231254,
    "47":0.5545053560176433,
    "48":0.516698172652804,
    "49":0.36546943919344677,
    "50":0.40327662255828606,
    "51":0.516698172652804,
    "52":0.40327662255828606,
    "53":0.46628859483301827,
    "54":0.3276622558286074,
    "55":0.3528670447385003,
    "56":0.3780718336483932,
    "57":0.36546943919344677,
    "58":0.3906742281033397,
    "59":0.428481411468179,
    "60":0.20163831127914303,
    "61":0.3528670447385003,
    "62":0.36546943919344677,
    "63":0.428481411468179,
    "64":0.30245746691871456,
    "65":0.428481411468179,
    "66":0.27725267800882164,
    "67":0.3402646502835539,
    "68":0.2520478890989288,
    "69":0.315059861373661,
    "70":0.2898550724637681,
    "71":0.3402646502835539,
    "72":0.17643352236925014,
    "73":0.2142407057340895,
    "74":0.20163831127914303,
    "75":0.17643352236925014,
    "76":0.13862633900441082,
    "77":0.1638311279143037,
    "78":0.15122873345935728,
    "79":0.1260239445494644,
    "80":0.08821676118462507,
    "81":0.1638311279143037,
    "82":0.13862633900441082,
    "83":0.11342155009451795,
    "84":0.13862633900441082,
    "85":0.13862633900441082,
    "86":0.10081915563957151,
    "87":0.11342155009451795,
    "88":0.08821676118462507,
    "89":0.10081915563957151,
    "90":0.1260239445494644,
    "91":0.08821676118462507,
    "92":0.1260239445494644,
    "93":0.10081915563957151,
    "94":0.07561436672967864,
    "95":0.05040957781978576,
    "96":0.02520478890989288,
    "97":0.0630119722747322,
    "98":0.05040957781978576,
    "99":0.05040957781978576,
    "100":0.01260239445494644,
    "101":0.01260239445494644,
    "102":0.0,
    "103":0.0,
    "104":0.0,
    "105":0.02520478890989288,
    "106":0.0,
    "107":0.02520478890989288,
    "108":0.05040957781978576,
    "109":0.02520478890989288,
    "110":0.0,
    "111":0.0,
    "112":0.05040957781978576,
    "113":0.02520478890989288,
    "114":0.01260239445494644,
    "115":0.01260239445494644,
    "116":0.03780718336483932,
    "117":0.01260239445494644,
    "118":0.01260239445494644,
    "119":0.0,
    "120":0.0,
    "121":0.02520478890989288,
    "122":0.0,
    "123":0.01260239445494644,
    "124":0.01260239445494644,
    "125":0.0,
    "126":0.02520478890989288,
    "127":0.01260239445494644,
    "128":0.0,
    "129":0.02520478890989288,
    "130":0.02520478890989288,
    "131":0.02520478890989288,
    "132":0.02520478890989288,
    "133":0.01260239445494644,
    "134":0.01260239445494644,
    "135":0.0,
    "136":0.01260239445494644,
    "137":0.0,
    "138":0.0,
    "139":0.0,
    "140":0.01260239445494644,
    "141":0.01260239445494644,
    "142":0.0,
    "143":0.01260239445494644,
    "144":0.01260239445494644,
    "145":0.01260239445494644,
    "146":0.01260239445494644,
    "147":0.0,
    "148":0.0,
    "149":0.01260239445494644,
    "150":0.03780718336483932,
    "151":0.0,
    "152":0.01260239445494644,
    "153":0.0,
    "154":0.02520478890989288,
    "155":0.0,
    "156":0.01260239445494644,
    "157":0.0,
    "158":0.02520478890989288,
    "159":0.03780718336483932,
    "160":0.01260239445494644,
    "161":0.02520478890989288,
    "162":0.02520478890989288,
    "163":0.05040957781978576,
    "164":0.0,
    "165":0.0,
    "166":0.0,
    "167":0.0,
    "168":0.0,
    "169":0.0,
    "170":0.0,
    "171":0.0
}