{
    "0":12.119381343644273,
    "1":1.3653939101014982,
    "2":1.6674722087965201,
    "3":1.9453842435959399,
    "4":0.7249879168680522,
    "5":0.8458192363460608,
    "6":0.4954084098598357,
    "7":0.6041565973900435,
    "8":0.7249879168680522,
    "9":0.6162397293378444,
    "10":1.5103914934751086,
    "11":1.5345577573707105,
    "12":1.8849685838569359,
    "13":1.6191396810053167,
    "14":1.679555340744321,
    "15":1.776220396326728,
    "16":2.042049299178347,
    "17":1.9937167713871435,
    "18":2.3682938617689704,
    "19":1.679555340744321,
    "20":1.4258095698405027,
    "21":1.5103914934751086,
    "22":1.7158047365877234,
    "23":1.8245529241179312,
    "24":1.5587240212663123,
    "25":1.2566457225712904,
    "26":1.3291445142580955,
    "27":1.5224746254229098,
    "28":1.4741420976317061,
    "29":1.1962300628322862,
    "30":1.3653939101014982,
    "31":1.3774770420492992,
    "32":1.2687288545190913,
    "33":1.1841469308844852,
    "34":0.9545674238762687,
    "35":1.0149830836152731,
    "36":1.0391493475108748,
    "37":1.0149830836152731,
    "38":0.8820686321894635,
    "39":1.099565007249879,
    "40":1.0149830836152731,
    "41":0.9787336877718704,
    "42":1.1599806669888835,
    "43":0.6766553890768487,
    "44":0.5920734654422426,
    "45":0.6162397293378444,
    "46":0.6766553890768487,
    "47":0.5074915418076366,
    "48":0.7129047849202513,
    "49":0.7129047849202513,
    "50":0.5799903334944417,
    "51":0.652489125181247,
    "52":0.6162397293378444,
    "53":0.6283228612856452,
    "54":0.7370710488158531,
    "55":0.5920734654422426,
    "56":0.7249879168680522,
    "57":0.7733204446592556,
    "58":0.6766553890768487,
    "59":0.7854035766070565,
    "60":0.8458192363460608,
    "61":0.7129047849202513,
    "62":0.4954084098598357,
    "63":0.5799903334944417,
    "64":0.6766553890768487,
    "65":0.47124214596423397,
    "66":0.3866602223296278,
    "67":0.3383276945384244,
    "68":0.4954084098598357,
    "69":0.459159014016433,
    "70":0.3987433542774287,
    "71":0.55582406959884,
    "72":0.4954084098598357,
    "73":0.43499275012083133,
    "74":0.4229096181730304,
    "75":0.37457709038182696,
    "76":0.4108264862252296,
    "77":0.35041082648622524,
    "78":0.3383276945384244,
    "79":0.35041082648622524,
    "80":0.459159014016433,
    "81":0.4108264862252296,
    "82":0.35041082648622524,
    "83":0.37457709038182696,
    "84":0.3866602223296278,
    "85":0.47124214596423397,
    "86":0.43499275012083133,
    "87":0.3987433542774287,
    "88":0.4229096181730304,
    "89":0.2537457709038183,
    "90":0.27791203479942,
    "91":0.35041082648622524,
    "92":0.37457709038182696,
    "93":0.30207829869502173,
    "94":0.2295795070082165,
    "95":0.3383276945384244,
    "96":0.3383276945384244,
    "97":0.18124697921701305,
    "98":0.21749637506041566,
    "99":0.2537457709038183,
    "100":0.21749637506041566,
    "101":0.2295795070082165,
    "102":0.21749637506041566,
    "103":0.3624939584340261,
    "104":0.18124697921701305,
    "105":0.1570807153214113,
    "106":0.10874818753020783,
    "107":0.1691638472692122,
    "108":0.0845819236346061,
    "109":0.10874818753020783,
    "110":0.04833252779120348,
    "111":0.09666505558240696,
    "112":0.10874818753020783,
    "113":0.10874818753020783,
    "114":0.09666505558240696,
    "115":0.09666505558240696,
    "116":0.09666505558240696,
    "117":0.06041565973900435,
    "118":0.07249879168680522,
    "119":0.03624939584340261,
    "120":0.04833252779120348,
    "121":0.06041565973900435,
    "122":0.07249879168680522,
    "123":0.02416626389560174,
    "124":0.01208313194780087,
    "125":0.02416626389560174,
    "126":0.03624939584340261,
    "127":0.03624939584340261,
    "128":0.02416626389560174,
    "129":0.07249879168680522,
    "130":0.06041565973900435,
    "131":0.0,
    "132":0.06041565973900435,
    "133":0.03624939584340261,
    "134":0.02416626389560174,
    "135":0.03624939584340261,
    "136":0.01208313194780087,
    "137":0.03624939584340261,
    "138":0.04833252779120348,
    "139":0.04833252779120348,
    "140":0.02416626389560174,
    "141":0.0,
    "142":0.02416626389560174,
    "143":0.01208313194780087,
    "144":0.02416626389560174,
    "145":0.0,
    "146":0.03624939584340261,
    "147":0.03624939584340261,
    "148":0.01208313194780087,
    "149":0.03624939584340261,
    "150":0.02416626389560174,
    "151":0.0,
    "152":0.01208313194780087,
    "153":0.01208313194780087,
    "154":0.03624939584340261,
    "155":0.0,
    "156":0.0,
    "157":0.03624939584340261,
    "158":0.01208313194780087,
    "159":0.04833252779120348,
    "160":0.01208313194780087,
    "161":0.02416626389560174,
    "162":0.0,
    "163":0.0,
    "164":0.02416626389560174,
    "165":0.0,
    "166":0.01208313194780087,
    "167":0.0,
    "168":0.0,
    "169":0.01208313194780087,
    "170":0.0,
    "171":0.0,
    "172":0.0,
    "173":0.0,
    "174":0.0,
    "175":0.0,
    "176":0.01208313194780087,
    "177":0.0,
    "178":0.0,
    "179":0.01208313194780087,
    "180":0.0,
    "181":0.0,
    "182":0.0,
    "183":0.0,
    "184":0.01208313194780087,
    "185":0.0,
    "186":0.0,
    "187":0.0,
    "188":0.01208313194780087,
    "189":0.0,
    "190":0.0,
    "191":0.0,
    "192":0.0,
    "193":0.0,
    "194":0.0,
    "195":0.0,
    "196":0.0,
    "197":0.0
}