{
    "0":[
        [
            -1.4567371250358008,
            -48.46851688453818
        ]
    ],
    "1":[
        [
            -1.4637677210287423,
            -48.469884482916406
        ]
    ],
    "2":[
        [
            -1.4517932933360445,
            -48.47027410213467
        ]
    ],
    "3":[
        [
            -1.4623988290142713,
            -48.48135130388291
        ]
    ],
    "4":[
        [
            -1.458897015042163,
            -48.46100322521791
        ]
    ],
    "5":[
        [
            -1.4562260210742324,
            -48.47415423187354
        ]
    ],
    "6":[
        [
            -1.4570932066492321,
            -48.46622421767633
        ]
    ],
    "7":[
        [
            -1.4608561257704897,
            -48.46705861595751
        ]
    ],
    "8":[
        [
            -1.4578908814460667,
            -48.47193658011004
        ]
    ],
    "9":[
        [
            -1.455058293311543,
            -48.47207421043331
        ]
    ],
    "path":[
        [
            300000000001,
            492643991,
            370205944,
            3761153425,
            300000000007
        ],
        [
            300000000007,
            3761153425,
            370205944,
            274384574,
            433168450,
            300000000009
        ],
        [
            300000000009,
            433168450,
            433168449,
            344729531,
            300000000006
        ],
        [
            300000000006,
            344704874,
            6404807821,
            6950883236,
            6950883237,
            6950883238,
            6950883239,
            3577572427,
            300000000003
        ],
        [
            300000000003,
            3577572427,
            6950883239,
            3975113581,
            7086816134,
            491424147,
            4421545962,
            491424156,
            4421545964,
            274384574,
            491465092,
            274384600,
            3975113585,
            433168468,
            445099674,
            492022166,
            300000000002
        ],
        [
            300000000002,
            492022167,
            492022165,
            433168470,
            491632067,
            300000000008
        ],
        [
            300000000008,
            491632068,
            6951424122,
            6951424124,
            6951424130,
            491630430,
            491630427,
            491630366,
            6528591862,
            491630406,
            6528591859,
            491630302,
            491630298,
            491630290,
            6989261107,
            6989261105,
            300000000005
        ],
        [
            300000000005,
            6989261105,
            6989261107,
            491630290,
            491630298,
            491630302,
            6528591859,
            491630406,
            6528591862,
            491630366,
            491630427,
            491630430,
            6951424130,
            6951424124,
            6951424122,
            491632068,
            491632067,
            433168470,
            433168468,
            433168453,
            2713455448,
            2714874398,
            2633538447,
            370759225,
            492021996,
            370759224,
            7910105755,
            433168472,
            3579345049,
            3975022863,
            3975022862,
            370759223,
            3604278295,
            3604278293,
            300000000004
        ],
        [
            300000000004,
            3604278293,
            3604276888,
            6949129689,
            6949129687,
            6949129688,
            3975022867,
            491465097,
            6950887230,
            6950883269,
            4421545969,
            492021920,
            370205956,
            3975113430,
            3975113424,
            433168441,
            344729531,
            433168449,
            300000000010
        ]
    ],
    "work_total":336936.0508252751
}