{
    "0":12.19485614646905,
    "1":1.5039232781168266,
    "2":3.912380122057541,
    "3":3.302092414995641,
    "4":0.6538796861377506,
    "5":1.6346992153443767,
    "6":1.558413251961639,
    "7":1.6673931996512643,
    "8":1.7545771578029643,
    "9":1.8308631211857016,
    "10":2.1360069747166524,
    "11":2.64821272885789,
    "12":3.095030514385353,
    "13":3.2149084568439408,
    "14":3.5091543156059286,
    "15":3.4001743679163035,
    "16":3.3892763731473408,
    "17":2.855274629468178,
    "18":2.811682650392328,
    "19":2.408456843940715,
    "20":2.5501307759372276,
    "21":2.070619006102877,
    "22":1.6891891891891893,
    "23":1.3404533565823888,
    "24":1.405841325196164,
    "25":1.2750653879686138,
    "26":1.0680034873583262,
    "27":1.427637314734089,
    "28":0.7955536181342633,
    "29":0.8827375762859633,
    "30":0.8609415867480383,
    "31":0.8282476024411508,
    "32":0.6756756756756757,
    "33":0.8173496076721883,
    "34":0.7846556233653008,
    "35":0.7955536181342633,
    "36":0.9699215344376635,
    "37":0.8609415867480383,
    "38":0.6647776809067132,
    "39":0.6865736704446382,
    "40":0.6102877070619006,
    "41":0.5448997384481256,
    "42":0.5884917175239756,
    "43":0.4795117698343505,
    "44":0.4795117698343505,
    "45":0.5775937227550131,
    "46":0.44681778552746293,
    "47":0.49040976460331304,
    "48":0.4795117698343505,
    "49":0.512205754141238,
    "50":0.4359197907585004,
    "51":0.2942458587619878,
    "52":0.2942458587619878,
    "53":0.2506538796861378,
    "54":0.23975588491717525,
    "55":0.2506538796861378,
    "56":0.2070619006102877,
    "57":0.14167393199651265,
    "58":0.2070619006102877,
    "59":0.26155187445510025,
    "60":0.15257192676547515,
    "61":0.18526591107236268,
    "62":0.17436791630340018,
    "63":0.2288578901482127,
    "64":0.14167393199651265,
    "65":0.06538796861377506,
    "66":0.1961639058413252,
    "67":0.1961639058413252,
    "68":0.2070619006102877,
    "69":0.18526591107236268,
    "70":0.1961639058413252,
    "71":0.2288578901482127,
    "72":0.2070619006102877,
    "73":0.2179598953792502,
    "74":0.18526591107236268,
    "75":0.15257192676547515,
    "76":0.2288578901482127,
    "77":0.16346992153443765,
    "78":0.14167393199651265,
    "79":0.1961639058413252,
    "80":0.1961639058413252,
    "81":0.16346992153443765,
    "82":0.11987794245858763,
    "83":0.15257192676547515,
    "84":0.17436791630340018,
    "85":0.16346992153443765,
    "86":0.05448997384481255,
    "87":0.1089799476896251,
    "88":0.11987794245858763,
    "89":0.06538796861377506,
    "90":0.07628596338273758,
    "91":0.1089799476896251,
    "92":0.08718395815170009,
    "93":0.0980819529206626,
    "94":0.08718395815170009,
    "95":0.13077593722755013,
    "96":0.05448997384481255,
    "97":0.0980819529206626,
    "98":0.14167393199651265,
    "99":0.03269398430688753,
    "100":0.0980819529206626,
    "101":0.07628596338273758,
    "102":0.08718395815170009,
    "103":0.08718395815170009,
    "104":0.05448997384481255,
    "105":0.043591979075850044,
    "106":0.08718395815170009,
    "107":0.08718395815170009,
    "108":0.07628596338273758,
    "109":0.13077593722755013,
    "110":0.0980819529206626,
    "111":0.08718395815170009,
    "112":0.1089799476896251,
    "113":0.08718395815170009,
    "114":0.0980819529206626,
    "115":0.16346992153443765,
    "116":0.14167393199651265,
    "117":0.1089799476896251,
    "118":0.08718395815170009,
    "119":0.1089799476896251,
    "120":0.08718395815170009,
    "121":0.15257192676547515,
    "122":0.07628596338273758,
    "123":0.07628596338273758,
    "124":0.1089799476896251,
    "125":0.07628596338273758,
    "126":0.07628596338273758,
    "127":0.13077593722755013,
    "128":0.11987794245858763,
    "129":0.11987794245858763,
    "130":0.16346992153443765,
    "131":0.08718395815170009,
    "132":0.05448997384481255,
    "133":0.1089799476896251,
    "134":0.13077593722755013,
    "135":0.021795989537925022,
    "136":0.010897994768962511,
    "137":0.010897994768962511,
    "138":0.010897994768962511,
    "139":0.010897994768962511,
    "140":0.021795989537925022,
    "141":0.021795989537925022,
    "142":0.021795989537925022,
    "143":0.010897994768962511,
    "144":0.021795989537925022,
    "145":0.043591979075850044,
    "146":0.010897994768962511,
    "147":0.010897994768962511,
    "148":0.010897994768962511,
    "149":0.021795989537925022,
    "150":0.010897994768962511,
    "151":0.0,
    "152":0.010897994768962511,
    "153":0.03269398430688753,
    "154":0.03269398430688753,
    "155":0.010897994768962511,
    "156":0.03269398430688753,
    "157":0.0,
    "158":0.0,
    "159":0.010897994768962511,
    "160":0.021795989537925022,
    "161":0.010897994768962511,
    "162":0.021795989537925022,
    "163":0.021795989537925022,
    "164":0.0,
    "165":0.010897994768962511,
    "166":0.021795989537925022,
    "167":0.010897994768962511,
    "168":0.043591979075850044,
    "169":0.043591979075850044,
    "170":0.043591979075850044,
    "171":0.0,
    "172":0.010897994768962511,
    "173":0.010897994768962511,
    "174":0.010897994768962511,
    "175":0.010897994768962511,
    "176":0.043591979075850044,
    "177":0.010897994768962511,
    "178":0.010897994768962511,
    "179":0.021795989537925022,
    "180":0.021795989537925022,
    "181":0.010897994768962511,
    "182":0.0,
    "183":0.0,
    "184":0.021795989537925022,
    "185":0.0,
    "186":0.0,
    "187":0.021795989537925022,
    "188":0.010897994768962511,
    "189":0.03269398430688753,
    "190":0.0,
    "191":0.0,
    "192":0.0,
    "193":0.0,
    "194":0.0,
    "195":0.0,
    "196":0.0,
    "197":0.0,
    "198":0.0
}