{
    "0":[
        [
            -1.457080231633963,
            -48.4738860457111
        ]
    ],
    "1":[
        [
            -1.4599123125253257,
            -48.47862426308025
        ]
    ],
    "2":[
        [
            -1.464353998992999,
            -48.47306204606518
        ]
    ],
    "3":[
        [
            -1.4608980277084476,
            -48.472381402867484
        ]
    ],
    "4":[
        [
            -1.4668075435551748,
            -48.475603428364
        ]
    ],
    "5":[
        [
            -1.4559017586004643,
            -48.475602685299705
        ]
    ],
    "6":[
        [
            -1.4633437463565586,
            -48.46347190816324
        ]
    ],
    "7":[
        [
            -1.4634262518195902,
            -48.46916648880488
        ]
    ],
    "8":[
        [
            -1.4599668664683048,
            -48.47348758488607
        ]
    ],
    "9":[
        [
            -1.4546576449285864,
            -48.47557078175916
        ]
    ],
    "total_length":7039.1039342915365,
    "work_total":259294.25674639182
}