{
    "0":[
        [
            -1.459704365349787,
            -48.47245167831428
        ]
    ],
    "1":[
        [
            -1.458716262725748,
            -48.473080113777655
        ]
    ],
    "2":[
        [
            -1.4582008126278823,
            -48.46519936932225
        ]
    ],
    "3":[
        [
            -1.456687770288993,
            -48.47317862558871
        ]
    ],
    "4":[
        [
            -1.4616519604231253,
            -48.468097210454246
        ]
    ],
    "5":[
        [
            -1.4544893451778955,
            -48.46874035191062
        ]
    ],
    "6":[
        [
            -1.4590905195338257,
            -48.469837430054945
        ]
    ],
    "7":[
        [
            -1.4598375058716768,
            -48.46928438930543
        ]
    ],
    "8":[
        [
            -1.4702523748244998,
            -48.47069682717283
        ]
    ],
    "9":[
        [
            -1.4624201731492734,
            -48.47189076840097
        ]
    ],
    "total_length":7157.6378859874685,
    "work_total":366463.27313915413
}