{
    "0":4.413076985479029,
    "1":6.246450880181715,
    "2":5.370325302182201,
    "3":3.228685000405614,
    "4":2.3363348746653685,
    "5":3.634298693923907,
    "6":4.477975176441957,
    "7":4.23460696033098,
    "8":3.7397582542386636,
    "9":3.691084611016468,
    "10":3.4639409426462238,
    "11":2.904194045590979,
    "12":2.433682161109759,
    "13":2.303885779183905,
    "14":2.595927638517076,
    "15":2.3525594224061,
    "16":2.385008517887564,
    "17":2.328222600795003,
    "18":2.376896244017198,
    "19":2.2633244098320757,
    "20":1.9469457288878074,
    "21":1.8658229901841485,
    "22":1.7441388821286608,
    "23":1.776587977610124,
    "24":1.6873529650360997,
    "25":1.7035775127768313,
    "26":1.7603634298693924,
    "27":1.719802060517563,
    "28":1.3790865579621967,
    "29":1.4358724750547578,
    "30":1.17627971120305,
    "31":0.8517887563884157,
    "32":0.7950028392958546,
    "33":0.9410237689624401,
    "34":0.7950028392958546,
    "35":0.6733187312403667,
    "36":0.6733187312403667,
    "37":0.6976555528514642,
    "38":0.5191855277034153,
    "39":0.5597468970552446,
    "40":0.5597468970552446,
    "41":0.5029609799626835,
    "42":0.6246450880181714,
    "43":0.47051188448122006,
    "44":0.3082664070739028,
    "45":0.29204185933317106,
    "46":0.3163786809442687,
    "47":0.34071550255536626,
    "48":0.21903139449987835,
    "49":0.2271436683702442,
    "50":0.23525594224061003,
    "51":0.16224547740731726,
    "52":0.19469457288878073,
    "53":0.21091912062951246,
    "54":0.13790865579621966,
    "55":0.1541332035369514,
    "56":0.07301046483329277,
    "57":0.09734728644439036,
    "58":0.0892350125740245,
    "59":0.10545956031475623,
    "60":0.07301046483329277,
    "61":0.10545956031475623,
    "62":0.10545956031475623,
    "63":0.0892350125740245,
    "64":0.0892350125740245,
    "65":0.178470025148049,
    "66":0.07301046483329277,
    "67":0.08112273870365863,
    "68":0.12168410805548796,
    "69":0.10545956031475623,
    "70":0.12168410805548796,
    "71":0.12979638192585383,
    "72":0.08112273870365863,
    "73":0.07301046483329277,
    "74":0.09734728644439036,
    "75":0.08112273870365863,
    "76":0.14602092966658553,
    "77":0.08112273870365863,
    "78":0.10545956031475623,
    "79":0.1541332035369514,
    "80":0.12168410805548796,
    "81":0.12979638192585383,
    "82":0.06489819096292691,
    "83":0.03244909548146346,
    "84":0.0892350125740245,
    "85":0.06489819096292691,
    "86":0.05678591709256105,
    "87":0.05678591709256105,
    "88":0.03244909548146346,
    "89":0.03244909548146346,
    "90":0.008112273870365864,
    "91":0.02433682161109759,
    "92":0.03244909548146346,
    "93":0.03244909548146346,
    "94":0.008112273870365864,
    "95":0.040561369351829316,
    "96":0.04867364322219518,
    "97":0.02433682161109759,
    "98":0.01622454774073173,
    "99":0.03244909548146346,
    "100":0.01622454774073173,
    "101":0.0,
    "102":0.01622454774073173,
    "103":0.0,
    "104":0.008112273870365864,
    "105":0.008112273870365864,
    "106":0.0,
    "107":0.008112273870365864,
    "108":0.0,
    "109":0.008112273870365864,
    "110":0.01622454774073173,
    "111":0.01622454774073173,
    "112":0.02433682161109759,
    "113":0.03244909548146346,
    "114":0.0,
    "115":0.0,
    "116":0.0,
    "117":0.0,
    "118":0.0,
    "119":0.0,
    "120":0.0,
    "121":0.0,
    "122":0.0
}