{
    "0":6.955922865013774,
    "1":1.1412829594647778,
    "2":4.201101928374656,
    "3":4.525777253049981,
    "4":3.5222353404171582,
    "5":4.555293191656828,
    "6":4.791420700511609,
    "7":4.742227469500197,
    "8":4.073199527744982,
    "9":3.010625737898465,
    "10":1.8890200708382525,
    "11":2.203856749311295,
    "12":1.9283746556473829,
    "13":1.87918142463597,
    "14":1.7807949626131445,
    "15":1.544667453758363,
    "16":1.6627312081857537,
    "17":1.5151515151515151,
    "18":1.6824085005903187,
    "19":1.475796930342385,
    "20":1.6627312081857537,
    "21":1.5840220385674932,
    "22":1.200314836678473,
    "23":1.2495080676898858,
    "24":1.2298307752853208,
    "25":0.9445100354191263,
    "26":0.8953168044077136,
    "27":1.160960251869343,
    "28":1.1806375442739079,
    "29":1.2101534828807556,
    "30":0.8067689885871704,
    "31":0.6985438803620622,
    "32":0.8658008658008658,
    "33":0.6493506493506493,
    "34":0.6887052341597797,
    "35":0.7378984651711925,
    "36":0.9248327430145612,
    "37":0.747737111373475,
    "38":0.885478158205431,
    "39":0.6690279417552145,
    "40":0.678866587957497,
    "41":0.8461235733963006,
    "42":0.7969303423848878,
    "43":0.6493506493506493,
    "44":0.6198347107438017,
    "45":0.6198347107438017,
    "46":0.5411255411255411,
    "47":0.5411255411255411,
    "48":0.5312868949232585,
    "49":0.5312868949232585,
    "50":0.5312868949232585,
    "51":0.5804801259346715,
    "52":0.49193231011412825,
    "53":0.5116096025186935,
    "54":0.49193231011412825,
    "55":0.4820936639118457,
    "56":0.34435261707988984,
    "57":0.452577725304998,
    "58":0.4329004329004329,
    "59":0.4230617866981503,
    "60":0.47225501770956313,
    "61":0.33451397087760726,
    "62":0.3837072018890201,
    "63":0.452577725304998,
    "64":0.4033844942935852,
    "65":0.3246753246753247,
    "66":0.4329004329004329,
    "67":0.4820936639118457,
    "68":0.39354584809130266,
    "69":0.3738685556867375,
    "70":0.34435261707988984,
    "71":0.28532073986619444,
    "72":0.30499803227075956,
    "73":0.226288862652499,
    "74":0.2066115702479339,
    "75":0.226288862652499,
    "76":0.15741833923652104,
    "77":0.28532073986619444,
    "78":0.16725698543880363,
    "79":0.15741833923652104,
    "80":0.29515938606847697,
    "81":0.18693427784336875,
    "82":0.13774104683195593,
    "83":0.11806375442739078,
    "84":0.13774104683195593,
    "85":0.10822510822510822,
    "86":0.13774104683195593,
    "87":0.1770956316410862,
    "88":0.04919323101141283,
    "89":0.14757969303423848,
    "90":0.09838646202282567,
    "91":0.0885478158205431,
    "92":0.10822510822510822,
    "93":0.11806375442739078,
    "94":0.0885478158205431,
    "95":0.04919323101141283,
    "96":0.06887052341597796,
    "97":0.05903187721369539,
    "98":0.029515938606847696,
    "99":0.05903187721369539,
    "100":0.0885478158205431,
    "101":0.03935458480913026,
    "102":0.04919323101141283,
    "103":0.05903187721369539,
    "104":0.04919323101141283,
    "105":0.03935458480913026,
    "106":0.04919323101141283,
    "107":0.029515938606847696,
    "108":0.07870916961826052,
    "109":0.029515938606847696,
    "110":0.06887052341597796,
    "111":0.04919323101141283,
    "112":0.05903187721369539,
    "113":0.009838646202282565,
    "114":0.04919323101141283,
    "115":0.03935458480913026,
    "116":0.07870916961826052,
    "117":0.029515938606847696,
    "118":0.0885478158205431,
    "119":0.04919323101141283,
    "120":0.0,
    "121":0.009838646202282565,
    "122":0.009838646202282565,
    "123":0.009838646202282565,
    "124":0.01967729240456513,
    "125":0.009838646202282565,
    "126":0.0,
    "127":0.01967729240456513,
    "128":0.03935458480913026,
    "129":0.0,
    "130":0.0,
    "131":0.0,
    "132":0.0,
    "133":0.0,
    "134":0.0,
    "135":0.0,
    "136":0.0,
    "137":0.0
}