{
    "0":0.15678896205707119,
    "1":0.480819483641685,
    "2":4.431901327479879,
    "3":2.696770147381624,
    "4":0.7212292254625274,
    "5":0.8780181875195987,
    "6":1.7560363750391974,
    "7":2.3204766384446534,
    "8":3.219400020905195,
    "9":3.898818856485837,
    "10":3.491167555137452,
    "11":3.3239259956099088,
    "12":3.491167555137452,
    "13":3.3761889829622658,
    "14":4.191491585659037,
    "15":4.254207170481865,
    "16":3.825650674192537,
    "17":3.219400020905195,
    "18":3.522525347548866,
    "19":3.5329779450193373,
    "20":3.3343785930803804,
    "21":3.0521584613776525,
    "22":3.470262360196509,
    "23":3.0730636563185953,
    "24":2.539981185324553,
    "25":2.4459078080903107,
    "26":2.3727396257970104,
    "27":1.9023727396257972,
    "28":1.2856694888679836,
    "29":1.1811435141632696,
    "30":1.2543116964565695,
    "31":1.1706909166927981,
    "32":1.191596111633741,
    "33":1.1602383192223267,
    "34":0.9198285774014843,
    "35":0.9093759799310128,
    "36":0.7316818229329989,
    "37":0.5017246785826278,
    "38":0.49127208111215637,
    "39":0.44946169123027074,
    "40":0.5853454583463991,
    "41":0.6689662381101704,
    "42":0.7003240305215847,
    "43":0.5853454583463991,
    "44":0.43900909375979935,
    "45":0.37629350893697083,
    "46":0.49127208111215637,
    "47":0.32403052158461376,
    "48":0.44946169123027074,
    "49":0.42855649628932796,
    "50":0.3344831190550852,
    "51":0.14633636458659977,
    "52":0.13588376711612835,
    "53":0.15678896205707119,
    "54":0.10452597470471411,
    "55":0.177694156998014,
    "56":0.0836207797637713,
    "57":0.20905194940942823,
    "58":0.18814675446848542,
    "59":0.12543116964565695,
    "60":0.020905194940942826,
    "61":0.10452597470471411,
    "62":0.11497857217518553,
    "63":0.05226298735235706,
    "64":0.07316818229329988,
    "65":0.10452597470471411,
    "66":0.07316818229329988,
    "67":0.07316818229329988,
    "68":0.09407337723424271,
    "69":0.07316818229329988,
    "70":0.0836207797637713,
    "71":0.05226298735235706,
    "72":0.10452597470471411,
    "73":0.05226298735235706,
    "74":0.07316818229329988,
    "75":0.03135779241141424,
    "76":0.05226298735235706,
    "77":0.04181038988188565,
    "78":0.020905194940942826,
    "79":0.020905194940942826,
    "80":0.05226298735235706,
    "81":0.020905194940942826,
    "82":0.010452597470471413,
    "83":0.04181038988188565,
    "84":0.020905194940942826,
    "85":0.05226298735235706,
    "86":0.03135779241141424,
    "87":0.03135779241141424,
    "88":0.010452597470471413,
    "89":0.020905194940942826,
    "90":0.010452597470471413,
    "91":0.010452597470471413,
    "92":0.03135779241141424,
    "93":0.020905194940942826,
    "94":0.020905194940942826,
    "95":0.020905194940942826,
    "96":0.0,
    "97":0.0,
    "98":0.04181038988188565,
    "99":0.0,
    "100":0.03135779241141424,
    "101":0.020905194940942826,
    "102":0.020905194940942826,
    "103":0.0,
    "104":0.010452597470471413,
    "105":0.010452597470471413,
    "106":0.010452597470471413,
    "107":0.06271558482282848,
    "108":0.020905194940942826,
    "109":0.010452597470471413,
    "110":0.0,
    "111":0.020905194940942826,
    "112":0.0,
    "113":0.03135779241141424,
    "114":0.010452597470471413,
    "115":0.010452597470471413,
    "116":0.010452597470471413,
    "117":0.03135779241141424,
    "118":0.010452597470471413,
    "119":0.020905194940942826,
    "120":0.03135779241141424,
    "121":0.0,
    "122":0.03135779241141424,
    "123":0.03135779241141424,
    "124":0.04181038988188565,
    "125":0.010452597470471413,
    "126":0.020905194940942826,
    "127":0.03135779241141424,
    "128":0.0,
    "129":0.020905194940942826,
    "130":0.020905194940942826,
    "131":0.010452597470471413,
    "132":0.04181038988188565,
    "133":0.010452597470471413,
    "134":0.0,
    "135":0.0,
    "136":0.0,
    "137":0.0,
    "138":0.0,
    "139":0.010452597470471413,
    "140":0.020905194940942826,
    "141":0.0,
    "142":0.0,
    "143":0.0,
    "144":0.020905194940942826,
    "145":0.020905194940942826,
    "146":0.0,
    "147":0.010452597470471413,
    "148":0.0,
    "149":0.0,
    "150":0.03135779241141424,
    "151":0.020905194940942826,
    "152":0.0,
    "153":0.0,
    "154":0.0,
    "155":0.010452597470471413,
    "156":0.0,
    "157":0.03135779241141424,
    "158":0.010452597470471413,
    "159":0.020905194940942826,
    "160":0.0,
    "161":0.0,
    "162":0.0,
    "163":0.010452597470471413,
    "164":0.010452597470471413,
    "165":0.010452597470471413,
    "166":0.010452597470471413,
    "167":0.0,
    "168":0.010452597470471413,
    "169":0.0,
    "170":0.0,
    "171":0.020905194940942826,
    "172":0.0,
    "173":0.0,
    "174":0.010452597470471413,
    "175":0.0,
    "176":0.010452597470471413,
    "177":0.0,
    "178":0.010452597470471413,
    "179":0.010452597470471413,
    "180":0.010452597470471413,
    "181":0.010452597470471413,
    "182":0.010452597470471413,
    "183":0.0,
    "184":0.0,
    "185":0.03135779241141424,
    "186":0.020905194940942826,
    "187":0.0,
    "188":0.0,
    "189":0.010452597470471413,
    "190":0.0,
    "191":0.03135779241141424,
    "192":0.0,
    "193":0.0,
    "194":0.020905194940942826,
    "195":0.03135779241141424,
    "196":0.010452597470471413,
    "197":0.010452597470471413,
    "198":0.020905194940942826,
    "199":0.0,
    "200":0.010452597470471413,
    "201":0.0,
    "202":0.0,
    "203":0.010452597470471413,
    "204":0.0,
    "205":0.020905194940942826,
    "206":0.0,
    "207":0.0,
    "208":0.0,
    "209":0.0,
    "210":0.010452597470471413,
    "211":0.0,
    "212":0.05226298735235706,
    "213":0.0,
    "214":0.0,
    "215":0.0,
    "216":0.0,
    "217":0.0,
    "218":0.0,
    "219":0.0,
    "220":0.0,
    "221":0.0
}