{
    "0":2.0690286551313744,
    "1":1.519729012176142,
    "2":0.8697244346791175,
    "3":1.5380390002746498,
    "4":1.528884006225396,
    "5":1.9957887027373433,
    "6":2.2155085599194364,
    "7":2.636638286185114,
    "8":2.62748329213586,
    "9":2.4077634349537673,
    "10":2.10564863132839,
    "11":1.812688821752266,
    "12":1.7119838872104733,
    "13":1.6662089169642043,
    "14":2.0232536848851046,
    "15":1.6204339467179345,
    "16":1.867618786047789,
    "17":1.8950837681955508,
    "18":1.885928774146297,
    "19":1.8309988098507737,
    "20":2.0873386432298817,
    "21":1.885928774146297,
    "22":2.096493637279136,
    "23":2.0507186670328665,
    "24":2.0049436967865972,
    "25":1.8950837681955508,
    "26":2.014098690835851,
    "27":1.94085873844182,
    "28":1.6204339467179345,
    "29":1.5380390002746498,
    "30":1.6936738991119655,
    "31":1.7760688455552505,
    "32":1.8309988098507737,
    "33":1.8493087979492815,
    "34":1.8584637919985352,
    "35":1.473954041929873,
    "36":1.382404101437334,
    "37":1.382404101437334,
    "38":1.3549391192895726,
    "39":1.4190240776343497,
    "40":1.2084592145015105,
    "41":1.0162043394671794,
    "42":1.1535292502059873,
    "43":1.0253593335164333,
    "44":0.8422594525313558,
    "45":0.6042296072507553,
    "46":0.7232445298910556,
    "47":0.4577497024626934,
    "48":0.5859196191522476,
    "49":0.8239494644328481,
    "50":0.6408495834477708,
    "51":0.5584546370044859,
    "52":0.549299642955232,
    "53":0.549299642955232,
    "54":0.549299642955232,
    "55":0.4577497024626934,
    "56":0.4302847203149318,
    "57":0.4485947084134395,
    "58":0.46690469651194727,
    "59":0.35704476792090084,
    "60":0.43943971436418566,
    "61":0.41197473221642406,
    "62":0.35704476792090084,
    "63":0.3661997619701547,
    "64":0.3936647441179163,
    "65":0.35704476792090084,
    "66":0.2838048155268699,
    "67":0.32957978577313923,
    "68":0.24718483932985444,
    "69":0.31126979767463153,
    "70":0.18309988098507735,
    "71":0.3204247917238854,
    "72":0.18309988098507735,
    "73":0.24718483932985444,
    "74":0.32957978577313923,
    "75":0.26549482742836217,
    "76":0.2929598095761238,
    "77":0.3021148036253776,
    "78":0.2288748512313467,
    "79":0.2563398333791083,
    "80":0.10070493454179255,
    "81":0.2838048155268699,
    "82":0.21971985718209283,
    "83":0.2563398333791083,
    "84":0.3021148036253776,
    "85":0.24718483932985444,
    "86":0.2929598095761238,
    "87":0.21971985718209283,
    "88":0.1739448869358235,
    "89":0.21971985718209283,
    "90":0.09154994049253867,
    "91":0.21056486313283895,
    "92":0.18309988098507735,
    "93":0.12816991668955416,
    "94":0.16478989288656962,
    "95":0.26549482742836217,
    "96":0.19225487503433122,
    "97":0.1464799047880619,
    "98":0.1739448869358235,
    "99":0.21971985718209283,
    "100":0.10070493454179255,
    "101":0.12816991668955416,
    "102":0.12816991668955416,
    "103":0.137324910738808,
    "104":0.11901492264030028,
    "105":0.045774970246269336,
    "106":0.10070493454179255,
    "107":0.10070493454179255,
    "108":0.10985992859104642,
    "109":0.137324910738808,
    "110":0.11901492264030028,
    "111":0.10985992859104642,
    "112":0.11901492264030028,
    "113":0.10070493454179255,
    "114":0.06408495834477708,
    "115":0.07323995239403094,
    "116":0.05492996429552321,
    "117":0.05492996429552321,
    "118":0.10985992859104642,
    "119":0.027464982147761604,
    "120":0.07323995239403094,
    "121":0.06408495834477708,
    "122":0.05492996429552321,
    "123":0.045774970246269336,
    "124":0.03661997619701547,
    "125":0.045774970246269336,
    "126":0.009154994049253868,
    "127":0.027464982147761604,
    "128":0.027464982147761604,
    "129":0.03661997619701547,
    "130":0.027464982147761604,
    "131":0.027464982147761604,
    "132":0.018309988098507736,
    "133":0.009154994049253868,
    "134":0.05492996429552321,
    "135":0.0,
    "136":0.009154994049253868,
    "137":0.045774970246269336,
    "138":0.018309988098507736,
    "139":0.03661997619701547,
    "140":0.018309988098507736,
    "141":0.03661997619701547,
    "142":0.027464982147761604,
    "143":0.0,
    "144":0.027464982147761604,
    "145":0.018309988098507736,
    "146":0.027464982147761604,
    "147":0.027464982147761604,
    "148":0.018309988098507736,
    "149":0.045774970246269336,
    "150":0.045774970246269336,
    "151":0.027464982147761604,
    "152":0.009154994049253868,
    "153":0.009154994049253868,
    "154":0.0,
    "155":0.009154994049253868,
    "156":0.009154994049253868,
    "157":0.027464982147761604,
    "158":0.009154994049253868,
    "159":0.03661997619701547,
    "160":0.018309988098507736,
    "161":0.07323995239403094,
    "162":0.0,
    "163":0.009154994049253868,
    "164":0.009154994049253868,
    "165":0.009154994049253868,
    "166":0.018309988098507736,
    "167":0.009154994049253868,
    "168":0.0,
    "169":0.0,
    "170":0.0,
    "171":0.009154994049253868,
    "172":0.0,
    "173":0.009154994049253868,
    "174":0.0,
    "175":0.0,
    "176":0.0,
    "177":0.018309988098507736,
    "178":0.009154994049253868,
    "179":0.009154994049253868,
    "180":0.05492996429552321,
    "181":0.0,
    "182":0.009154994049253868,
    "183":0.0,
    "184":0.009154994049253868,
    "185":0.0,
    "186":0.0,
    "187":0.009154994049253868,
    "188":0.0,
    "189":0.0,
    "190":0.0,
    "191":0.009154994049253868,
    "192":0.0,
    "193":0.0,
    "194":0.009154994049253868,
    "195":0.0,
    "196":0.027464982147761604,
    "197":0.0,
    "198":0.0,
    "199":0.0,
    "200":0.0,
    "201":0.0,
    "202":0.0,
    "203":0.0,
    "204":0.0,
    "205":0.0
}