{
    "0":[
        [
            -1.4701380687239072,
            -48.468565129752285
        ]
    ],
    "1":[
        [
            -1.4578392983829858,
            -48.46730326810896
        ]
    ],
    "2":[
        [
            -1.464729404510085,
            -48.46740164630728
        ]
    ],
    "3":[
        [
            -1.4578545448504745,
            -48.466096758848686
        ]
    ],
    "4":[
        [
            -1.4625465077589253,
            -48.46237870611262
        ]
    ],
    "5":[
        [
            -1.4645233302539447,
            -48.47342491775625
        ]
    ],
    "6":[
        [
            -1.4594070383760502,
            -48.46400011565808
        ]
    ],
    "7":[
        [
            -1.4514833404546847,
            -48.46994950130322
        ]
    ],
    "8":[
        [
            -1.4606964876635258,
            -48.47183932490877
        ]
    ],
    "9":[
        [
            -1.4574545030242478,
            -48.472041525907976
        ]
    ],
    "total_length":7293.8196811422185,
    "work_total":282606.6226301504
}