{
    "0":1.4171216169125334,
    "1":0.6040190498315716,
    "2":2.6483912184922755,
    "3":0.7201765594145662,
    "4":1.8585201533279125,
    "5":3.2059472644906495,
    "6":2.5438494598675807,
    "7":3.0549425020327563,
    "8":3.449878034614938,
    "9":3.4963410384481355,
    "10":2.869090486699965,
    "11":3.40341503078174,
    "12":4.5649901266116855,
    "13":4.111975839238006,
    "14":3.3104890231153443,
    "15":3.4731095365315365,
    "16":3.2059472644906495,
    "17":3.020095249157858,
    "18":2.8110117319084678,
    "19":2.6251597165756766,
    "20":2.8807062376582646,
    "21":2.752932977116971,
    "22":2.5206179579509813,
    "23":2.660006969450575,
    "24":2.1024509234522015,
    "25":2.195376931118597,
    "26":2.021140666744105,
    "27":1.533279126495528,
    "28":1.2080380996631432,
    "29":1.3358113602044372,
    "30":1.0686490881635498,
    "31":1.022186084330352,
    "32":1.2080380996631432,
    "33":1.3241956092461378,
    "34":0.8827970728307586,
    "35":0.8711813218724591,
    "36":1.0686490881635498,
    "37":0.9292600766639563,
    "38":0.7550238122894645,
    "39":0.6504820536647694,
    "40":0.4878615402485771,
    "41":0.3368567777906842,
    "42":0.46463003833197813,
    "43":0.26716227204088744,
    "44":0.4065512835404809,
    "45":0.39493553258218145,
    "46":0.3600882797072831,
    "47":0.3368567777906842,
    "48":0.26716227204088744,
    "49":0.19746776629109072,
    "50":0.26716227204088744,
    "51":0.26716227204088744,
    "52":0.19746776629109072,
    "53":0.23231501916598907,
    "54":0.24393077012428854,
    "55":0.16262051341619235,
    "56":0.23231501916598907,
    "57":0.127773260541294,
    "58":0.127773260541294,
    "59":0.13938901149959346,
    "60":0.13938901149959346,
    "61":0.08131025670809618,
    "62":0.19746776629109072,
    "63":0.10454175862469509,
    "64":0.1510047624578929,
    "65":0.127773260541294,
    "66":0.20908351724939017,
    "67":0.09292600766639564,
    "68":0.1510047624578929,
    "69":0.1510047624578929,
    "70":0.034847252874898364,
    "71":0.20908351724939017,
    "72":0.10454175862469509,
    "73":0.13938901149959346,
    "74":0.127773260541294,
    "75":0.04646300383319782,
    "76":0.09292600766639564,
    "77":0.127773260541294,
    "78":0.09292600766639564,
    "79":0.11615750958299453,
    "80":0.06969450574979673,
    "81":0.09292600766639564,
    "82":0.11615750958299453,
    "83":0.08131025670809618,
    "84":0.05807875479149727,
    "85":0.05807875479149727,
    "86":0.09292600766639564,
    "87":0.16262051341619235,
    "88":0.08131025670809618,
    "89":0.24393077012428854,
    "90":0.11615750958299453,
    "91":0.08131025670809618,
    "92":0.10454175862469509,
    "93":0.04646300383319782,
    "94":0.09292600766639564,
    "95":0.11615750958299453,
    "96":0.05807875479149727,
    "97":0.034847252874898364,
    "98":0.11615750958299453,
    "99":0.09292600766639564,
    "100":0.09292600766639564,
    "101":0.08131025670809618,
    "102":0.06969450574979673,
    "103":0.06969450574979673,
    "104":0.06969450574979673,
    "105":0.05807875479149727,
    "106":0.05807875479149727,
    "107":0.02323150191659891,
    "108":0.05807875479149727,
    "109":0.0,
    "110":0.06969450574979673,
    "111":0.034847252874898364,
    "112":0.05807875479149727,
    "113":0.04646300383319782,
    "114":0.05807875479149727,
    "115":0.05807875479149727,
    "116":0.06969450574979673,
    "117":0.08131025670809618,
    "118":0.06969450574979673,
    "119":0.011615750958299455,
    "120":0.034847252874898364,
    "121":0.06969450574979673,
    "122":0.05807875479149727,
    "123":0.034847252874898364,
    "124":0.04646300383319782,
    "125":0.02323150191659891,
    "126":0.034847252874898364,
    "127":0.02323150191659891,
    "128":0.04646300383319782,
    "129":0.0,
    "130":0.0,
    "131":0.034847252874898364,
    "132":0.034847252874898364,
    "133":0.011615750958299455,
    "134":0.02323150191659891,
    "135":0.011615750958299455,
    "136":0.034847252874898364,
    "137":0.02323150191659891,
    "138":0.02323150191659891,
    "139":0.04646300383319782,
    "140":0.02323150191659891,
    "141":0.02323150191659891,
    "142":0.0,
    "143":0.08131025670809618,
    "144":0.011615750958299455,
    "145":0.02323150191659891,
    "146":0.02323150191659891,
    "147":0.02323150191659891,
    "148":0.04646300383319782,
    "149":0.02323150191659891,
    "150":0.02323150191659891,
    "151":0.02323150191659891,
    "152":0.04646300383319782,
    "153":0.02323150191659891,
    "154":0.034847252874898364,
    "155":0.0,
    "156":0.0,
    "157":0.034847252874898364,
    "158":0.0,
    "159":0.02323150191659891,
    "160":0.011615750958299455,
    "161":0.04646300383319782,
    "162":0.034847252874898364,
    "163":0.011615750958299455,
    "164":0.011615750958299455,
    "165":0.02323150191659891,
    "166":0.02323150191659891,
    "167":0.02323150191659891,
    "168":0.011615750958299455,
    "169":0.011615750958299455,
    "170":0.034847252874898364,
    "171":0.02323150191659891,
    "172":0.034847252874898364,
    "173":0.02323150191659891,
    "174":0.05807875479149727,
    "175":0.011615750958299455,
    "176":0.0,
    "177":0.0,
    "178":0.0,
    "179":0.0,
    "180":0.0,
    "181":0.0,
    "182":0.0,
    "183":0.034847252874898364,
    "184":0.0,
    "185":0.0,
    "186":0.0,
    "187":0.0,
    "188":0.0,
    "189":0.011615750958299455,
    "190":0.0,
    "191":0.0,
    "192":0.0,
    "193":0.0,
    "194":0.0,
    "195":0.0,
    "196":0.0,
    "197":0.0
}