{
    "0":[
        [
            -1.4520972900214622,
            -48.47878893392489
        ]
    ],
    "1":[
        [
            -1.464927521170388,
            -48.466642922852756
        ]
    ],
    "2":[
        [
            -1.4532658223440078,
            -48.47070307109284
        ]
    ],
    "3":[
        [
            -1.462994631264298,
            -48.47038700815171
        ]
    ],
    "4":[
        [
            -1.4586345104838132,
            -48.472605768728556
        ]
    ],
    "5":[
        [
            -1.4598986538616394,
            -48.47309861066719
        ]
    ],
    "6":[
        [
            -1.466501543815303,
            -48.477088642676925
        ]
    ],
    "7":[
        [
            -1.467439002844547,
            -48.473058096833846
        ]
    ],
    "8":[
        [
            -1.4561720628251975,
            -48.47183985685919
        ]
    ],
    "9":[
        [
            -1.468707426288478,
            -48.465308231121604
        ]
    ],
    "path":[
        [
            300000000001,
            491424113,
            491424154,
            612301162,
            6950883235,
            6950883236,
            6950883237,
            6950883238,
            6950883239,
            300000000003
        ],
        [
            300000000003,
            3975113581,
            7086816134,
            491424147,
            4421545962,
            491424156,
            300000000009
        ],
        [
            300000000009,
            433168449,
            433168450,
            491465091,
            300000000005
        ],
        [
            300000000005,
            491465091,
            491465094,
            2714874396,
            300000000006
        ],
        [
            300000000006,
            2714874396,
            491465094,
            433168453,
            433168468,
            445099674,
            300000000004
        ],
        [
            300000000004,
            492022166,
            492022167,
            445099675,
            491632065,
            3653281240,
            300000000002
        ],
        [
            300000000002,
            3653281240,
            491632065,
            445099675,
            3975113589,
            492022052,
            492022049,
            492022047,
            492022059,
            492022061,
            1859439285,
            300000000008
        ],
        [
            300000000008,
            1859439281,
            3516186113,
            1859439272,
            492021917,
            492021919,
            492021890,
            300000000007
        ],
        [
            300000000007,
            492021890,
            492021919,
            492021917,
            1859439272,
            3516186113,
            1859439281,
            1859439285,
            492022061,
            3975113455,
            6821841431,
            6821841432,
            6821841433,
            492022172,
            274385392,
            3579345054,
            3975113602,
            3579345053,
            6952299650,
            491631296,
            491631493,
            491631345,
            491631341,
            300000000010
        ]
    ],
    "work_total":223449.43116452597
}