{
    "0":4.799137233755729,
    "1":1.0784578053383662,
    "2":5.050777388334681,
    "3":5.913543632605375,
    "4":4.951918756178665,
    "5":4.071178215152332,
    "6":2.480452952278242,
    "7":3.019681854947425,
    "8":2.9747461130583264,
    "9":2.5523501393008,
    "10":2.0940055720319943,
    "11":2.2108385009436504,
    "12":2.6242473263233577,
    "13":2.3186842814774873,
    "14":2.2018513525658308,
    "15":2.0850184236541747,
    "16":1.941224049609059,
    "17":1.7614810820526647,
    "18":1.500853779095893,
    "19":1.5547766693628113,
    "20":1.59072526287409,
    "21":1.150354992360924,
    "22":1.0245349150714478,
    "23":1.051496360204907,
    "24":0.889727689404152,
    "25":0.8447919475150535,
    "26":0.889727689404152,
    "27":1.114406398849645,
    "28":0.889727689404152,
    "29":0.8987148377819718,
    "30":0.8447919475150535,
    "31":0.8088433540037746,
    "32":1.0784578053383662,
    "33":1.1683292891165633,
    "34":1.051496360204907,
    "35":0.9795991731823492,
    "36":0.95263772804889,
    "37":1.0784578053383662,
    "38":1.0964321020940055,
    "39":1.051496360204907,
    "40":0.9256762829154309,
    "41":0.9077019861597915,
    "42":0.95263772804889,
    "43":0.7099847218477577,
    "44":0.6291003864473802,
    "45":0.6021389413139211,
    "46":0.7998562056259548,
    "47":0.7279590186033971,
    "48":0.5931517929361013,
    "49":0.6201132380695605,
    "50":0.7459333153590365,
    "51":0.5841646445582817,
    "52":0.6650489799586591,
    "53":0.6380875348252,
    "54":0.3954345286240676,
    "55":0.4493574188909859,
    "56":0.45834456726880557,
    "57":0.575177496180462,
    "58":0.37746023186842814,
    "59":0.43138312213534646,
    "60":0.33252448997932954,
    "61":0.2516401545789521,
    "62":0.287588748090231,
    "63":0.26062730295677183,
    "64":0.35049878673496904,
    "65":0.23366585782331264,
    "66":0.26961445133459155,
    "67":0.3684730834906084,
    "68":0.2786015997124113,
    "69":0.2067044126898535,
    "70":0.2067044126898535,
    "71":0.1977172643120338,
    "72":0.2067044126898535,
    "73":0.2067044126898535,
    "74":0.2516401545789521,
    "75":0.23366585782331264,
    "76":0.1437943740451155,
    "77":0.17974296755639435,
    "78":0.2067044126898535,
    "79":0.08987148377819718,
    "80":0.22467870944549295,
    "81":0.13480722566729578,
    "82":0.17974296755639435,
    "83":0.17075581917857463,
    "84":0.13480722566729578,
    "85":0.1617686708007549,
    "86":0.11683292891165632,
    "87":0.08987148377819718,
    "88":0.17974296755639435,
    "89":0.1977172643120338,
    "90":0.10784578053383662,
    "91":0.12582007728947606,
    "92":0.12582007728947606,
    "93":0.13480722566729578,
    "94":0.06291003864473803,
    "95":0.12582007728947606,
    "96":0.0988586321560169,
    "97":0.08088433540037746,
    "98":0.1437943740451155,
    "99":0.0988586321560169,
    "100":0.08987148377819718,
    "101":0.026961445133459154,
    "102":0.07189718702255775,
    "103":0.04493574188909859,
    "104":0.06291003864473803,
    "105":0.05392289026691831,
    "106":0.0988586321560169,
    "107":0.026961445133459154,
    "108":0.026961445133459154,
    "109":0.07189718702255775,
    "110":0.08088433540037746,
    "111":0.04493574188909859,
    "112":0.008987148377819719,
    "113":0.026961445133459154,
    "114":0.04493574188909859,
    "115":0.017974296755639437,
    "116":0.035948593511278874,
    "117":0.017974296755639437,
    "118":0.026961445133459154,
    "119":0.04493574188909859,
    "120":0.04493574188909859,
    "121":0.0,
    "122":0.026961445133459154,
    "123":0.026961445133459154,
    "124":0.017974296755639437,
    "125":0.035948593511278874,
    "126":0.0,
    "127":0.05392289026691831,
    "128":0.026961445133459154,
    "129":0.008987148377819719,
    "130":0.017974296755639437,
    "131":0.04493574188909859,
    "132":0.026961445133459154,
    "133":0.017974296755639437,
    "134":0.035948593511278874,
    "135":0.017974296755639437,
    "136":0.017974296755639437,
    "137":0.035948593511278874,
    "138":0.035948593511278874,
    "139":0.04493574188909859,
    "140":0.0,
    "141":0.026961445133459154,
    "142":0.008987148377819719,
    "143":0.026961445133459154,
    "144":0.05392289026691831,
    "145":0.017974296755639437,
    "146":0.017974296755639437,
    "147":0.017974296755639437,
    "148":0.035948593511278874,
    "149":0.05392289026691831,
    "150":0.035948593511278874,
    "151":0.035948593511278874,
    "152":0.026961445133459154,
    "153":0.0,
    "154":0.026961445133459154,
    "155":0.017974296755639437,
    "156":0.035948593511278874,
    "157":0.008987148377819719,
    "158":0.017974296755639437,
    "159":0.026961445133459154,
    "160":0.026961445133459154,
    "161":0.026961445133459154,
    "162":0.017974296755639437,
    "163":0.04493574188909859,
    "164":0.035948593511278874,
    "165":0.0,
    "166":0.0,
    "167":0.0,
    "168":0.0,
    "169":0.0,
    "170":0.0,
    "171":0.0,
    "172":0.0,
    "173":0.0
}