{
    "0":6.343362087102883,
    "1":2.6404376183463074,
    "2":3.3873343151693667,
    "3":4.144750683778666,
    "4":0.894172101830423,
    "5":1.1676835682726698,
    "6":1.094045865768988,
    "7":1.2308015989901115,
    "8":1.3044393014937934,
    "9":1.6726278140122028,
    "10":1.9040605933094887,
    "11":2.1670523879654953,
    "12":2.777193351567431,
    "13":2.5983589312013464,
    "14":2.5983589312013464,
    "15":2.3248474647590998,
    "16":2.2091310751104567,
    "17":2.5247212286976644,
    "18":2.5247212286976644,
    "19":1.9461392804544497,
    "20":2.030296654744372,
    "21":1.9461392804544497,
    "22":1.6515884704397223,
    "23":1.830422890805807,
    "24":1.8409425625920472,
    "25":1.2623606143488322,
    "26":1.1150852093414685,
    "27":1.3359983168525142,
    "28":1.4306753629286768,
    "29":1.6305491268672416,
    "30":1.7778245318746055,
    "31":1.6305491268672416,
    "32":1.7147065011571638,
    "33":1.367557332211235,
    "34":1.409636019356196,
    "35":1.3044393014937934,
    "36":1.3465179886387544,
    "37":1.5884704397222806,
    "38":1.1256048811277088,
    "39":1.251840942562592,
    "40":1.3044393014937934,
    "41":0.8415737428992216,
    "42":1.094045865768988,
    "43":0.746896696823059,
    "44":0.8100147275405009,
    "45":0.7784557121817799,
    "46":0.6416999789606564,
    "47":0.7363770250368188,
    "48":0.6101409636019356,
    "49":0.7574163686092994,
    "50":0.5996212918156953,
    "51":0.6627393225331369,
    "52":0.6416999789606564,
    "53":0.7153376814643384,
    "54":0.6416999789606564,
    "55":0.48390490216705234,
    "56":0.3787081843046497,
    "57":0.4418262150220913,
    "58":0.3471491689459289,
    "59":0.23143277929728595,
    "60":0.14727540500736377,
    "61":0.3050704818009678,
    "62":0.2103934357248054,
    "63":0.19987376393856512,
    "64":0.1367557332211235,
    "65":0.1788344203660846,
    "66":0.1683147485798443,
    "67":0.18935409215232485,
    "68":0.24195245108352617,
    "69":0.2103934357248054,
    "70":0.25247212286976645,
    "71":0.24195245108352617,
    "72":0.24195245108352617,
    "73":0.14727540500736377,
    "74":0.24195245108352617,
    "75":0.1788344203660846,
    "76":0.25247212286976645,
    "77":0.18935409215232485,
    "78":0.18935409215232485,
    "79":0.18935409215232485,
    "80":0.24195245108352617,
    "81":0.2103934357248054,
    "82":0.23143277929728595,
    "83":0.15779507679360402,
    "84":0.1367557332211235,
    "85":0.1367557332211235,
    "86":0.15779507679360402,
    "87":0.19987376393856512,
    "88":0.14727540500736377,
    "89":0.1051967178624027,
    "90":0.18935409215232485,
    "91":0.22091310751104565,
    "92":0.18935409215232485,
    "93":0.1683147485798443,
    "94":0.12623606143488322,
    "95":0.09467704607616242,
    "96":0.1367557332211235,
    "97":0.09467704607616242,
    "98":0.12623606143488322,
    "99":0.12623606143488322,
    "100":0.08415737428992215,
    "101":0.18935409215232485,
    "102":0.1051967178624027,
    "103":0.11571638964864298,
    "104":0.08415737428992215,
    "105":0.021039343572480537,
    "106":0.05259835893120135,
    "107":0.0,
    "108":0.031559015358720806,
    "109":0.010519671786240269,
    "110":0.0,
    "111":0.021039343572480537,
    "112":0.031559015358720806,
    "113":0.010519671786240269,
    "114":0.021039343572480537,
    "115":0.021039343572480537,
    "116":0.021039343572480537,
    "117":0.031559015358720806,
    "118":0.042078687144961074,
    "119":0.021039343572480537,
    "120":0.031559015358720806,
    "121":0.021039343572480537,
    "122":0.031559015358720806,
    "123":0.010519671786240269,
    "124":0.010519671786240269,
    "125":0.042078687144961074,
    "126":0.010519671786240269,
    "127":0.010519671786240269,
    "128":0.021039343572480537,
    "129":0.010519671786240269,
    "130":0.021039343572480537,
    "131":0.010519671786240269,
    "132":0.031559015358720806,
    "133":0.0,
    "134":0.0,
    "135":0.0,
    "136":0.0,
    "137":0.0,
    "138":0.0,
    "139":0.0,
    "140":0.0
}