{
    "0":4.086275937386239,
    "1":2.5573352748452858,
    "2":2.5573352748452858,
    "3":3.221696396068438,
    "4":3.0305788132508193,
    "5":3.3036039315617036,
    "6":3.4674190025482345,
    "7":3.7677466326902076,
    "8":3.512923188933382,
    "9":2.5664361121223154,
    "10":2.5300327630141974,
    "11":2.730251183108846,
    "12":2.8030578813250817,
    "13":3.0760829996359664,
    "14":2.9759737895886422,
    "15":3.167091372406261,
    "16":3.7859483072442663,
    "17":3.2398980706224974,
    "18":3.5220240262104117,
    "19":3.4674190025482345,
    "20":2.7757553694939934,
    "21":2.48452857662905,
    "22":2.448125227520932,
    "23":2.30251183108846,
    "24":1.9020749908991628,
    "25":2.0112850382235163,
    "26":1.456133964324718,
    "27":1.5835456862031305,
    "28":1.346923917000364,
    "29":1.1922096832908629,
    "30":1.0829996359665088,
    "31":0.9009828904259191,
    "32":0.6825627957772115,
    "33":0.6552602839461231,
    "34":0.5369493993447396,
    "35":0.5278485620677102,
    "36":0.6279577721150346,
    "37":0.5824535857298871,
    "38":0.5824535857298871,
    "39":0.5278485620677102,
    "40":0.41863851474335634,
    "41":0.4914452129595923,
    "42":0.42773935202038593,
    "43":0.48234437568256283,
    "44":0.44594102657444484,
    "45":0.30942846741900254,
    "46":0.3731343283582089,
    "47":0.4368401892974154,
    "48":0.30032763014197306,
    "49":0.30942846741900254,
    "50":0.41863851474335634,
    "51":0.30942846741900254,
    "52":0.3458318165271205,
    "53":0.18201674554058975,
    "54":0.22752093192573716,
    "55":0.3640334910811795,
    "56":0.336730979250091,
    "57":0.25482344375682564,
    "58":0.23662176920276665,
    "59":0.22752093192573716,
    "60":0.12741172187841282,
    "61":0.11831088460138332,
    "62":0.0728066982162359,
    "63":0.04550418638514744,
    "64":0.04550418638514744,
    "65":0.08190753549326539,
    "66":0.03640334910811795,
    "67":0.05460502366217693,
    "68":0.06370586093920641,
    "69":0.04550418638514744,
    "70":0.06370586093920641,
    "71":0.10010921004732436,
    "72":0.027302511831088463,
    "73":0.03640334910811795,
    "74":0.0728066982162359,
    "75":0.04550418638514744,
    "76":0.03640334910811795,
    "77":0.0728066982162359,
    "78":0.04550418638514744,
    "79":0.009100837277029487,
    "80":0.018201674554058973,
    "81":0.04550418638514744,
    "82":0.0728066982162359,
    "83":0.027302511831088463,
    "84":0.0,
    "85":0.027302511831088463,
    "86":0.018201674554058973,
    "87":0.009100837277029487,
    "88":0.027302511831088463,
    "89":0.009100837277029487,
    "90":0.03640334910811795,
    "91":0.05460502366217693,
    "92":0.05460502366217693,
    "93":0.018201674554058973,
    "94":0.009100837277029487,
    "95":0.03640334910811795,
    "96":0.03640334910811795,
    "97":0.018201674554058973,
    "98":0.027302511831088463,
    "99":0.04550418638514744,
    "100":0.03640334910811795,
    "101":0.027302511831088463,
    "102":0.04550418638514744,
    "103":0.027302511831088463,
    "104":0.03640334910811795,
    "105":0.027302511831088463,
    "106":0.03640334910811795,
    "107":0.018201674554058973,
    "108":0.04550418638514744,
    "109":0.018201674554058973,
    "110":0.0728066982162359,
    "111":0.03640334910811795,
    "112":0.04550418638514744,
    "113":0.027302511831088463,
    "114":0.027302511831088463,
    "115":0.018201674554058973,
    "116":0.027302511831088463,
    "117":0.03640334910811795,
    "118":0.03640334910811795,
    "119":0.027302511831088463,
    "120":0.018201674554058973,
    "121":0.03640334910811795,
    "122":0.027302511831088463,
    "123":0.009100837277029487,
    "124":0.027302511831088463,
    "125":0.04550418638514744,
    "126":0.027302511831088463,
    "127":0.009100837277029487,
    "128":0.04550418638514744,
    "129":0.03640334910811795,
    "130":0.018201674554058973,
    "131":0.03640334910811795,
    "132":0.027302511831088463,
    "133":0.03640334910811795,
    "134":0.03640334910811795,
    "135":0.018201674554058973,
    "136":0.04550418638514744,
    "137":0.009100837277029487,
    "138":0.0,
    "139":0.027302511831088463,
    "140":0.03640334910811795,
    "141":0.009100837277029487,
    "142":0.009100837277029487,
    "143":0.009100837277029487,
    "144":0.018201674554058973,
    "145":0.0,
    "146":0.018201674554058973,
    "147":0.0,
    "148":0.018201674554058973,
    "149":0.009100837277029487,
    "150":0.018201674554058973,
    "151":0.0,
    "152":0.009100837277029487,
    "153":0.0,
    "154":0.009100837277029487,
    "155":0.018201674554058973,
    "156":0.018201674554058973,
    "157":0.009100837277029487,
    "158":0.018201674554058973,
    "159":0.0,
    "160":0.009100837277029487,
    "161":0.0,
    "162":0.03640334910811795,
    "163":0.0,
    "164":0.027302511831088463,
    "165":0.027302511831088463,
    "166":0.018201674554058973,
    "167":0.009100837277029487,
    "168":0.027302511831088463,
    "169":0.027302511831088463,
    "170":0.009100837277029487,
    "171":0.0,
    "172":0.009100837277029487,
    "173":0.0,
    "174":0.018201674554058973,
    "175":0.009100837277029487,
    "176":0.027302511831088463,
    "177":0.018201674554058973,
    "178":0.018201674554058973,
    "179":0.0,
    "180":0.0,
    "181":0.0,
    "182":0.0,
    "183":0.0,
    "184":0.0,
    "185":0.0,
    "186":0.0,
    "187":0.0
}