{
    "0":4.247133373566687,
    "1":1.8331321665660834,
    "2":5.733252866626434,
    "3":1.8255884127942064,
    "4":1.2220881110440556,
    "5":0.8373566686783342,
    "6":1.9538322269161135,
    "7":2.2857573928786965,
    "8":2.3838261919130956,
    "9":2.97978273989137,
    "10":3.500301750150875,
    "11":2.866626433313217,
    "12":2.6025950512975253,
    "13":2.942063971031985,
    "14":3.311707905853953,
    "15":3.915208207604104,
    "16":4.0057332528666265,
    "17":3.952926976463488,
    "18":3.53802051901026,
    "19":3.492757996378998,
    "20":3.025045262522631,
    "21":3.175920337960169,
    "22":2.851538925769463,
    "23":2.715751357875679,
    "24":2.7232951116475554,
    "25":2.579963789981895,
    "26":2.112251056125528,
    "27":1.9161134580567292,
    "28":1.7048883524441762,
    "29":1.4710319855159926,
    "30":1.2748943874471939,
    "31":0.9354254677127338,
    "32":0.792094146047073,
    "33":0.663850331925166,
    "34":0.7543753771876885,
    "35":0.7166566083283042,
    "36":0.8071816535908268,
    "37":0.7694628847314424,
    "38":0.4903439951719976,
    "39":0.5356065178032589,
    "40":0.6185878092939047,
    "41":0.5431502715751357,
    "42":0.44508147254073627,
    "43":0.2791188895594448,
    "44":0.331925165962583,
    "45":0.331925165962583,
    "46":0.4073627036813518,
    "47":0.45262522631261315,
    "48":0.33946891973445986,
    "49":0.2564876282438141,
    "50":0.27157513578756787,
    "51":0.2791188895594448,
    "52":0.09052504526252263,
    "53":0.17350633675316837,
    "54":0.17350633675316837,
    "55":0.18105009052504525,
    "56":0.12824381412190705,
    "57":0.06789378394689197,
    "58":0.1056125528062764,
    "59":0.09052504526252263,
    "60":0.09806879903439952,
    "61":0.1584188292094146,
    "62":0.09052504526252263,
    "63":0.12824381412190705,
    "64":0.1584188292094146,
    "65":0.07543753771876886,
    "66":0.12824381412190705,
    "67":0.12070006035003018,
    "68":0.06789378394689197,
    "69":0.08298129149064574,
    "70":0.09052504526252263,
    "71":0.0075437537718768865,
    "72":0.0075437537718768865,
    "73":0.015087507543753773,
    "74":0.0075437537718768865,
    "75":0.015087507543753773,
    "76":0.0,
    "77":0.015087507543753773,
    "78":0.015087507543753773,
    "79":0.0,
    "80":0.0,
    "81":0.0,
    "82":0.0075437537718768865,
    "83":0.0,
    "84":0.0075437537718768865,
    "85":0.0075437537718768865,
    "86":0.022631261315630657,
    "87":0.030175015087507546,
    "88":0.045262522631261314,
    "89":0.0075437537718768865,
    "90":0.015087507543753773,
    "91":0.022631261315630657,
    "92":0.030175015087507546,
    "93":0.03771876885938443,
    "94":0.022631261315630657,
    "95":0.03771876885938443,
    "96":0.015087507543753773,
    "97":0.022631261315630657,
    "98":0.015087507543753773,
    "99":0.015087507543753773,
    "100":0.030175015087507546,
    "101":0.015087507543753773,
    "102":0.0,
    "103":0.0075437537718768865,
    "104":0.06035003017501509,
    "105":0.015087507543753773,
    "106":0.015087507543753773,
    "107":0.045262522631261314,
    "108":0.022631261315630657,
    "109":0.022631261315630657,
    "110":0.015087507543753773,
    "111":0.022631261315630657,
    "112":0.03771876885938443,
    "113":0.015087507543753773,
    "114":0.030175015087507546,
    "115":0.0528062764031382,
    "116":0.022631261315630657,
    "117":0.045262522631261314,
    "118":0.022631261315630657,
    "119":0.015087507543753773,
    "120":0.030175015087507546,
    "121":0.022631261315630657,
    "122":0.022631261315630657,
    "123":0.030175015087507546,
    "124":0.030175015087507546,
    "125":0.022631261315630657,
    "126":0.06035003017501509,
    "127":0.0,
    "128":0.015087507543753773,
    "129":0.0075437537718768865,
    "130":0.0075437537718768865,
    "131":0.0075437537718768865,
    "132":0.015087507543753773,
    "133":0.030175015087507546,
    "134":0.022631261315630657,
    "135":0.0075437537718768865,
    "136":0.022631261315630657,
    "137":0.022631261315630657,
    "138":0.030175015087507546,
    "139":0.0,
    "140":0.0,
    "141":0.015087507543753773,
    "142":0.0075437537718768865,
    "143":0.0075437537718768865,
    "144":0.015087507543753773,
    "145":0.0,
    "146":0.015087507543753773,
    "147":0.015087507543753773,
    "148":0.0,
    "149":0.015087507543753773,
    "150":0.0075437537718768865,
    "151":0.0075437537718768865,
    "152":0.0,
    "153":0.022631261315630657,
    "154":0.0075437537718768865,
    "155":0.0075437537718768865,
    "156":0.0075437537718768865,
    "157":0.015087507543753773,
    "158":0.0075437537718768865,
    "159":0.015087507543753773,
    "160":0.015087507543753773,
    "161":0.015087507543753773,
    "162":0.0075437537718768865,
    "163":0.0,
    "164":0.0075437537718768865,
    "165":0.0075437537718768865,
    "166":0.0,
    "167":0.0075437537718768865,
    "168":0.0075437537718768865,
    "169":0.0075437537718768865,
    "170":0.0,
    "171":0.0,
    "172":0.030175015087507546,
    "173":0.0,
    "174":0.015087507543753773,
    "175":0.022631261315630657,
    "176":0.015087507543753773,
    "177":0.015087507543753773,
    "178":0.030175015087507546,
    "179":0.030175015087507546,
    "180":0.0,
    "181":0.0,
    "182":0.0,
    "183":0.0,
    "184":0.0,
    "185":0.0,
    "186":0.0,
    "187":0.0
}