{
    "0":6.254450510325184,
    "1":0.8544979824353193,
    "2":1.4478993591265132,
    "3":3.12129124139568,
    "4":3.4773320674103965,
    "5":2.670306195110373,
    "6":2.4804177545691903,
    "7":2.088772845953003,
    "8":2.5990980299074296,
    "9":2.0531687633515308,
    "10":1.6852599098029906,
    "11":1.9107524329456445,
    "12":1.8632803228103492,
    "13":2.1243769285544745,
    "14":2.2074531212912416,
    "15":2.1006408734868263,
    "16":2.2667932589603605,
    "17":2.397341561832423,
    "18":2.3261333966294804,
    "19":2.527889864704486,
    "20":2.670306195110373,
    "21":2.2667932589603605,
    "22":2.17184903868977,
    "23":2.017564680750059,
    "24":2.088772845953003,
    "25":2.397341561832423,
    "26":1.9344884880132922,
    "27":1.4478993591265132,
    "28":1.2105388084500357,
    "29":1.1749347258485638,
    "30":1.1630666983147402,
    "31":0.7951578447661999,
    "32":0.7002136244956089,
    "33":0.7595537621647283,
    "34":0.8070258723000238,
    "35":0.7595537621647283,
    "36":0.8188938998338476,
    "37":0.9019700925706148,
    "38":0.9613102302397342,
    "39":0.9138381201044387,
    "40":0.4747211013529551,
    "41":0.7714217896985521,
    "42":0.6171374317588417,
    "43":0.8307619273676715,
    "44":0.7120816520294327,
    "45":0.7120816520294327,
    "46":0.7832898172323759,
    "47":0.7002136244956089,
    "48":0.6764775694279611,
    "49":0.6646095418941372,
    "50":0.6646095418941372,
    "51":0.593401376691194,
    "52":0.41538096368383576,
    "53":0.5815333491573701,
    "54":0.4865891288867791,
    "55":0.4509850462853074,
    "56":0.4035129361500119,
    "57":0.4391170187514835,
    "58":0.5340612390220745,
    "59":0.42724899121765963,
    "60":0.3679088535485402,
    "61":0.41538096368383576,
    "62":0.3679088535485402,
    "63":0.26109660574412535,
    "64":0.3797768810823641,
    "65":0.18988844054118206,
    "66":0.24922857821030148,
    "67":0.2729646332779492,
    "68":0.24922857821030148,
    "69":0.41538096368383576,
    "70":0.35604082601471637,
    "71":0.3204367434132447,
    "72":0.2254925231426537,
    "73":0.3679088535485402,
    "74":0.3323047709470686,
    "75":0.28483266081177305,
    "76":0.3204367434132447,
    "77":0.21362449560882982,
    "78":0.24922857821030148,
    "79":0.30856871587942086,
    "80":0.26109660574412535,
    "81":0.2729646332779492,
    "82":0.23736055067647754,
    "83":0.21362449560882982,
    "84":0.14241633040588653,
    "85":0.1661523854735343,
    "86":0.24922857821030148,
    "87":0.11868027533823877,
    "88":0.11868027533823877,
    "89":0.15428435793971043,
    "90":0.11868027533823877,
    "91":0.20175646807500594,
    "92":0.14241633040588653,
    "93":0.07120816520294326,
    "94":0.10681224780441491,
    "95":0.13054830287206268,
    "96":0.10681224780441491,
    "97":0.13054830287206268,
    "98":0.047472110135295516,
    "99":0.07120816520294326,
    "100":0.047472110135295516,
    "101":0.059340137669119386,
    "102":0.1661523854735343,
    "103":0.10681224780441491,
    "104":0.047472110135295516,
    "105":0.07120816520294326,
    "106":0.09494422027059103,
    "107":0.059340137669119386,
    "108":0.10681224780441491,
    "109":0.07120816520294326,
    "110":0.023736055067647758,
    "111":0.011868027533823879,
    "112":0.011868027533823879,
    "113":0.0,
    "114":0.023736055067647758,
    "115":0.023736055067647758,
    "116":0.03560408260147163,
    "117":0.011868027533823879,
    "118":0.059340137669119386,
    "119":0.023736055067647758,
    "120":0.059340137669119386,
    "121":0.0,
    "122":0.07120816520294326,
    "123":0.0,
    "124":0.011868027533823879,
    "125":0.023736055067647758,
    "126":0.011868027533823879,
    "127":0.011868027533823879,
    "128":0.011868027533823879,
    "129":0.011868027533823879,
    "130":0.0,
    "131":0.03560408260147163,
    "132":0.0,
    "133":0.011868027533823879,
    "134":0.011868027533823879,
    "135":0.011868027533823879,
    "136":0.0,
    "137":0.0,
    "138":0.0,
    "139":0.011868027533823879,
    "140":0.0,
    "141":0.023736055067647758,
    "142":0.023736055067647758,
    "143":0.0,
    "144":0.0,
    "145":0.011868027533823879,
    "146":0.023736055067647758,
    "147":0.0,
    "148":0.0,
    "149":0.011868027533823879,
    "150":0.011868027533823879,
    "151":0.023736055067647758,
    "152":0.011868027533823879,
    "153":0.0,
    "154":0.0,
    "155":0.0,
    "156":0.023736055067647758,
    "157":0.011868027533823879,
    "158":0.0,
    "159":0.03560408260147163,
    "160":0.0,
    "161":0.0,
    "162":0.0,
    "163":0.03560408260147163,
    "164":0.0,
    "165":0.011868027533823879,
    "166":0.011868027533823879,
    "167":0.0,
    "168":0.011868027533823879,
    "169":0.0,
    "170":0.0,
    "171":0.011868027533823879,
    "172":0.011868027533823879,
    "173":0.011868027533823879,
    "174":0.0,
    "175":0.011868027533823879,
    "176":0.0,
    "177":0.0,
    "178":0.0,
    "179":0.011868027533823879,
    "180":0.0,
    "181":0.0,
    "182":0.011868027533823879,
    "183":0.0,
    "184":0.011868027533823879,
    "185":0.011868027533823879,
    "186":0.0,
    "187":0.0,
    "188":0.011868027533823879,
    "189":0.0,
    "190":0.0,
    "191":0.011868027533823879,
    "192":0.011868027533823879,
    "193":0.023736055067647758,
    "194":0.023736055067647758,
    "195":0.0,
    "196":0.023736055067647758,
    "197":0.0,
    "198":0.0,
    "199":0.023736055067647758,
    "200":0.011868027533823879,
    "201":0.011868027533823879,
    "202":0.011868027533823879,
    "203":0.011868027533823879,
    "204":0.011868027533823879,
    "205":0.011868027533823879,
    "206":0.0,
    "207":0.0,
    "208":0.011868027533823879,
    "209":0.011868027533823879,
    "210":0.03560408260147163,
    "211":0.03560408260147163,
    "212":0.0,
    "213":0.0,
    "214":0.0,
    "215":0.0,
    "216":0.0,
    "217":0.0,
    "218":0.011868027533823879,
    "219":0.011868027533823879,
    "220":0.03560408260147163,
    "221":0.011868027533823879,
    "222":0.023736055067647758,
    "223":0.0,
    "224":0.023736055067647758,
    "225":0.011868027533823879,
    "226":0.011868027533823879,
    "227":0.0,
    "228":0.011868027533823879,
    "229":0.011868027533823879,
    "230":0.011868027533823879,
    "231":0.011868027533823879,
    "232":0.0,
    "233":0.0,
    "234":0.011868027533823879,
    "235":0.011868027533823879,
    "236":0.0,
    "237":0.0,
    "238":0.0,
    "239":0.03560408260147163,
    "240":0.0,
    "241":0.011868027533823879,
    "242":0.011868027533823879,
    "243":0.0,
    "244":0.0,
    "245":0.0,
    "246":0.023736055067647758,
    "247":0.023736055067647758,
    "248":0.023736055067647758,
    "249":0.0,
    "250":0.011868027533823879,
    "251":0.047472110135295516,
    "252":0.0,
    "253":0.0,
    "254":0.0,
    "255":0.0,
    "256":0.0,
    "257":0.0,
    "258":0.0,
    "259":0.0,
    "260":0.0
}