{
    "0":4.942571322712116,
    "1":1.467210077806595,
    "2":2.5342719525750277,
    "3":1.3634679510929975,
    "4":2.4305298258614303,
    "5":2.927010003705076,
    "6":2.623193775472397,
    "7":3.008521674694331,
    "8":3.3938495739162655,
    "9":3.8977399036680254,
    "10":3.8014079288625413,
    "11":4.3571693219711,
    "12":4.423860689144128,
    "13":4.10522415709522,
    "14":3.445720637273064,
    "15":3.4753612449055207,
    "16":2.927010003705076,
    "17":3.2456465357539828,
    "18":2.7195257502778807,
    "19":2.741756206002223,
    "20":2.7565765098184514,
    "21":2.037791774731382,
    "22":2.1934049648017786,
    "23":2.1267135976287515,
    "24":2.1341237495368657,
    "25":1.8673582808447573,
    "26":1.578362356428307,
    "27":1.5116709892552798,
    "28":1.3115968877361985,
    "29":1.4820303816228233,
    "30":1.3190070396443128,
    "31":1.2967765839199703,
    "32":1.00778065950352,
    "33":0.829937013708781,
    "34":0.7187847350870693,
    "35":0.7780659503519822,
    "36":0.7261948869951834,
    "37":0.4075583549462764,
    "38":0.4297888106706188,
    "39":0.3630974434975917,
    "40":0.38532789922193406,
    "41":0.38532789922193406,
    "42":0.4075583549462764,
    "43":0.5409410892923304,
    "44":0.40014820303816234,
    "45":0.37791774731381994,
    "46":0.2741756206002223,
    "47":0.2223045572434235,
    "48":0.2593553167839941,
    "49":0.32604668395702113,
    "50":0.15561319007039645,
    "51":0.1852537977028529,
    "52":0.19266394961096703,
    "53":0.14820303816228234,
    "54":0.1333827343460541,
    "55":0.22971470915153763,
    "56":0.19266394961096703,
    "57":0.2148944053353094,
    "58":0.16302334197851057,
    "59":0.15561319007039645,
    "60":0.1778436457947388,
    "61":0.1852537977028529,
    "62":0.1333827343460541,
    "63":0.09633197480548351,
    "64":0.11856243052982586,
    "65":0.10374212671359763,
    "66":0.12597258243794,
    "67":0.15561319007039645,
    "68":0.05928121526491293,
    "69":0.051871063356798815,
    "70":0.08151167098925528,
    "71":0.07410151908114117,
    "72":0.06669136717302705,
    "73":0.0444609114486847,
    "74":0.10374212671359763,
    "75":0.09633197480548351,
    "76":0.06669136717302705,
    "77":0.07410151908114117,
    "78":0.0444609114486847,
    "79":0.037050759540570584,
    "80":0.07410151908114117,
    "81":0.07410151908114117,
    "82":0.10374212671359763,
    "83":0.0889218228973694,
    "84":0.11115227862171174,
    "85":0.06669136717302705,
    "86":0.07410151908114117,
    "87":0.06669136717302705,
    "88":0.05928121526491293,
    "89":0.0444609114486847,
    "90":0.037050759540570584,
    "91":0.06669136717302705,
    "92":0.05928121526491293,
    "93":0.0889218228973694,
    "94":0.051871063356798815,
    "95":0.0444609114486847,
    "96":0.0444609114486847,
    "97":0.05928121526491293,
    "98":0.029640607632456465,
    "99":0.051871063356798815,
    "100":0.007410151908114116,
    "101":0.0444609114486847,
    "102":0.029640607632456465,
    "103":0.037050759540570584,
    "104":0.0444609114486847,
    "105":0.051871063356798815,
    "106":0.029640607632456465,
    "107":0.08151167098925528,
    "108":0.05928121526491293,
    "109":0.051871063356798815,
    "110":0.08151167098925528,
    "111":0.0,
    "112":0.014820303816228233,
    "113":0.014820303816228233,
    "114":0.014820303816228233,
    "115":0.007410151908114116,
    "116":0.0,
    "117":0.007410151908114116,
    "118":0.02223045572434235,
    "119":0.014820303816228233,
    "120":0.007410151908114116,
    "121":0.02223045572434235,
    "122":0.037050759540570584,
    "123":0.007410151908114116,
    "124":0.007410151908114116,
    "125":0.0,
    "126":0.007410151908114116,
    "127":0.0,
    "128":0.007410151908114116,
    "129":0.0,
    "130":0.007410151908114116,
    "131":0.0,
    "132":0.0,
    "133":0.007410151908114116,
    "134":0.02223045572434235,
    "135":0.0,
    "136":0.0,
    "137":0.0,
    "138":0.0,
    "139":0.0,
    "140":0.0,
    "141":0.0,
    "142":0.0,
    "143":0.0
}