{
    "0":4.205075090626618,
    "1":5.147591921284309,
    "2":5.334023821853961,
    "3":3.2314862765406525,
    "4":3.0346970481615743,
    "5":3.0864836872087005,
    "6":2.837907819782496,
    "7":2.2993267736923872,
    "8":2.5168306576903157,
    "9":2.3718280683583637,
    "10":2.0507509062661833,
    "11":2.2682547902641117,
    "12":2.257897462454687,
    "13":1.8746763335059555,
    "14":1.9782496116002073,
    "15":2.0611082340756086,
    "16":1.3775245986535474,
    "17":1.5846711548420507,
    "18":1.5950284826514758,
    "19":1.5432418436043502,
    "20":1.6882444329363022,
    "21":1.7814603832211289,
    "22":1.5225271879854998,
    "23":1.4914552045572242,
    "24":1.3775245986535474,
    "25":1.2221646815121698,
    "26":1.3878819264629725,
    "27":1.3982392542723976,
    "28":1.356809943034697,
    "29":1.0978767477990679,
    "30":1.035732780942517,
    "31":1.1496633868461936,
    "32":1.0150181253236665,
    "33":0.8907301916105644,
    "34":0.9735888140859659,
    "35":0.9218021750388401,
    "36":0.7975142413257379,
    "37":0.9114448472294149,
    "38":0.8285862247540134,
    "39":0.6421543241843605,
    "40":0.7767995857068877,
    "41":0.7975142413257379,
    "42":0.6939409632314862,
    "43":0.4660797514241326,
    "44":0.6421543241843605,
    "45":0.6317969963749352,
    "46":0.5592957017089591,
    "47":0.7560849300880373,
    "48":0.5489383738995339,
    "49":0.5489383738995339,
    "50":0.6007250129466598,
    "51":0.5489383738995339,
    "52":0.6421543241843605,
    "53":0.6628689798032108,
    "54":0.5385810460901088,
    "55":0.6110823407560849,
    "56":0.5592957017089591,
    "57":0.4660797514241326,
    "58":0.43500776799585705,
    "59":0.35214914552045573,
    "60":0.4246504401864319,
    "61":0.3832211289487312,
    "62":0.3935784567581564,
    "63":0.25893319523562924,
    "64":0.2796478508544796,
    "65":0.2692905230450544,
    "66":0.2692905230450544,
    "67":0.25893319523562924,
    "68":0.31071983428275507,
    "69":0.21750388399792853,
    "70":0.23821853961677888,
    "71":0.3314344899016054,
    "72":0.2796478508544796,
    "73":0.4142931123770067,
    "74":0.22786121180735372,
    "75":0.25893319523562924,
    "76":0.34179181771103057,
    "77":0.18643190056965303,
    "78":0.1967892283790782,
    "79":0.24857586742620405,
    "80":0.22786121180735372,
    "81":0.1967892283790782,
    "82":0.23821853961677888,
    "83":0.25893319523562924,
    "84":0.17607457276022787,
    "85":0.14500258933195237,
    "86":0.1657172449508027,
    "87":0.22786121180735372,
    "88":0.12428793371310203,
    "89":0.10357327809425168,
    "90":0.18643190056965303,
    "91":0.08285862247540135,
    "92":0.09321595028482652,
    "93":0.09321595028482652,
    "94":0.05178663904712584,
    "95":0.08285862247540135,
    "96":0.07250129466597618,
    "97":0.09321595028482652,
    "98":0.12428793371310203,
    "99":0.10357327809425168,
    "100":0.06214396685655101,
    "101":0.10357327809425168,
    "102":0.15535991714137753,
    "103":0.09321595028482652,
    "104":0.11393060590367686,
    "105":0.05178663904712584,
    "106":0.14500258933195237,
    "107":0.09321595028482652,
    "108":0.041429311237700675,
    "109":0.11393060590367686,
    "110":0.07250129466597618,
    "111":0.08285862247540135,
    "112":0.041429311237700675,
    "113":0.08285862247540135,
    "114":0.10357327809425168,
    "115":0.05178663904712584,
    "116":0.031071983428275506,
    "117":0.041429311237700675,
    "118":0.031071983428275506,
    "119":0.020714655618850338,
    "120":0.020714655618850338,
    "121":0.031071983428275506,
    "122":0.041429311237700675,
    "123":0.06214396685655101,
    "124":0.041429311237700675,
    "125":0.041429311237700675,
    "126":0.010357327809425169,
    "127":0.06214396685655101,
    "128":0.031071983428275506,
    "129":0.041429311237700675,
    "130":0.05178663904712584,
    "131":0.020714655618850338,
    "132":0.020714655618850338,
    "133":0.041429311237700675,
    "134":0.010357327809425169,
    "135":0.031071983428275506,
    "136":0.031071983428275506,
    "137":0.0,
    "138":0.020714655618850338,
    "139":0.031071983428275506,
    "140":0.010357327809425169,
    "141":0.020714655618850338,
    "142":0.010357327809425169,
    "143":0.0,
    "144":0.020714655618850338,
    "145":0.010357327809425169,
    "146":0.0,
    "147":0.031071983428275506,
    "148":0.010357327809425169,
    "149":0.031071983428275506,
    "150":0.010357327809425169,
    "151":0.031071983428275506,
    "152":0.031071983428275506,
    "153":0.020714655618850338,
    "154":0.05178663904712584,
    "155":0.041429311237700675,
    "156":0.041429311237700675,
    "157":0.010357327809425169,
    "158":0.020714655618850338,
    "159":0.0,
    "160":0.010357327809425169,
    "161":0.05178663904712584,
    "162":0.031071983428275506,
    "163":0.041429311237700675,
    "164":0.020714655618850338,
    "165":0.031071983428275506,
    "166":0.010357327809425169,
    "167":0.020714655618850338,
    "168":0.05178663904712584,
    "169":0.010357327809425169,
    "170":0.0,
    "171":0.020714655618850338,
    "172":0.020714655618850338,
    "173":0.010357327809425169,
    "174":0.010357327809425169,
    "175":0.0,
    "176":0.041429311237700675,
    "177":0.0,
    "178":0.031071983428275506,
    "179":0.010357327809425169,
    "180":0.0,
    "181":0.031071983428275506,
    "182":0.020714655618850338,
    "183":0.041429311237700675,
    "184":0.020714655618850338,
    "185":0.020714655618850338,
    "186":0.020714655618850338,
    "187":0.020714655618850338,
    "188":0.041429311237700675,
    "189":0.05178663904712584,
    "190":0.010357327809425169,
    "191":0.020714655618850338,
    "192":0.020714655618850338,
    "193":0.05178663904712584,
    "194":0.0,
    "195":0.0,
    "196":0.0,
    "197":0.0,
    "198":0.0,
    "199":0.0,
    "200":0.0,
    "201":0.0
}