{
    "0":1.994134897360704,
    "1":2.3721081785597913,
    "2":4.796350602802216,
    "3":3.955685891169762,
    "4":4.040404040404041,
    "5":4.040404040404041,
    "6":2.7891821440208537,
    "7":2.8999674160964486,
    "8":3.141088302378625,
    "9":3.0433365917236883,
    "10":2.7631150211795372,
    "11":3.004235907461714,
    "12":2.965135223199739,
    "13":3.1280547409579667,
    "14":3.3300749429781686,
    "15":2.52851091560769,
    "16":2.665363310524601,
    "17":2.280873248615184,
    "18":2.2352557836428804,
    "19":2.007168458781362,
    "20":2.0202020202020203,
    "21":1.8637992831541221,
    "22":1.7790811339198438,
    "23":1.4793092212447052,
    "24":1.5118931247963505,
    "25":1.2186379928315414,
    "26":1.3620071684587813,
    "27":1.3685239491691104,
    "28":1.3033561420658195,
    "29":0.997067448680352,
    "30":1.0557184750733137,
    "31":0.9710003258390356,
    "32":1.0296513522319974,
    "33":0.7559465623981753,
    "34":0.7233626588465298,
    "35":0.5799934832192897,
    "36":0.5734767025089605,
    "37":0.7298794395568589,
    "38":0.5865102639296188,
    "39":0.7038123167155426,
    "40":0.5604431410883024,
    "41":0.5148256761159987,
    "42":0.5930270446399478,
    "43":0.4822417725643532,
    "44":0.5148256761159987,
    "45":0.44314108830237864,
    "46":0.5539263603779733,
    "47":0.4366243075920495,
    "48":0.38449006190941676,
    "49":0.45617464972303684,
    "50":0.38449006190941676,
    "51":0.3388725969371131,
    "52":0.2541544477028348,
    "53":0.39100684261974583,
    "54":0.2997719126751385,
    "55":0.2997719126751385,
    "56":0.3258390355164549,
    "57":0.33235581622678395,
    "58":0.3062886933854676,
    "59":0.34538937764744215,
    "60":0.39100684261974583,
    "61":0.36493971977842943,
    "62":0.31932225480612575,
    "63":0.2932551319648094,
    "64":0.267188009123493,
    "65":0.2867383512544803,
    "66":0.2802215705441512,
    "67":0.14988595633756924,
    "68":0.19550342130987292,
    "69":0.20853698273053112,
    "70":0.2541544477028348,
    "71":0.17595307917888564,
    "72":0.22808732486151842,
    "73":0.11078527207559466,
    "74":0.15640273704789834,
    "75":0.17595307917888564,
    "76":0.17595307917888564,
    "77":0.22808732486151842,
    "78":0.20853698273053112,
    "79":0.13685239491691104,
    "80":0.13685239491691104,
    "81":0.12381883349625285,
    "82":0.14336917562724014,
    "83":0.18246985988921471,
    "84":0.20202020202020202,
    "85":0.16943629846855654,
    "86":0.11730205278592376,
    "87":0.13685239491691104,
    "88":0.06516780710329098,
    "89":0.15640273704789834,
    "90":0.13685239491691104,
    "91":0.16291951775822744,
    "92":0.11078527207559466,
    "93":0.11078527207559466,
    "94":0.12381883349625285,
    "95":0.05865102639296188,
    "96":0.07820136852394917,
    "97":0.09123492994460736,
    "98":0.019550342130987292,
    "99":0.02606712284131639,
    "100":0.04561746497230368,
    "101":0.05865102639296188,
    "102":0.04561746497230368,
    "103":0.006516780710329097,
    "104":0.05213424568263278,
    "105":0.05213424568263278,
    "106":0.039100684261974585,
    "107":0.006516780710329097,
    "108":0.02606712284131639,
    "109":0.02606712284131639,
    "110":0.03258390355164549,
    "111":0.03258390355164549,
    "112":0.05213424568263278,
    "113":0.02606712284131639,
    "114":0.05213424568263278,
    "115":0.019550342130987292,
    "116":0.05213424568263278,
    "117":0.05865102639296188,
    "118":0.03258390355164549,
    "119":0.05213424568263278,
    "120":0.02606712284131639,
    "121":0.013033561420658195,
    "122":0.039100684261974585,
    "123":0.013033561420658195,
    "124":0.019550342130987292,
    "125":0.03258390355164549,
    "126":0.03258390355164549,
    "127":0.02606712284131639,
    "128":0.02606712284131639,
    "129":0.04561746497230368,
    "130":0.019550342130987292,
    "131":0.04561746497230368,
    "132":0.05213424568263278,
    "133":0.04561746497230368,
    "134":0.03258390355164549,
    "135":0.03258390355164549,
    "136":0.02606712284131639,
    "137":0.05865102639296188,
    "138":0.03258390355164549,
    "139":0.02606712284131639,
    "140":0.03258390355164549,
    "141":0.02606712284131639,
    "142":0.05213424568263278,
    "143":0.02606712284131639,
    "144":0.019550342130987292,
    "145":0.019550342130987292,
    "146":0.019550342130987292,
    "147":0.05213424568263278,
    "148":0.04561746497230368,
    "149":0.039100684261974585,
    "150":0.04561746497230368,
    "151":0.006516780710329097,
    "152":0.02606712284131639,
    "153":0.013033561420658195,
    "154":0.02606712284131639,
    "155":0.03258390355164549,
    "156":0.03258390355164549,
    "157":0.0,
    "158":0.019550342130987292,
    "159":0.019550342130987292,
    "160":0.006516780710329097,
    "161":0.013033561420658195,
    "162":0.006516780710329097,
    "163":0.019550342130987292,
    "164":0.006516780710329097,
    "165":0.006516780710329097,
    "166":0.013033561420658195,
    "167":0.006516780710329097,
    "168":0.0,
    "169":0.019550342130987292,
    "170":0.02606712284131639,
    "171":0.0,
    "172":0.0,
    "173":0.0,
    "174":0.02606712284131639,
    "175":0.006516780710329097,
    "176":0.019550342130987292,
    "177":0.006516780710329097,
    "178":0.006516780710329097,
    "179":0.019550342130987292,
    "180":0.006516780710329097,
    "181":0.006516780710329097,
    "182":0.0,
    "183":0.006516780710329097,
    "184":0.013033561420658195,
    "185":0.006516780710329097,
    "186":0.006516780710329097,
    "187":0.0,
    "188":0.0,
    "189":0.0,
    "190":0.0,
    "191":0.0,
    "192":0.0,
    "193":0.0,
    "194":0.0,
    "195":0.0,
    "196":0.0,
    "197":0.0,
    "198":0.0,
    "199":0.0,
    "200":0.0,
    "201":0.0,
    "202":0.0,
    "203":0.0,
    "204":0.0,
    "205":0.0,
    "206":0.0,
    "207":0.0,
    "208":0.0,
    "209":0.0,
    "210":0.006516780710329097,
    "211":0.0,
    "212":0.0,
    "213":0.0,
    "214":0.0,
    "215":0.0,
    "216":0.0,
    "217":0.0,
    "218":0.0
}