{
    "0":3.6397515527950315,
    "1":0.33540372670807456,
    "2":2.198757763975155,
    "3":1.4161490683229814,
    "4":1.2670807453416149,
    "5":2.248447204968944,
    "6":2.732919254658385,
    "7":1.7142857142857144,
    "8":2.919254658385093,
    "9":2.645962732919255,
    "10":2.1242236024844723,
    "11":2.298136645962733,
    "12":2.086956521739131,
    "13":1.6770186335403725,
    "14":1.8012422360248446,
    "15":1.6645962732919253,
    "16":1.2422360248447204,
    "17":0.9440993788819876,
    "18":1.4409937888198756,
    "19":0.8074534161490683,
    "20":0.7950310559006212,
    "21":1.1677018633540373,
    "22":1.3167701863354038,
    "23":1.1925465838509317,
    "24":1.0434782608695654,
    "25":1.2919254658385093,
    "26":1.4161490683229814,
    "27":1.68944099378882,
    "28":1.37888198757764,
    "29":1.6273291925465838,
    "30":1.4782608695652173,
    "31":1.2298136645962732,
    "32":1.3043478260869565,
    "33":1.4037267080745341,
    "34":1.6273291925465838,
    "35":1.37888198757764,
    "36":1.6645962732919253,
    "37":1.3540372670807452,
    "38":1.1925465838509317,
    "39":1.6024844720496896,
    "40":1.279503105590062,
    "41":1.5279503105590062,
    "42":1.3167701863354038,
    "43":1.1925465838509317,
    "44":1.1428571428571428,
    "45":0.9689440993788819,
    "46":0.84472049689441,
    "47":0.9937888198757764,
    "48":1.031055900621118,
    "49":1.0062111801242235,
    "50":1.0559006211180124,
    "51":0.8944099378881987,
    "52":0.7080745341614907,
    "53":0.6459627329192547,
    "54":0.8695652173913043,
    "55":0.8074534161490683,
    "56":0.6583850931677019,
    "57":0.6335403726708074,
    "58":0.5093167701863354,
    "59":0.38509316770186336,
    "60":0.40993788819875776,
    "61":0.6335403726708074,
    "62":0.5714285714285714,
    "63":0.5838509316770186,
    "64":0.5465838509316769,
    "65":0.4968944099378882,
    "66":0.4596273291925466,
    "67":0.4968944099378882,
    "68":0.422360248447205,
    "69":0.40993788819875776,
    "70":0.34782608695652173,
    "71":0.22360248447204967,
    "72":0.26086956521739135,
    "73":0.3105590062111801,
    "74":0.32298136645962733,
    "75":0.26086956521739135,
    "76":0.17391304347826086,
    "77":0.2857142857142857,
    "78":0.2981366459627329,
    "79":0.2981366459627329,
    "80":0.32298136645962733,
    "81":0.18633540372670807,
    "82":0.14906832298136646,
    "83":0.34782608695652173,
    "84":0.2111801242236025,
    "85":0.14906832298136646,
    "86":0.17391304347826086,
    "87":0.26086956521739135,
    "88":0.2111801242236025,
    "89":0.2484472049689441,
    "90":0.17391304347826086,
    "91":0.12422360248447205,
    "92":0.2360248447204969,
    "93":0.13664596273291924,
    "94":0.14906832298136646,
    "95":0.1987577639751553,
    "96":0.13664596273291924,
    "97":0.12422360248447205,
    "98":0.12422360248447205,
    "99":0.2484472049689441,
    "100":0.2111801242236025,
    "101":0.13664596273291924,
    "102":0.062111801242236024,
    "103":0.17391304347826086,
    "104":0.18633540372670807,
    "105":0.12422360248447205,
    "106":0.13664596273291924,
    "107":0.08695652173913043,
    "108":0.09937888198757765,
    "109":0.13664596273291924,
    "110":0.08695652173913043,
    "111":0.13664596273291924,
    "112":0.13664596273291924,
    "113":0.07453416149068323,
    "114":0.12422360248447205,
    "115":0.062111801242236024,
    "116":0.07453416149068323,
    "117":0.16149068322981366,
    "118":0.08695652173913043,
    "119":0.11180124223602483,
    "120":0.08695652173913043,
    "121":0.04968944099378882,
    "122":0.11180124223602483,
    "123":0.09937888198757765,
    "124":0.04968944099378882,
    "125":0.07453416149068323,
    "126":0.08695652173913043,
    "127":0.12422360248447205,
    "128":0.09937888198757765,
    "129":0.04968944099378882,
    "130":0.062111801242236024,
    "131":0.04968944099378882,
    "132":0.07453416149068323,
    "133":0.09937888198757765,
    "134":0.07453416149068323,
    "135":0.07453416149068323,
    "136":0.037267080745341616,
    "137":0.09937888198757765,
    "138":0.08695652173913043,
    "139":0.037267080745341616,
    "140":0.037267080745341616,
    "141":0.062111801242236024,
    "142":0.037267080745341616,
    "143":0.02484472049689441,
    "144":0.04968944099378882,
    "145":0.062111801242236024,
    "146":0.012422360248447206,
    "147":0.062111801242236024,
    "148":0.012422360248447206,
    "149":0.07453416149068323,
    "150":0.04968944099378882,
    "151":0.037267080745341616,
    "152":0.012422360248447206,
    "153":0.0,
    "154":0.037267080745341616,
    "155":0.012422360248447206,
    "156":0.062111801242236024,
    "157":0.037267080745341616,
    "158":0.0,
    "159":0.0,
    "160":0.037267080745341616,
    "161":0.02484472049689441,
    "162":0.0,
    "163":0.037267080745341616,
    "164":0.02484472049689441,
    "165":0.012422360248447206,
    "166":0.0,
    "167":0.012422360248447206,
    "168":0.012422360248447206,
    "169":0.037267080745341616,
    "170":0.07453416149068323,
    "171":0.012422360248447206,
    "172":0.012422360248447206,
    "173":0.02484472049689441,
    "174":0.062111801242236024,
    "175":0.037267080745341616,
    "176":0.02484472049689441,
    "177":0.0,
    "178":0.0,
    "179":0.0,
    "180":0.0,
    "181":0.0,
    "182":0.012422360248447206,
    "183":0.012422360248447206,
    "184":0.02484472049689441,
    "185":0.02484472049689441,
    "186":0.02484472049689441,
    "187":0.037267080745341616,
    "188":0.012422360248447206,
    "189":0.0,
    "190":0.012422360248447206,
    "191":0.02484472049689441,
    "192":0.0,
    "193":0.037267080745341616,
    "194":0.0,
    "195":0.0,
    "196":0.0,
    "197":0.012422360248447206,
    "198":0.0,
    "199":0.0,
    "200":0.037267080745341616,
    "201":0.012422360248447206,
    "202":0.0,
    "203":0.0,
    "204":0.0,
    "205":0.0,
    "206":0.0,
    "207":0.0,
    "208":0.0,
    "209":0.0,
    "210":0.0,
    "211":0.0,
    "212":0.0,
    "213":0.0,
    "214":0.0,
    "215":0.0,
    "216":0.0,
    "217":0.0,
    "218":0.0,
    "219":0.0,
    "220":0.0,
    "221":0.0,
    "222":0.0,
    "223":0.0,
    "224":0.0,
    "225":0.0,
    "226":0.0,
    "227":0.0,
    "228":0.0,
    "229":0.0,
    "230":0.0,
    "231":0.0,
    "232":0.0,
    "233":0.0,
    "234":0.0,
    "235":0.0,
    "236":0.0,
    "237":0.0,
    "238":0.0,
    "239":0.0,
    "240":0.012422360248447206,
    "241":0.0,
    "242":0.0,
    "243":0.0,
    "244":0.0,
    "245":0.0,
    "246":0.012422360248447206,
    "247":0.0,
    "248":0.0,
    "249":0.0,
    "250":0.0,
    "251":0.0,
    "252":0.0,
    "253":0.0,
    "254":0.0,
    "255":0.0,
    "256":0.0,
    "257":0.0,
    "258":0.0,
    "259":0.0,
    "260":0.012422360248447206,
    "261":0.04968944099378882,
    "262":0.0,
    "263":0.0,
    "264":0.0,
    "265":0.0,
    "266":0.0,
    "267":0.0,
    "268":0.0,
    "269":0.0
}