{
    "0":3.668649720569677,
    "1":1.8748873264827837,
    "2":5.904092302145304,
    "3":3.5604831440418248,
    "4":3.4433026861366502,
    "5":3.4162610420046877,
    "6":2.5869839552911484,
    "7":2.7312060573282855,
    "8":2.4517757346313322,
    "9":2.776275464214891,
    "10":2.5869839552911484,
    "11":2.8123309897241753,
    "12":2.6140255994231114,
    "13":2.1182621236704526,
    "14":1.9289706147467098,
    "15":1.9830539030106362,
    "16":1.9469983775013522,
    "17":1.712637461691004,
    "18":1.5864431224085092,
    "19":1.6134847665404721,
    "20":1.8388318009734992,
    "21":1.451234901748693,
    "22":1.451234901748693,
    "23":1.2349017486929872,
    "24":1.2979989183342346,
    "25":1.1267351721651342,
    "26":1.2349017486929872,
    "27":1.5684153596538668,
    "28":1.3610960879754823,
    "29":1.3971516134847666,
    "30":1.2709572742022714,
    "31":1.0456102397692446,
    "32":1.0185685956372814,
    "33":0.847304849468181,
    "34":1.1718045790517395,
    "35":0.9104020191094285,
    "36":0.9734991887506761,
    "37":0.9284297818640705,
    "38":0.9644853073733549,
    "39":0.9013881377321075,
    "40":0.9284297818640705,
    "41":1.0456102397692446,
    "42":0.9734991887506761,
    "43":0.7842076798269334,
    "44":0.9915269515053181,
    "45":0.7571660356949702,
    "46":0.9104020191094285,
    "47":0.8112493239588967,
    "48":0.6580133405444384,
    "49":0.7842076798269334,
    "50":0.6670272219217596,
    "51":0.5949161709031909,
    "52":0.5318190012619434,
    "53":0.6309716964124752,
    "54":0.5137912385073012,
    "55":0.5588606453939067,
    "56":0.6219578150351541,
    "57":0.4687218316206959,
    "58":0.5588606453939067,
    "59":0.40562466197944835,
    "60":0.45069406886605373,
    "61":0.4326663061114116,
    "62":0.360555255092843,
    "63":0.3515413737155219,
    "64":0.4416801874887326,
    "65":0.34252749233820085,
    "66":0.2163331530557058,
    "67":0.26140255994231115,
    "68":0.34252749233820085,
    "69":0.2704164413196322,
    "70":0.2523886785649901,
    "71":0.27943032269695334,
    "72":0.22534703443302687,
    "73":0.2523886785649901,
    "74":0.15323598341445827,
    "75":0.18929150892374255,
    "76":0.24337479718766902,
    "77":0.1802776275464215,
    "78":0.16224986479177933,
    "79":0.2163331530557058,
    "80":0.11718045790517398,
    "81":0.12619433928249504,
    "82":0.027041644131963225,
    "83":0.0721110510185686,
    "84":0.05408328826392645,
    "85":0.09915269515053182,
    "86":0.04506940688660537,
    "87":0.04506940688660537,
    "88":0.01802776275464215,
    "89":0.04506940688660537,
    "90":0.04506940688660537,
    "91":0.027041644131963225,
    "92":0.027041644131963225,
    "93":0.05408328826392645,
    "94":0.027041644131963225,
    "95":0.04506940688660537,
    "96":0.05408328826392645,
    "97":0.04506940688660537,
    "98":0.027041644131963225,
    "99":0.04506940688660537,
    "100":0.027041644131963225,
    "101":0.01802776275464215,
    "102":0.08112493239588967,
    "103":0.04506940688660537,
    "104":0.0721110510185686,
    "105":0.0360555255092843,
    "106":0.0360555255092843,
    "107":0.027041644131963225,
    "108":0.027041644131963225,
    "109":0.009013881377321075,
    "110":0.05408328826392645,
    "111":0.01802776275464215,
    "112":0.0360555255092843,
    "113":0.009013881377321075,
    "114":0.0360555255092843,
    "115":0.05408328826392645,
    "116":0.0360555255092843,
    "117":0.01802776275464215,
    "118":0.05408328826392645,
    "119":0.009013881377321075,
    "120":0.04506940688660537,
    "121":0.027041644131963225,
    "122":0.0360555255092843,
    "123":0.027041644131963225,
    "124":0.027041644131963225,
    "125":0.009013881377321075,
    "126":0.06309716964124752,
    "127":0.009013881377321075,
    "128":0.01802776275464215,
    "129":0.027041644131963225,
    "130":0.0360555255092843,
    "131":0.009013881377321075,
    "132":0.009013881377321075,
    "133":0.0,
    "134":0.0,
    "135":0.01802776275464215,
    "136":0.01802776275464215,
    "137":0.0,
    "138":0.0360555255092843,
    "139":0.0360555255092843,
    "140":0.0,
    "141":0.009013881377321075,
    "142":0.009013881377321075,
    "143":0.027041644131963225,
    "144":0.0,
    "145":0.01802776275464215,
    "146":0.009013881377321075,
    "147":0.009013881377321075,
    "148":0.009013881377321075,
    "149":0.0,
    "150":0.009013881377321075,
    "151":0.009013881377321075,
    "152":0.0,
    "153":0.0,
    "154":0.01802776275464215,
    "155":0.0,
    "156":0.009013881377321075,
    "157":0.0,
    "158":0.0360555255092843,
    "159":0.0,
    "160":0.0,
    "161":0.0,
    "162":0.0,
    "163":0.0,
    "164":0.0,
    "165":0.0,
    "166":0.0,
    "167":0.0,
    "168":0.0,
    "169":0.01802776275464215,
    "170":0.0,
    "171":0.009013881377321075,
    "172":0.009013881377321075,
    "173":0.0,
    "174":0.009013881377321075,
    "175":0.009013881377321075,
    "176":0.0,
    "177":0.009013881377321075,
    "178":0.01802776275464215,
    "179":0.009013881377321075,
    "180":0.009013881377321075,
    "181":0.027041644131963225,
    "182":0.0,
    "183":0.0,
    "184":0.009013881377321075,
    "185":0.009013881377321075,
    "186":0.009013881377321075,
    "187":0.0,
    "188":0.01802776275464215,
    "189":0.027041644131963225,
    "190":0.0,
    "191":0.0,
    "192":0.0,
    "193":0.009013881377321075,
    "194":0.01802776275464215,
    "195":0.009013881377321075,
    "196":0.009013881377321075,
    "197":0.0,
    "198":0.0,
    "199":0.009013881377321075,
    "200":0.009013881377321075,
    "201":0.0,
    "202":0.009013881377321075,
    "203":0.0,
    "204":0.0,
    "205":0.0,
    "206":0.009013881377321075,
    "207":0.0,
    "208":0.0,
    "209":0.027041644131963225,
    "210":0.0,
    "211":0.009013881377321075,
    "212":0.0,
    "213":0.009013881377321075,
    "214":0.0,
    "215":0.01802776275464215,
    "216":0.009013881377321075,
    "217":0.009013881377321075,
    "218":0.01802776275464215,
    "219":0.0,
    "220":0.0,
    "221":0.01802776275464215,
    "222":0.01802776275464215,
    "223":0.009013881377321075,
    "224":0.009013881377321075,
    "225":0.0,
    "226":0.027041644131963225,
    "227":0.009013881377321075,
    "228":0.027041644131963225,
    "229":0.0,
    "230":0.0,
    "231":0.0,
    "232":0.0,
    "233":0.0,
    "234":0.0,
    "235":0.0,
    "236":0.0,
    "237":0.0
}