{
    "0":[
        [
            -1.4568511335074354,
            -48.47474967698377
        ]
    ],
    "1":[
        [
            -1.4517910211456204,
            -48.46864590949698
        ]
    ],
    "2":[
        [
            -1.4582618096266453,
            -48.47514081423818
        ]
    ],
    "3":[
        [
            -1.4471382856246178,
            -48.47152689614082
        ]
    ],
    "4":[
        [
            -1.4588913402039794,
            -48.46341201721953
        ]
    ],
    "5":[
        [
            -1.4673926272686892,
            -48.47723022150895
        ]
    ],
    "6":[
        [
            -1.4559021350296768,
            -48.46820849727783
        ]
    ],
    "7":[
        [
            -1.4588628356454643,
            -48.475097622278966
        ]
    ],
    "8":[
        [
            -1.4526346993058865,
            -48.47839206555545
        ]
    ],
    "9":[
        [
            -1.4579333419569807,
            -48.46884456626228
        ]
    ],
    "path":[
        [
            300000000001,
            6950883234,
            6950883226,
            370205956,
            300000000003
        ],
        [
            300000000003,
            300000000008
        ],
        [
            300000000008,
            300000000003,
            370205956,
            6950883226,
            6950883234,
            491424134,
            274384202,
            491424128,
            491424123,
            491424115,
            3975022881,
            300000000009
        ],
        [
            300000000009,
            491424113,
            491424154,
            612301162,
            6950883235,
            6950883236,
            6950883237,
            6950883238,
            6950883239,
            3577572427,
            2713494467,
            603948695,
            2171938072,
            370760315,
            300000000002
        ],
        [
            300000000002,
            370760315,
            6950883265,
            4308136718,
            492644012,
            492644000,
            370205945,
            300000000007
        ],
        [
            300000000007,
            3761153427,
            4308136722,
            3975113606,
            491630314,
            492643983,
            491630316,
            4632591051,
            3603908261,
            3603908285,
            300000000005
        ],
        [
            300000000005,
            3603908285,
            3603908261,
            4632591051,
            491630316,
            492643983,
            491630314,
            4308136719,
            344718765,
            6952010028,
            6950883267,
            6950883265,
            370760315,
            2171938072,
            2171938063,
            492118126,
            2713494466,
            2713494464,
            2713494453,
            2713481225,
            2713494447,
            2713481223,
            2713494429,
            370760346,
            491465346,
            492644060,
            492644058,
            300000000004
        ],
        [
            300000000004,
            492644058,
            492644049,
            492644041,
            492644025,
            3975113449,
            370760328,
            3975113450,
            6507325920,
            7913995006,
            433168439,
            3042100682,
            3042100683,
            612301189,
            6950883235,
            6952010049,
            6950883234,
            6950883226,
            370205956,
            492021920,
            492021922,
            6950883228,
            6950883227,
            370759224,
            492021984,
            492021903,
            7914026710,
            7914026711,
            492021905,
            4308136745,
            492021890,
            1859439261,
            300000000006
        ],
        [
            300000000006,
            1859439261,
            492021890,
            4308136745,
            492021905,
            7914026711,
            7914026710,
            492021903,
            492021984,
            492021992,
            492021996,
            370759225,
            491465095,
            491465090,
            491465091,
            491465092,
            6950887185,
            6950883284,
            3975113583,
            300000000010
        ]
    ],
    "work_total":580247.9614725178
}