{
    "0":0.6532211970278435,
    "1":0.7675349065077162,
    "2":1.641218257532457,
    "3":3.0456438311423204,
    "4":3.780517677798645,
    "5":4.727688413489018,
    "6":4.392912550012248,
    "7":4.123458806238262,
    "8":3.3640891646933944,
    "9":3.0619743610680166,
    "10":2.7027027027027026,
    "11":3.1844533355107374,
    "12":2.286274189597452,
    "13":1.9923246509349228,
    "14":2.237282599820364,
    "15":2.033150975749163,
    "16":2.033150975749163,
    "17":2.0821425655262513,
    "18":2.0903078304890994,
    "19":1.869845676492202,
    "20":1.5922266677553687,
    "21":1.486078223238344,
    "22":1.5758961378296725,
    "23":2.057646770637707,
    "24":1.7636972319751774,
    "25":1.79635829182657,
    "26":1.6085571976810646,
    "27":1.5187392830897362,
    "28":1.7228709071609374,
    "29":1.2901118641299911,
    "30":1.2574508042785988,
    "31":1.3554339838327754,
    "32":1.2411202743529028,
    "33":1.1349718298358782,
    "34":1.2492855393157507,
    "35":1.3962603086470156,
    "36":1.3962603086470156,
    "37":1.3799297787213194,
    "38":1.143137094798726,
    "39":0.8165264962848044,
    "40":1.08598024005879,
    "41":0.906344410876133,
    "42":0.8900138809504368,
    "43":0.743039111619172,
    "44":0.7675349065077162,
    "45":0.6858822568792358,
    "46":0.6368906671021475,
    "47":0.6613864619906916,
    "48":0.571568547399363,
    "49":0.5062464276965787,
    "50":0.6777169919163877,
    "51":0.44092430799379434,
    "52":0.41642851310525025,
    "53":0.35927165836531394,
    "54":0.4980811627337307,
    "55":0.367436923328162,
    "56":0.32661059851392177,
    "57":0.4654201028823386,
    "58":0.31844533355107374,
    "59":0.3919327182167061,
    "60":0.3021148036253776,
    "61":0.2612884788111374,
    "62":0.2041316240712011,
    "63":0.2041316240712011,
    "64":0.12247897444272067,
    "65":0.24495794888544134,
    "66":0.15514003429411286,
    "67":0.26945374377398545,
    "68":0.1469747693312648,
    "69":0.16330529925696088,
    "70":0.10614844451702458,
    "71":0.16330529925696088,
    "72":0.0734873846656324,
    "73":0.08981791459132848,
    "74":0.10614844451702458,
    "75":0.10614844451702458,
    "76":0.1469747693312648,
    "77":0.12247897444272067,
    "78":0.1469747693312648,
    "79":0.10614844451702458,
    "80":0.16330529925696088,
    "81":0.06532211970278436,
    "82":0.08981791459132848,
    "83":0.1306442394055687,
    "84":0.08981791459132848,
    "85":0.09798317955417653,
    "86":0.08981791459132848,
    "87":0.06532211970278436,
    "88":0.08165264962848044,
    "89":0.11431370947987261,
    "90":0.12247897444272067,
    "91":0.16330529925696088,
    "92":0.06532211970278436,
    "93":0.13880950436841677,
    "94":0.13880950436841677,
    "95":0.11431370947987261,
    "96":0.1306442394055687,
    "97":0.08165264962848044,
    "98":0.048991589777088264,
    "99":0.11431370947987261,
    "100":0.0734873846656324,
    "101":0.09798317955417653,
    "102":0.048991589777088264,
    "103":0.0734873846656324,
    "104":0.04082632481424022,
    "105":0.04082632481424022,
    "106":0.03266105985139218,
    "107":0.09798317955417653,
    "108":0.06532211970278436,
    "109":0.048991589777088264,
    "110":0.05715685473993631,
    "111":0.10614844451702458,
    "112":0.04082632481424022,
    "113":0.08981791459132848,
    "114":0.03266105985139218,
    "115":0.05715685473993631,
    "116":0.03266105985139218,
    "117":0.024495794888544132,
    "118":0.048991589777088264,
    "119":0.05715685473993631,
    "120":0.04082632481424022,
    "121":0.048991589777088264,
    "122":0.048991589777088264,
    "123":0.03266105985139218,
    "124":0.06532211970278436,
    "125":0.04082632481424022,
    "126":0.05715685473993631,
    "127":0.03266105985139218,
    "128":0.024495794888544132,
    "129":0.01633052992569609,
    "130":0.04082632481424022,
    "131":0.03266105985139218,
    "132":0.024495794888544132,
    "133":0.01633052992569609,
    "134":0.04082632481424022,
    "135":0.01633052992569609,
    "136":0.01633052992569609,
    "137":0.03266105985139218,
    "138":0.01633052992569609,
    "139":0.008165264962848045,
    "140":0.024495794888544132,
    "141":0.0,
    "142":0.0,
    "143":0.048991589777088264,
    "144":0.008165264962848045,
    "145":0.03266105985139218,
    "146":0.008165264962848045,
    "147":0.024495794888544132,
    "148":0.024495794888544132,
    "149":0.048991589777088264,
    "150":0.04082632481424022,
    "151":0.0,
    "152":0.0,
    "153":0.0,
    "154":0.0,
    "155":0.0,
    "156":0.0,
    "157":0.0,
    "158":0.0,
    "159":0.0
}