{
    "0":0.8044634747632022,
    "1":1.4142986895030492,
    "2":1.6348773841961852,
    "3":1.80355520954976,
    "4":3.1140521603736864,
    "5":3.6979369404437525,
    "6":2.841572596340989,
    "7":2.3355391202802647,
    "8":2.9713247696898923,
    "9":3.3216556377319324,
    "10":2.5431425976385107,
    "11":2.2187621642662516,
    "12":2.348514337615155,
    "13":2.5950434669780718,
    "14":2.8934734656805503,
    "15":2.4393408589593877,
    "16":2.452316076294278,
    "17":2.0500843389126766,
    "18":2.2187621642662516,
    "19":2.2187621642662516,
    "20":2.4133904242896067,
    "21":2.2187621642662516,
    "22":2.283638250940703,
    "23":2.2576878162709226,
    "24":2.2576878162709226,
    "25":2.2187621642662516,
    "26":1.479174776177501,
    "27":1.4661995588426104,
    "28":1.842480861554431,
    "29":1.5051252108472817,
    "30":1.621902166861295,
    "31":1.44024912417283,
    "32":1.115868690800571,
    "33":1.4532243415077202,
    "34":1.5700012975217332,
    "35":1.1677695601401323,
    "36":1.0769430387958998,
    "37":0.7395873880887505,
    "38":0.791488257428312,
    "39":0.8563643441027637,
    "40":0.6617360840794083,
    "41":0.6617360840794083,
    "42":0.6487608667445179,
    "43":0.6228104320747372,
    "44":0.6617360840794083,
    "45":0.5838847800700662,
    "46":0.6357856494096277,
    "47":0.6487608667445179,
    "48":0.7006617360840794,
    "49":0.506033476060724,
    "50":0.7525626054236408,
    "51":0.4022317373816011,
    "52":0.5319839107305048,
    "53":0.46710782405605294,
    "54":0.4022317373816011,
    "55":0.36330608537693004,
    "56":0.5190086933956144,
    "57":0.41520695471649155,
    "58":0.42818217205138187,
    "59":0.3503308680420397,
    "60":0.14272739068379395,
    "61":0.29842999870247827,
    "62":0.33735565070714935,
    "63":0.1557026080186843,
    "64":0.14272739068379395,
    "65":0.16867782535357467,
    "66":0.16867782535357467,
    "67":0.24652912936291685,
    "68":0.2724795640326975,
    "69":0.23355391202802647,
    "70":0.14272739068379395,
    "71":0.2595043466978072,
    "72":0.2205786946931361,
    "73":0.24652912936291685,
    "74":0.1946282600233554,
    "75":0.2854547813675879,
    "76":0.2724795640326975,
    "77":0.1557026080186843,
    "78":0.16867782535357467,
    "79":0.1557026080186843,
    "80":0.2854547813675879,
    "81":0.18165304268846502,
    "82":0.11677695601401324,
    "83":0.11677695601401324,
    "84":0.1557026080186843,
    "85":0.1946282600233554,
    "86":0.11677695601401324,
    "87":0.0648760866744518,
    "88":0.1557026080186843,
    "89":0.10380173867912289,
    "90":0.07785130400934215,
    "91":0.07785130400934215,
    "92":0.11677695601401324,
    "93":0.09082652134423251,
    "94":0.14272739068379395,
    "95":0.14272739068379395,
    "96":0.10380173867912289,
    "97":0.11677695601401324,
    "98":0.1557026080186843,
    "99":0.07785130400934215,
    "100":0.11677695601401324,
    "101":0.09082652134423251,
    "102":0.051900869339561444,
    "103":0.038925652004671074,
    "104":0.0648760866744518,
    "105":0.11677695601401324,
    "106":0.0648760866744518,
    "107":0.025950434669780722,
    "108":0.038925652004671074,
    "109":0.012975217334890361,
    "110":0.038925652004671074,
    "111":0.07785130400934215,
    "112":0.07785130400934215,
    "113":0.051900869339561444,
    "114":0.07785130400934215,
    "115":0.038925652004671074,
    "116":0.051900869339561444,
    "117":0.051900869339561444,
    "118":0.051900869339561444,
    "119":0.09082652134423251,
    "120":0.07785130400934215,
    "121":0.012975217334890361,
    "122":0.0,
    "123":0.025950434669780722,
    "124":0.025950434669780722,
    "125":0.012975217334890361,
    "126":0.025950434669780722,
    "127":0.012975217334890361,
    "128":0.012975217334890361,
    "129":0.012975217334890361,
    "130":0.038925652004671074,
    "131":0.012975217334890361,
    "132":0.038925652004671074,
    "133":0.038925652004671074,
    "134":0.0,
    "135":0.025950434669780722,
    "136":0.0648760866744518,
    "137":0.025950434669780722,
    "138":0.012975217334890361,
    "139":0.0648760866744518,
    "140":0.012975217334890361,
    "141":0.038925652004671074,
    "142":0.025950434669780722,
    "143":0.025950434669780722,
    "144":0.012975217334890361,
    "145":0.012975217334890361,
    "146":0.012975217334890361,
    "147":0.012975217334890361,
    "148":0.025950434669780722,
    "149":0.025950434669780722,
    "150":0.012975217334890361,
    "151":0.025950434669780722,
    "152":0.012975217334890361,
    "153":0.025950434669780722,
    "154":0.0,
    "155":0.0,
    "156":0.012975217334890361,
    "157":0.012975217334890361,
    "158":0.025950434669780722,
    "159":0.012975217334890361,
    "160":0.0,
    "161":0.012975217334890361,
    "162":0.025950434669780722,
    "163":0.0,
    "164":0.025950434669780722,
    "165":0.025950434669780722,
    "166":0.012975217334890361,
    "167":0.025950434669780722,
    "168":0.051900869339561444,
    "169":0.025950434669780722,
    "170":0.0,
    "171":0.012975217334890361,
    "172":0.0648760866744518,
    "173":0.0,
    "174":0.0,
    "175":0.0,
    "176":0.0,
    "177":0.0,
    "178":0.0,
    "179":0.0,
    "180":0.0,
    "181":0.0,
    "182":0.0,
    "183":0.0,
    "184":0.0,
    "185":0.0,
    "186":0.0,
    "187":0.0,
    "188":0.0,
    "189":0.0,
    "190":0.0,
    "191":0.0,
    "192":0.0,
    "193":0.0,
    "194":0.0,
    "195":0.0,
    "196":0.0,
    "197":0.0,
    "198":0.0,
    "199":0.0,
    "200":0.0,
    "201":0.0,
    "202":0.0,
    "203":0.0,
    "204":0.0,
    "205":0.0,
    "206":0.0,
    "207":0.0,
    "208":0.0,
    "209":0.0,
    "210":0.0,
    "211":0.0,
    "212":0.0,
    "213":0.0,
    "214":0.0,
    "215":0.0,
    "216":0.0,
    "217":0.0,
    "218":0.0,
    "219":0.0,
    "220":0.0,
    "221":0.012975217334890361,
    "222":0.0,
    "223":0.0,
    "224":0.0,
    "225":0.0,
    "226":0.0,
    "227":0.0,
    "228":0.0,
    "229":0.0,
    "230":0.0,
    "231":0.0,
    "232":0.0,
    "233":0.0,
    "234":0.0,
    "235":0.012975217334890361,
    "236":0.0,
    "237":0.0,
    "238":0.012975217334890361,
    "239":0.0,
    "240":0.0,
    "241":0.0,
    "242":0.0,
    "243":0.0,
    "244":0.0,
    "245":0.0,
    "246":0.0,
    "247":0.0,
    "248":0.0,
    "249":0.0,
    "250":0.0,
    "251":0.0,
    "252":0.0,
    "253":0.0,
    "254":0.0,
    "255":0.0,
    "256":0.0,
    "257":0.0,
    "258":0.0,
    "259":0.0,
    "260":0.0,
    "261":0.0,
    "262":0.0,
    "263":0.0,
    "264":0.0,
    "265":0.012975217334890361,
    "266":0.0,
    "267":0.0,
    "268":0.0,
    "269":0.0,
    "270":0.012975217334890361,
    "271":0.0,
    "272":0.0,
    "273":0.0,
    "274":0.0,
    "275":0.0,
    "276":0.0,
    "277":0.0,
    "278":0.0,
    "279":0.0
}