{
    "0":2.0510483135824975,
    "1":1.1915614012241176,
    "2":2.8649563745279334,
    "3":1.9924469331944263,
    "4":3.2816773017319965,
    "5":3.7374658158614404,
    "6":3.503060294309155,
    "7":3.1449407474931634,
    "8":3.340278682120067,
    "9":3.411902591483266,
    "10":3.483526500846464,
    "11":3.7700221382992574,
    "12":3.6983982289360595,
    "13":3.945826279463472,
    "14":4.0630290402396145,
    "15":3.7114207579111866,
    "16":3.9523375439510353,
    "17":4.043495246776924,
    "18":3.229587185831489,
    "19":3.490037765334028,
    "20":3.236098450319052,
    "21":3.02773798671702,
    "22":3.0798281026175283,
    "23":2.29847636410991,
    "24":1.9924469331944263,
    "25":1.8752441724182838,
    "26":1.6343273863784349,
    "27":1.2436515171246256,
    "28":1.2110951946868083,
    "29":1.0157572600599036,
    "30":0.7683292095324913,
    "31":0.631592655293658,
    "32":0.7032165646568563,
    "33":0.6901940356817294,
    "34":0.5729912749055867,
    "35":0.5795025393931502,
    "36":0.5404349524677692,
    "37":0.5274124234926423,
    "38":0.416720927204063,
    "39":0.46229977861700744,
    "40":0.4557885141294439,
    "41":0.46229977861700744,
    "42":0.22789425706472194,
    "43":0.26696184399010287,
    "44":0.2213829925771585,
    "45":0.26696184399010287,
    "46":0.2213829925771585,
    "47":0.2604505795025394,
    "48":0.2539393150149759,
    "49":0.2539393150149759,
    "50":0.11069149628857924,
    "51":0.18882667013934107,
    "52":0.18882667013934107,
    "53":0.19533793462690455,
    "54":0.17580414116421408,
    "55":0.13673655423883319,
    "56":0.1302252897512697,
    "57":0.10418023180101575,
    "58":0.15627034770152362,
    "59":0.12371402526370621,
    "60":0.12371402526370621,
    "61":0.15627034770152362,
    "62":0.15627034770152362,
    "63":0.13673655423883319,
    "64":0.05860138038807137,
    "65":0.0846464383383253,
    "66":0.14324781872639666,
    "67":0.05860138038807137,
    "68":0.0846464383383253,
    "69":0.0846464383383253,
    "70":0.06511264487563485,
    "71":0.04557885141294439,
    "72":0.039067586925380905,
    "73":0.09766896731345227,
    "74":0.05860138038807137,
    "75":0.07813517385076181,
    "76":0.039067586925380905,
    "77":0.026045057950253938,
    "78":0.019533793462690453,
    "79":0.026045057950253938,
    "80":0.019533793462690453,
    "81":0.05860138038807137,
    "82":0.026045057950253938,
    "83":0.026045057950253938,
    "84":0.026045057950253938,
    "85":0.052090115900507876,
    "86":0.04557885141294439,
    "87":0.026045057950253938,
    "88":0.06511264487563485,
    "89":0.04557885141294439,
    "90":0.013022528975126969,
    "91":0.019533793462690453,
    "92":0.03255632243781743,
    "93":0.026045057950253938,
    "94":0.013022528975126969,
    "95":0.03255632243781743,
    "96":0.026045057950253938,
    "97":0.039067586925380905,
    "98":0.039067586925380905,
    "99":0.013022528975126969,
    "100":0.039067586925380905,
    "101":0.026045057950253938,
    "102":0.03255632243781743,
    "103":0.019533793462690453,
    "104":0.06511264487563485,
    "105":0.03255632243781743,
    "106":0.019533793462690453,
    "107":0.05860138038807137,
    "108":0.019533793462690453,
    "109":0.039067586925380905,
    "110":0.026045057950253938,
    "111":0.019533793462690453,
    "112":0.04557885141294439,
    "113":0.026045057950253938,
    "114":0.026045057950253938,
    "115":0.013022528975126969,
    "116":0.026045057950253938,
    "117":0.013022528975126969,
    "118":0.0,
    "119":0.026045057950253938,
    "120":0.026045057950253938,
    "121":0.019533793462690453,
    "122":0.019533793462690453,
    "123":0.019533793462690453,
    "124":0.013022528975126969,
    "125":0.0,
    "126":0.013022528975126969,
    "127":0.0,
    "128":0.0,
    "129":0.0065112644875634845,
    "130":0.0065112644875634845,
    "131":0.0,
    "132":0.0,
    "133":0.0,
    "134":0.0065112644875634845,
    "135":0.0065112644875634845,
    "136":0.0,
    "137":0.0,
    "138":0.013022528975126969,
    "139":0.013022528975126969,
    "140":0.013022528975126969,
    "141":0.0,
    "142":0.0,
    "143":0.0065112644875634845,
    "144":0.0065112644875634845,
    "145":0.019533793462690453,
    "146":0.0065112644875634845,
    "147":0.0065112644875634845,
    "148":0.013022528975126969,
    "149":0.019533793462690453,
    "150":0.026045057950253938,
    "151":0.0065112644875634845,
    "152":0.026045057950253938,
    "153":0.019533793462690453,
    "154":0.0065112644875634845,
    "155":0.019533793462690453,
    "156":0.013022528975126969,
    "157":0.013022528975126969,
    "158":0.0,
    "159":0.0,
    "160":0.0,
    "161":0.0,
    "162":0.0,
    "163":0.0,
    "164":0.0,
    "165":0.0,
    "166":0.0
}