{
    "0":2.5923932543954074,
    "1":0.511302475780409,
    "2":2.170792967348403,
    "3":1.2378902045209903,
    "4":0.9059921062073915,
    "5":1.7402224614280588,
    "6":2.3860782203085753,
    "7":2.924291352709006,
    "8":2.3143164693218514,
    "9":2.3501973448152134,
    "10":2.7179763186221746,
    "11":2.448869752421959,
    "12":2.780767850735558,
    "13":2.547542160028705,
    "14":2.4578399712952996,
    "15":2.601363473268748,
    "16":2.700035880875493,
    "17":2.682095443128812,
    "18":2.8435593828489414,
    "19":2.502691065662002,
    "20":2.072120559741658,
    "21":1.7222820236813776,
    "22":1.5069967707212055,
    "23":1.2917115177610334,
    "24":1.1661284535342662,
    "25":1.1571582346609257,
    "26":1.2827412988876927,
    "27":1.1481880157875852,
    "28":1.1392177969142447,
    "29":1.0405453893074992,
    "30":1.0584858270541802,
    "31":1.1392177969142447,
    "32":1.1212773591675635,
    "33":1.1302475780409043,
    "34":0.914962325080732,
    "35":0.9777538571941154,
    "36":0.8521707929673484,
    "37":0.7265877287405812,
    "38":0.8342303552206674,
    "39":0.7265877287405812,
    "40":0.8521707929673484,
    "41":0.6637961966271977,
    "42":0.7445281664872623,
    "43":0.8790814495873699,
    "44":0.6279153211338356,
    "45":0.8073196986006458,
    "46":0.6099748833871547,
    "47":0.7445281664872623,
    "48":0.6817366343738788,
    "49":0.8162899174739865,
    "50":0.5561535701471115,
    "51":0.6368855400071762,
    "52":0.5830642267671331,
    "53":0.6907068532472191,
    "54":0.6010046645138142,
    "55":0.547183351273771,
    "56":0.5920344456404736,
    "57":0.5651237890204521,
    "58":0.3677789738069609,
    "59":0.48439181916038754,
    "60":0.32292787944025836,
    "61":0.34983853606027987,
    "62":0.3857194115536419,
    "63":0.4036598493003229,
    "64":0.43954072479368494,
    "65":0.2960172228202368,
    "66":0.27807678507355577,
    "67":0.27807678507355577,
    "68":0.2691065662002153,
    "69":0.3677789738069609,
    "70":0.32292787944025836,
    "71":0.23322569070685323,
    "72":0.1973448152134912,
    "73":0.1973448152134912,
    "74":0.2511661284535343,
    "75":0.1794043774668102,
    "76":0.2152852529601722,
    "77":0.15249372084678867,
    "78":0.23322569070685323,
    "79":0.23322569070685323,
    "80":0.33189809831359884,
    "81":0.1883745963401507,
    "82":0.1704341585934697,
    "83":0.24219590958019377,
    "84":0.2152852529601722,
    "85":0.1883745963401507,
    "86":0.1794043774668102,
    "87":0.2691065662002153,
    "88":0.16146393972012918,
    "89":0.2601363473268748,
    "90":0.1883745963401507,
    "91":0.15249372084678867,
    "92":0.30498744169357733,
    "93":0.22425547183351274,
    "94":0.15249372084678867,
    "95":0.15249372084678867,
    "96":0.12558306422676715,
    "97":0.12558306422676715,
    "98":0.11661284535342661,
    "99":0.14352350197344815,
    "100":0.14352350197344815,
    "101":0.1794043774668102,
    "102":0.11661284535342661,
    "103":0.14352350197344815,
    "104":0.1883745963401507,
    "105":0.14352350197344815,
    "106":0.15249372084678867,
    "107":0.0986724076067456,
    "108":0.13455328310010764,
    "109":0.1704341585934697,
    "110":0.15249372084678867,
    "111":0.1883745963401507,
    "112":0.1704341585934697,
    "113":0.0986724076067456,
    "114":0.16146393972012918,
    "115":0.16146393972012918,
    "116":0.1704341585934697,
    "117":0.16146393972012918,
    "118":0.1794043774668102,
    "119":0.14352350197344815,
    "120":0.11661284535342661,
    "121":0.13455328310010764,
    "122":0.08073196986006459,
    "123":0.07176175098672408,
    "124":0.14352350197344815,
    "125":0.13455328310010764,
    "126":0.06279153211338358,
    "127":0.1076426264800861,
    "128":0.07176175098672408,
    "129":0.07176175098672408,
    "130":0.1076426264800861,
    "131":0.11661284535342661,
    "132":0.1076426264800861,
    "133":0.0986724076067456,
    "134":0.0897021887334051,
    "135":0.07176175098672408,
    "136":0.0897021887334051,
    "137":0.06279153211338358,
    "138":0.07176175098672408,
    "139":0.1076426264800861,
    "140":0.0897021887334051,
    "141":0.15249372084678867,
    "142":0.0986724076067456,
    "143":0.08073196986006459,
    "144":0.07176175098672408,
    "145":0.16146393972012918,
    "146":0.07176175098672408,
    "147":0.13455328310010764,
    "148":0.15249372084678867,
    "149":0.11661284535342661,
    "150":0.06279153211338358,
    "151":0.05382131324004305,
    "152":0.07176175098672408,
    "153":0.14352350197344815,
    "154":0.08073196986006459,
    "155":0.11661284535342661,
    "156":0.12558306422676715,
    "157":0.1076426264800861,
    "158":0.026910656620021525,
    "159":0.0897021887334051,
    "160":0.04485109436670255,
    "161":0.026910656620021525,
    "162":0.04485109436670255,
    "163":0.06279153211338358,
    "164":0.00897021887334051,
    "165":0.03588087549336204,
    "166":0.07176175098672408,
    "167":0.05382131324004305,
    "168":0.04485109436670255,
    "169":0.04485109436670255,
    "170":0.06279153211338358,
    "171":0.04485109436670255,
    "172":0.06279153211338358,
    "173":0.0897021887334051,
    "174":0.04485109436670255,
    "175":0.08073196986006459,
    "176":0.026910656620021525,
    "177":0.04485109436670255,
    "178":0.03588087549336204,
    "179":0.01794043774668102,
    "180":0.00897021887334051,
    "181":0.05382131324004305,
    "182":0.026910656620021525,
    "183":0.026910656620021525,
    "184":0.026910656620021525,
    "185":0.03588087549336204,
    "186":0.00897021887334051,
    "187":0.026910656620021525,
    "188":0.03588087549336204,
    "189":0.026910656620021525,
    "190":0.026910656620021525,
    "191":0.01794043774668102,
    "192":0.00897021887334051,
    "193":0.026910656620021525,
    "194":0.026910656620021525,
    "195":0.01794043774668102,
    "196":0.04485109436670255,
    "197":0.00897021887334051,
    "198":0.0,
    "199":0.03588087549336204,
    "200":0.026910656620021525,
    "201":0.00897021887334051,
    "202":0.00897021887334051,
    "203":0.05382131324004305,
    "204":0.00897021887334051,
    "205":0.0,
    "206":0.0,
    "207":0.01794043774668102,
    "208":0.01794043774668102,
    "209":0.01794043774668102,
    "210":0.00897021887334051,
    "211":0.00897021887334051,
    "212":0.026910656620021525,
    "213":0.05382131324004305,
    "214":0.04485109436670255,
    "215":0.04485109436670255,
    "216":0.01794043774668102,
    "217":0.026910656620021525,
    "218":0.00897021887334051,
    "219":0.01794043774668102,
    "220":0.00897021887334051,
    "221":0.00897021887334051,
    "222":0.0,
    "223":0.00897021887334051,
    "224":0.0,
    "225":0.0,
    "226":0.00897021887334051,
    "227":0.0,
    "228":0.0,
    "229":0.0,
    "230":0.0,
    "231":0.0,
    "232":0.0,
    "233":0.0,
    "234":0.0,
    "235":0.0,
    "236":0.0,
    "237":0.0,
    "238":0.00897021887334051,
    "239":0.0,
    "240":0.0,
    "241":0.0,
    "242":0.026910656620021525,
    "243":0.0,
    "244":0.0,
    "245":0.0,
    "246":0.0,
    "247":0.0,
    "248":0.00897021887334051,
    "249":0.0,
    "250":0.0,
    "251":0.0,
    "252":0.0,
    "253":0.0,
    "254":0.0,
    "255":0.0,
    "256":0.04485109436670255,
    "257":0.0,
    "258":0.0,
    "259":0.0,
    "260":0.0,
    "261":0.0,
    "262":0.0,
    "263":0.0,
    "264":0.0,
    "265":0.0,
    "266":0.0,
    "267":0.0,
    "268":0.0,
    "269":0.0,
    "270":0.0,
    "271":0.0,
    "272":0.0,
    "273":0.0,
    "274":0.0,
    "275":0.00897021887334051,
    "276":0.0,
    "277":0.0,
    "278":0.0,
    "279":0.0,
    "280":0.0,
    "281":0.0,
    "282":0.0,
    "283":0.0,
    "284":0.0,
    "285":0.0,
    "286":0.0,
    "287":0.0,
    "288":0.0,
    "289":0.0,
    "290":0.0,
    "291":0.0,
    "292":0.0,
    "293":0.0,
    "294":0.0,
    "295":0.0,
    "296":0.0,
    "297":0.0,
    "298":0.0,
    "299":0.0,
    "300":0.0,
    "301":0.0,
    "302":0.0,
    "303":0.0,
    "304":0.0,