{
    "0":3.930174563591023,
    "1":1.2668329177057358,
    "2":2.334164588528678,
    "3":3.211970074812968,
    "4":2.8428927680798006,
    "5":2.942643391521197,
    "6":1.3566084788029924,
    "7":1.4364089775561097,
    "8":2.0648379052369075,
    "9":2.164588528678304,
    "10":1.596009975062344,
    "11":1.7955112219451372,
    "12":1.8753117206982541,
    "13":2.044887780548628,
    "14":2.1945137157107233,
    "15":1.7855361596009973,
    "16":1.935162094763092,
    "17":1.7556109725685787,
    "18":1.6857855361596013,
    "19":1.4064837905236909,
    "20":1.71571072319202,
    "21":1.885286783042394,
    "22":2.084788029925187,
    "23":1.7556109725685787,
    "24":1.8054862842892767,
    "25":1.6658354114713219,
    "26":1.7655860349127181,
    "27":1.7855361596009973,
    "28":1.8653366583541147,
    "29":1.596009975062344,
    "30":1.5860349127182045,
    "31":1.1770573566084788,
    "32":1.1571072319201994,
    "33":1.057356608478803,
    "34":1.1970074812967582,
    "35":0.9376558603491271,
    "36":0.967581047381546,
    "37":1.1970074812967582,
    "38":1.0673316708229428,
    "39":1.0374064837905237,
    "40":0.9376558603491271,
    "41":0.9077306733167083,
    "42":0.7481296758104738,
    "43":0.967581047381546,
    "44":0.7680798004987531,
    "45":0.7381546134663342,
    "46":0.6583541147132169,
    "47":0.7481296758104738,
    "48":0.7182044887780549,
    "49":0.6683291770573566,
    "50":0.7481296758104738,
    "51":0.6583541147132169,
    "52":0.5785536159600997,
    "53":0.5386533665835411,
    "54":0.47880299251870323,
    "55":0.47880299251870323,
    "56":0.43890274314214467,
    "57":0.5087281795511222,
    "58":0.3491271820448878,
    "59":0.45885286783042395,
    "60":0.48877805486284287,
    "61":0.5187032418952618,
    "62":0.4488778054862843,
    "63":0.41895261845386533,
    "64":0.3790523690773067,
    "65":0.35910224438902744,
    "66":0.45885286783042395,
    "67":0.26932668329177056,
    "68":0.5386533665835411,
    "69":0.3491271820448878,
    "70":0.428927680798005,
    "71":0.35910224438902744,
    "72":0.24937655860349126,
    "73":0.2793017456359102,
    "74":0.399002493765586,
    "75":0.18952618453865336,
    "76":0.14962593516209477,
    "77":0.3192019950124689,
    "78":0.16957605985037405,
    "79":0.22942643391521197,
    "80":0.1396508728179551,
    "81":0.12967581047381546,
    "82":0.08977556109725686,
    "83":0.1396508728179551,
    "84":0.17955112219451372,
    "85":0.18952618453865336,
    "86":0.18952618453865336,
    "87":0.18952618453865336,
    "88":0.1396508728179551,
    "89":0.14962593516209477,
    "90":0.199501246882793,
    "91":0.22942643391521197,
    "92":0.1396508728179551,
    "93":0.18952618453865336,
    "94":0.15960099750623444,
    "95":0.17955112219451372,
    "96":0.21945137157107233,
    "97":0.17955112219451372,
    "98":0.17955112219451372,
    "99":0.12967581047381546,
    "100":0.29925187032418954,
    "101":0.1396508728179551,
    "102":0.15960099750623444,
    "103":0.17955112219451372,
    "104":0.11970074812967581,
    "105":0.059850374064837904,
    "106":0.12967581047381546,
    "107":0.10972568578553617,
    "108":0.14962593516209477,
    "109":0.12967581047381546,
    "110":0.16957605985037405,
    "111":0.07980049875311722,
    "112":0.12967581047381546,
    "113":0.1396508728179551,
    "114":0.10972568578553617,
    "115":0.15960099750623444,
    "116":0.059850374064837904,
    "117":0.10972568578553617,
    "118":0.06982543640897755,
    "119":0.059850374064837904,
    "120":0.11970074812967581,
    "121":0.1396508728179551,
    "122":0.0997506234413965,
    "123":0.059850374064837904,
    "124":0.029925187032418952,
    "125":0.0997506234413965,
    "126":0.059850374064837904,
    "127":0.059850374064837904,
    "128":0.059850374064837904,
    "129":0.06982543640897755,
    "130":0.0997506234413965,
    "131":0.07980049875311722,
    "132":0.1396508728179551,
    "133":0.08977556109725686,
    "134":0.07980049875311722,
    "135":0.04987531172069825,
    "136":0.06982543640897755,
    "137":0.07980049875311722,
    "138":0.03990024937655861,
    "139":0.059850374064837904,
    "140":0.04987531172069825,
    "141":0.0,
    "142":0.03990024937655861,
    "143":0.04987531172069825,
    "144":0.029925187032418952,
    "145":0.029925187032418952,
    "146":0.04987531172069825,
    "147":0.029925187032418952,
    "148":0.029925187032418952,
    "149":0.029925187032418952,
    "150":0.029925187032418952,
    "151":0.04987531172069825,
    "152":0.019950124688279305,
    "153":0.03990024937655861,
    "154":0.03990024937655861,
    "155":0.029925187032418952,
    "156":0.07980049875311722,
    "157":0.009975062344139652,
    "158":0.029925187032418952,
    "159":0.029925187032418952,
    "160":0.04987531172069825,
    "161":0.059850374064837904,
    "162":0.029925187032418952,
    "163":0.009975062344139652,
    "164":0.009975062344139652,
    "165":0.06982543640897755,
    "166":0.029925187032418952,
    "167":0.04987531172069825,
    "168":0.0,
    "169":0.019950124688279305,
    "170":0.019950124688279305,
    "171":0.04987531172069825,
    "172":0.019950124688279305,
    "173":0.009975062344139652,
    "174":0.029925187032418952,
    "175":0.019950124688279305,
    "176":0.029925187032418952,
    "177":0.04987531172069825,
    "178":0.019950124688279305,
    "179":0.009975062344139652,
    "180":0.0,
    "181":0.03990024937655861,
    "182":0.009975062344139652,
    "183":0.0,
    "184":0.0,
    "185":0.019950124688279305,
    "186":0.019950124688279305,
    "187":0.009975062344139652,
    "188":0.019950124688279305,
    "189":0.0,
    "190":0.019950124688279305,
    "191":0.019950124688279305,
    "192":0.0,
    "193":0.0,
    "194":0.0,
    "195":0.0,
    "196":0.0,
    "197":0.0,
    "198":0.0,
    "199":0.0,
    "200":0.0,
    "201":0.0,
    "202":0.0,
    "203":0.0,
    "204":0.0,
    "205":0.0,
    "206":0.0,
    "207":0.0,
    "208":0.0,
    "209":0.0,
    "210":0.0,
    "211":0.0,
    "212":0.0,
    "213":0.0,
    "214":0.0,
    "215":0.0,
    "216":0.0,
    "217":0.0,
    "218":0.0,
    "219":0.0,
    "220":0.0,
    "221":0.0,
    "222":0.0,
    "223":0.0,
    "224":0.0,
    "225":0.0,
    "226":0.0,
    "227":0.0,
    "228":0.0,
    "229":0.0,
    "230":0.0,
    "231":0.0,
    "232":0.0,
    "233":0.0,
    "234":0.0,
    "235":0.0,
    "236":0.0,
    "237":0.0,
    "238":0.0,
    "239":0.0,
    "240":0.0,
    "241":0.0,
    "242":0.0,
    "243":0.0,
    "244":0.0,
    "245":0.0,
    "246":0.0,
    "247":0.0,
    "248":0.0,
    "249":0.0,
    "250":0.0,
    "251":0.0,
    "252":0.0,
    "253":0.0,
    "254":0.0,
    "255":0.0,
    "256":0.0,
    "257":0.0,
    "258":0.0,
    "259":0.0,
    "260":0.0,
    "261":0.0,
    "262":0.0,
    "263":0.0,
    "264":0.0,
    "265":0.0,
    "266":0.0,
    "267":0.0,
    "268":0.0,
    "269":0.0,
    "270":0.0,
    "271":0.0,
    "272":0.0,
    "273":0.0,
    "274":0.0,
    "275":0.0,
    "276":0.0,
    "277":0.0,
    "278":0.0,
    "279":0.0,
    "280":0.009975062344139652,
    "281":0.0,
    "282":0.0,
    "283":0.0,
    "284":0.0,
    "285":0.009975062344139652,
    "286":0.0,
    "287":0.0,
    "288":0.0,
    "289":0.0,
    "290":0.0,
    "291":0.009975062344139652,
    "292":0.0,
    "293":0.0,
    "294":0.0,
    "295":0.0,
    "296":0.0,
    "297":0.0,
    "298":0.0,
    "299":0.0
}