{
    "0":5.613326602725896,
    "1":0.7168096920747097,
    "2":4.139323573952549,
    "3":4.401817264008077,
    "4":2.6047450782433113,
    "5":1.756688541140838,
    "6":0.7269056032306916,
    "7":1.403331650681474,
    "8":2.09994952044422,
    "9":2.4129227662796566,
    "10":2.8268551236749118,
    "11":2.463402322059566,
    "12":2.5138818778394754,
    "13":2.5643614336193843,
    "14":2.059565875820293,
    "15":2.221100454316002,
    "16":1.9081272084805656,
    "17":1.938414941948511,
    "18":1.9485108531044928,
    "19":1.3932357395254922,
    "20":1.5446744068652196,
    "21":1.463907117617365,
    "22":1.2821807168096921,
    "23":1.574962140333165,
    "24":1.463907117617365,
    "25":1.221605249873801,
    "26":1.3730439172135285,
    "27":1.6961130742049468,
    "28":1.3831398283695104,
    "29":1.342756183745583,
    "30":1.221605249873801,
    "31":1.1408379606259464,
    "32":1.221605249873801,
    "33":1.1509338717819282,
    "34":1.3629480060575467,
    "35":0.9086320040383644,
    "36":1.0398788490661282,
    "37":0.8480565371024734,
    "38":0.9288238263503281,
    "39":0.8985360928823827,
    "40":1.04997476022211,
    "41":0.9591115598182737,
    "42":0.7672892478546188,
    "43":0.878344270570419,
    "44":0.7975769813225644,
    "45":0.8682483594144372,
    "46":0.7571933366986371,
    "47":0.6259464916708732,
    "48":0.6259464916708732,
    "49":0.5855628470469461,
    "50":0.7067137809187279,
    "51":0.6461383139828369,
    "52":0.6966178697627461,
    "53":0.47450782433114586,
    "54":0.4240282685512367,
    "55":0.4543160020191822,
    "56":0.4543160020191822,
    "57":0.4341241797072186,
    "58":0.4341241797072186,
    "59":0.3129732458354366,
    "60":0.3735487127713276,
    "61":0.4442200908632004,
    "62":0.2826855123674912,
    "63":0.4341241797072186,
    "64":0.3028773346794548,
    "65":0.24230186774356388,
    "66":0.2725896012115093,
    "67":0.3129732458354366,
    "68":0.2725896012115093,
    "69":0.3129732458354366,
    "70":0.29278142352347303,
    "71":0.32306915699141847,
    "72":0.24230186774356388,
    "73":0.2826855123674912,
    "74":0.2826855123674912,
    "75":0.23220595658758203,
    "76":0.16153457849570924,
    "77":0.23220595658758203,
    "78":0.1918223119636547,
    "79":0.1918223119636547,
    "80":0.1918223119636547,
    "81":0.21201413427561835,
    "82":0.29278142352347303,
    "83":0.2624936900555275,
    "84":0.17163048965169106,
    "85":0.20191822311963653,
    "86":0.12115093387178194,
    "87":0.12115093387178194,
    "88":0.1817264008076729,
    "89":0.1817264008076729,
    "90":0.12115093387178194,
    "91":0.09086320040383646,
    "92":0.030287733467945485,
    "93":0.1110550227158001,
    "94":0.13124684502776374,
    "95":0.17163048965169106,
    "96":0.10095911155981827,
    "97":0.04038364462392731,
    "98":0.13124684502776374,
    "99":0.12115093387178194,
    "100":0.10095911155981827,
    "101":0.06057546693589097,
    "102":0.0706713780918728,
    "103":0.05047955577990913,
    "104":0.06057546693589097,
    "105":0.1110550227158001,
    "106":0.05047955577990913,
    "107":0.06057546693589097,
    "108":0.1110550227158001,
    "109":0.10095911155981827,
    "110":0.0706713780918728,
    "111":0.08076728924785462,
    "112":0.05047955577990913,
    "113":0.08076728924785462,
    "114":0.06057546693589097,
    "115":0.05047955577990913,
    "116":0.05047955577990913,
    "117":0.08076728924785462,
    "118":0.05047955577990913,
    "119":0.05047955577990913,
    "120":0.09086320040383646,
    "121":0.04038364462392731,
    "122":0.08076728924785462,
    "123":0.09086320040383646,
    "124":0.08076728924785462,
    "125":0.08076728924785462,
    "126":0.05047955577990913,
    "127":0.05047955577990913,
    "128":0.04038364462392731,
    "129":0.05047955577990913,
    "130":0.06057546693589097,
    "131":0.04038364462392731,
    "132":0.030287733467945485,
    "133":0.06057546693589097,
    "134":0.09086320040383646,
    "135":0.08076728924785462,
    "136":0.10095911155981827,
    "137":0.08076728924785462,
    "138":0.05047955577990913,
    "139":0.04038364462392731,
    "140":0.0706713780918728,
    "141":0.06057546693589097,
    "142":0.08076728924785462,
    "143":0.05047955577990913,
    "144":0.04038364462392731,
    "145":0.05047955577990913,
    "146":0.06057546693589097,
    "147":0.05047955577990913,
    "148":0.06057546693589097,
    "149":0.04038364462392731,
    "150":0.12115093387178194,
    "151":0.06057546693589097,
    "152":0.0706713780918728,
    "153":0.04038364462392731,
    "154":0.09086320040383646,
    "155":0.08076728924785462,
    "156":0.04038364462392731,
    "157":0.04038364462392731,
    "158":0.0,
    "159":0.05047955577990913,
    "160":0.06057546693589097,
    "161":0.08076728924785462,
    "162":0.05047955577990913,
    "163":0.06057546693589097,
    "164":0.04038364462392731,
    "165":0.0706713780918728,
    "166":0.06057546693589097,
    "167":0.04038364462392731,
    "168":0.020191822311963654,
    "169":0.04038364462392731,
    "170":0.04038364462392731,
    "171":0.010095911155981827,
    "172":0.0706713780918728,
    "173":0.0706713780918728,
    "174":0.06057546693589097,
    "175":0.0,
    "176":0.04038364462392731,
    "177":0.04038364462392731,
    "178":0.04038364462392731,
    "179":0.0,
    "180":0.0,
    "181":0.04038364462392731,
    "182":0.020191822311963654,
    "183":0.04038364462392731,
    "184":0.020191822311963654,
    "185":0.020191822311963654,
    "186":0.020191822311963654,
    "187":0.06057546693589097,
    "188":0.0,
    "189":0.04038364462392731,
    "190":0.020191822311963654,
    "191":0.020191822311963654,
    "192":0.020191822311963654,
    "193":0.05047955577990913,
    "194":0.0,
    "195":0.020191822311963654,
    "196":0.020191822311963654,
    "197":0.010095911155981827,
    "198":0.030287733467945485,
    "199":0.020191822311963654,
    "200":0.010095911155981827,
    "201":0.010095911155981827,
    "202":0.010095911155981827,
    "203":0.020191822311963654,
    "204":0.030287733467945485,
    "205":0.010095911155981827,
    "206":0.020191822311963654,
    "207":0.030287733467945485,
    "208":0.020191822311963654,
    "209":0.04038364462392731,
    "210":0.010095911155981827,
    "211":0.010095911155981827,
    "212":0.020191822311963654,
    "213":0.020191822311963654,
    "214":0.04038364462392731,
    "215":0.030287733467945485,
    "216":0.030287733467945485,
    "217":0.0,
    "218":0.0,
    "219":0.0,
    "220":0.0,
    "221":0.0,
    "222":0.0,
    "223":0.0,
    "224":0.0,
    "225":0.0
}