{
    "0":2.9006013441811107,
    "1":0.5659709939865581,
    "2":3.119915104350902,
    "3":3.883975946232755,
    "4":2.5680933852140075,
    "5":2.752033958259639,
    "6":2.0940926777502655,
    "7":2.46904846126636,
    "8":1.853555005305978,
    "9":1.535196321188539,
    "10":1.8252564556066502,
    "11":2.1648390519985847,
    "12":1.9738238415281217,
    "13":2.171913689423417,
    "14":2.1648390519985847,
    "15":2.6388397594623276,
    "16":2.7237354085603114,
    "17":3.11284046692607,
    "18":2.8864520693314466,
    "19":2.9147506190307744,
    "20":2.9076759816059425,
    "21":2.844004244782455,
    "22":2.0445702157764414,
    "23":2.3912274495932087,
    "24":2.186062964273081,
    "25":2.214361513972409,
    "26":2.0516448532012737,
    "27":2.129465864874425,
    "28":2.3983020870180405,
    "29":1.9596745666784579,
    "30":1.7615847187831621,
    "31":1.7049876193845066,
    "32":1.570569508312699,
    "33":1.577644145737531,
    "34":1.535196321188539,
    "35":1.1602405376724443,
    "36":1.1531659002476122,
    "37":1.0682702511496285,
    "38":1.0894941634241244,
    "39":0.8489564909798374,
    "40":0.8843296781039971,
    "41":0.8701804032543331,
    "42":0.7569862044570216,
    "43":0.6508666430845419,
    "44":0.7216130173328617,
    "45":0.622568093385214,
    "46":0.7003891050583658,
    "47":0.5942695436858861,
    "48":0.49522461973823845,
    "49":0.5588963565617262,
    "50":0.5022992571630704,
    "51":0.48107534488857445,
    "52":0.4103289706402547,
    "53":0.24053767244428723,
    "54":0.2617615847187832,
    "55":0.21223912274495935,
    "56":0.311284046692607,
    "57":0.14149274849663954,
    "58":0.13441811107180757,
    "59":0.09904492394764769,
    "60":0.17686593562079944,
    "61":0.1839405730456314,
    "62":0.19808984789529538,
    "63":0.19101521047046338,
    "64":0.1556420233463035,
    "65":0.14856738592147153,
    "66":0.1839405730456314,
    "67":0.13441811107180757,
    "68":0.12026883622214361,
    "69":0.1273434736469756,
    "70":0.056597099398655815,
    "71":0.09904492394764769,
    "72":0.056597099398655815,
    "73":0.028298549699327907,
    "74":0.028298549699327907,
    "75":0.04244782454899187,
    "76":0.04244782454899187,
    "77":0.04244782454899187,
    "78":0.007074637424831977,
    "79":0.035373187124159884,
    "80":0.021223912274495934,
    "81":0.035373187124159884,
    "82":0.049522461973823845,
    "83":0.028298549699327907,
    "84":0.04244782454899187,
    "85":0.028298549699327907,
    "86":0.049522461973823845,
    "87":0.04244782454899187,
    "88":0.04244782454899187,
    "89":0.07782101167315175,
    "90":0.04244782454899187,
    "91":0.04244782454899187,
    "92":0.028298549699327907,
    "93":0.049522461973823845,
    "94":0.07074637424831977,
    "95":0.04244782454899187,
    "96":0.021223912274495934,
    "97":0.056597099398655815,
    "98":0.07074637424831977,
    "99":0.049522461973823845,
    "100":0.056597099398655815,
    "101":0.0636717368234878,
    "102":0.035373187124159884,
    "103":0.035373187124159884,
    "104":0.056597099398655815,
    "105":0.04244782454899187,
    "106":0.035373187124159884,
    "107":0.014149274849663954,
    "108":0.035373187124159884,
    "109":0.028298549699327907,
    "110":0.056597099398655815,
    "111":0.035373187124159884,
    "112":0.028298549699327907,
    "113":0.028298549699327907,
    "114":0.028298549699327907,
    "115":0.0636717368234878,
    "116":0.049522461973823845,
    "117":0.07074637424831977,
    "118":0.07782101167315175,
    "119":0.021223912274495934,
    "120":0.028298549699327907,
    "121":0.021223912274495934,
    "122":0.07074637424831977,
    "123":0.04244782454899187,
    "124":0.0636717368234878,
    "125":0.035373187124159884,
    "126":0.035373187124159884,
    "127":0.028298549699327907,
    "128":0.0636717368234878,
    "129":0.021223912274495934,
    "130":0.035373187124159884,
    "131":0.007074637424831977,
    "132":0.04244782454899187,
    "133":0.021223912274495934,
    "134":0.021223912274495934,
    "135":0.056597099398655815,
    "136":0.04244782454899187,
    "137":0.021223912274495934,
    "138":0.028298549699327907,
    "139":0.056597099398655815,
    "140":0.021223912274495934,
    "141":0.035373187124159884,
    "142":0.049522461973823845,
    "143":0.028298549699327907,
    "144":0.04244782454899187,
    "145":0.049522461973823845,
    "146":0.04244782454899187,
    "147":0.014149274849663954,
    "148":0.028298549699327907,
    "149":0.021223912274495934,
    "150":0.0636717368234878,
    "151":0.028298549699327907,
    "152":0.007074637424831977,
    "153":0.021223912274495934,
    "154":0.028298549699327907,
    "155":0.014149274849663954,
    "156":0.028298549699327907,
    "157":0.007074637424831977,
    "158":0.0,
    "159":0.007074637424831977,
    "160":0.035373187124159884,
    "161":0.04244782454899187,
    "162":0.014149274849663954,
    "163":0.028298549699327907,
    "164":0.007074637424831977,
    "165":0.0,
    "166":0.0,
    "167":0.014149274849663954,
    "168":0.007074637424831977,
    "169":0.035373187124159884,
    "170":0.007074637424831977,
    "171":0.021223912274495934,
    "172":0.0,
    "173":0.014149274849663954,
    "174":0.007074637424831977,
    "175":0.0,
    "176":0.007074637424831977,
    "177":0.007074637424831977,
    "178":0.007074637424831977,
    "179":0.007074637424831977,
    "180":0.021223912274495934,
    "181":0.0,
    "182":0.021223912274495934,
    "183":0.021223912274495934,
    "184":0.014149274849663954,
    "185":0.0,
    "186":0.0,
    "187":0.0,
    "188":0.0,
    "189":0.0,
    "190":0.0,
    "191":0.0,
    "192":0.0,
    "193":0.0
}