{
    "0":3.0227836679449585,
    "1":0.3383713061132416,
    "2":2.7182494924430407,
    "3":2.8310399278141216,
    "4":2.6505752312203925,
    "5":3.338596886983984,
    "6":2.5490638393864202,
    "7":2.278366794495827,
    "8":2.109181141439206,
    "9":1.894879314234153,
    "10":1.297090006767426,
    "11":1.5452289645838033,
    "12":1.8610421836228286,
    "13":1.838484096548613,
    "14":2.154297315587638,
    "15":2.470110534626664,
    "16":2.4475524475524475,
    "17":2.2106925332731784,
    "18":2.695691405368825,
    "19":2.706970448905933,
    "20":2.4475524475524475,
    "21":2.6167381006090684,
    "22":2.6167381006090684,
    "23":2.300924881570043,
    "24":2.346041055718475,
    "25":2.3911572298669075,
    "26":2.346041055718475,
    "27":1.9287164448454772,
    "28":1.962553575456801,
    "29":1.917437401308369,
    "30":1.6467403564177758,
    "31":1.4324385292127226,
    "32":1.5565080081209115,
    "33":1.6241822693435597,
    "34":1.3647642679900744,
    "35":1.1955786149334537,
    "36":0.9361606135799684,
    "37":1.071509136025265,
    "38":1.240694789081886,
    "39":0.834649221745996,
    "40":0.8459282652831039,
    "41":0.8459282652831039,
    "42":0.8910444394315362,
    "43":0.7218587863749154,
    "44":0.7218587863749154,
    "45":0.5301150462440786,
    "46":0.5865102639296188,
    "47":0.5865102639296188,
    "48":0.6090683510038348,
    "49":0.7556959169862396,
    "50":0.6090683510038348,
    "51":0.5075569591698624,
    "52":0.3609293931874577,
    "53":0.3834874802616738,
    "54":0.27069704489059326,
    "55":0.4624407850214302,
    "56":0.4060455673358899,
    "57":0.5639521768554027,
    "58":0.3834874802616738,
    "59":0.3834874802616738,
    "60":0.3609293931874577,
    "61":0.3045341755019174,
    "62":0.37220843672456577,
    "63":0.3158132190390255,
    "64":0.214301827205053,
    "65":0.214301827205053,
    "66":0.20302278366794496,
    "67":0.1466275659824047,
    "68":0.25941800135348525,
    "69":0.1917437401308369,
    "70":0.1917437401308369,
    "71":0.18046469659372885,
    "72":0.18046469659372885,
    "73":0.1691856530566208,
    "74":0.214301827205053,
    "75":0.214301827205053,
    "76":0.24813895781637718,
    "77":0.214301827205053,
    "78":0.214301827205053,
    "79":0.1466275659824047,
    "80":0.214301827205053,
    "81":0.10151139183397248,
    "82":0.15790660951951274,
    "83":0.12406947890818859,
    "84":0.2368599142792691,
    "85":0.18046469659372885,
    "86":0.1691856530566208,
    "87":0.06767426122264832,
    "88":0.09023234829686443,
    "89":0.12406947890818859,
    "90":0.09023234829686443,
    "91":0.11279043537108054,
    "92":0.18046469659372885,
    "93":0.10151139183397248,
    "94":0.11279043537108054,
    "95":0.07895330475975637,
    "96":0.09023234829686443,
    "97":0.15790660951951274,
    "98":0.11279043537108054,
    "99":0.04511617414843221,
    "100":0.10151139183397248,
    "101":0.04511617414843221,
    "102":0.09023234829686443,
    "103":0.04511617414843221,
    "104":0.022558087074216106,
    "105":0.011279043537108053,
    "106":0.022558087074216106,
    "107":0.03383713061132416,
    "108":0.03383713061132416,
    "109":0.04511617414843221,
    "110":0.04511617414843221,
    "111":0.0,
    "112":0.0,
    "113":0.011279043537108053,
    "114":0.011279043537108053,
    "115":0.011279043537108053,
    "116":0.011279043537108053,
    "117":0.011279043537108053,
    "118":0.011279043537108053,
    "119":0.011279043537108053,
    "120":0.0,
    "121":0.0,
    "122":0.0,
    "123":0.011279043537108053,
    "124":0.0,
    "125":0.0,
    "126":0.0,
    "127":0.0,
    "128":0.0,
    "129":0.0,
    "130":0.011279043537108053,
    "131":0.0,
    "132":0.0,
    "133":0.0,
    "134":0.0,
    "135":0.0,
    "136":0.0,
    "137":0.0,
    "138":0.022558087074216106,
    "139":0.0,
    "140":0.0,
    "141":0.0,
    "142":0.0,
    "143":0.011279043537108053,
    "144":0.0,
    "145":0.0,
    "146":0.0,
    "147":0.0,
    "148":0.0,
    "149":0.0,
    "150":0.0,
    "151":0.0,
    "152":0.0,
    "153":0.0,
    "154":0.0,
    "155":0.0,
    "156":0.011279043537108053,
    "157":0.0,
    "158":0.011279043537108053,
    "159":0.011279043537108053,
    "160":0.0,
    "161":0.0,
    "162":0.0,
    "163":0.0,
    "164":0.0,
    "165":0.0,
    "166":0.0,
    "167":0.0,
    "168":0.0,
    "169":0.0,
    "170":0.0,
    "171":0.011279043537108053,
    "172":0.0,
    "173":0.0,
    "174":0.0,
    "175":0.011279043537108053,
    "176":0.0,
    "177":0.0,
    "178":0.0,
    "179":0.0,
    "180":0.011279043537108053,
    "181":0.0,
    "182":0.0,
    "183":0.0,
    "184":0.011279043537108053,
    "185":0.0,
    "186":0.0,
    "187":0.0,
    "188":0.0,
    "189":0.0,
    "190":0.011279043537108053,
    "191":0.0,
    "192":0.011279043537108053,
    "193":0.0,
    "194":0.0,
    "195":0.0,
    "196":0.0,
    "197":0.0,
    "198":0.0,
    "199":0.0,
    "200":0.0
}