{
    "0":1.480818238170673,
    "1":0.5854397685791033,
    "2":0.8402782560782424,
    "3":1.4050554445898478,
    "4":2.265996280735588,
    "5":2.6516977753288793,
    "6":2.355534127694745,
    "7":2.761898202355534,
    "8":2.27977133411392,
    "9":2.2728838074247535,
    "10":2.1489083270197673,
    "11":2.782560782423032,
    "12":2.7412356222880363,
    "13":2.858323576003857,
    "14":2.658585302018045,
    "15":2.947861422963014,
    "16":3.0098491631655073,
    "17":2.9754115297196777,
    "18":3.030511743233005,
    "19":2.8376609959363592,
    "20":2.7687857290447,
    "21":2.6861354087747094,
    "22":2.3761967077622423,
    "23":2.2866588608030853,
    "24":2.348646601005579,
    "25":1.9698326331014533,
    "26":1.9216199462772916,
    "27":1.9285074729664577,
    "28":1.9767201597906192,
    "29":1.8734072594531304,
    "30":1.556581031751498,
    "31":1.6874440388456504,
    "32":1.6805565121564847,
    "33":1.1708795371582066,
    "34":1.287967490874027,
    "35":1.3155175976306908,
    "36":1.2741924374956952,
    "37":1.0813416901990496,
    "38":1.0055788966182244,
    "39":0.9367036297265652,
    "40":1.1502169570907086,
    "41":0.9918038432398926,
    "42":0.9642537364832289,
    "43":0.9642537364832289,
    "44":0.8333907293890764,
    "45":0.8127281493215786,
    "46":0.6818651422274261,
    "47":0.516564501687444,
    "48":0.6198774020249328,
    "49":0.4201391280391212,
    "50":0.5372270817549418,
    "51":0.4063640746607893,
    "52":0.35815138783662787,
    "53":0.44080170810661895,
    "54":0.33060128107996417,
    "55":0.24795096080997314,
    "56":0.261726014188305,
    "57":0.24106343412080722,
    "58":0.3099387010124664,
    "59":0.2823885942558027,
    "60":0.32371375439079825,
    "61":0.19973827398581168,
    "62":0.24106343412080722,
    "63":0.24795096080997314,
    "64":0.25483848749913907,
    "65":0.24795096080997314,
    "66":0.2341759074316413,
    "67":0.18596322060747986,
    "68":0.19973827398581168,
    "69":0.261726014188305,
    "70":0.1308630070941525,
    "71":0.15841311385081616,
    "72":0.08953784695915697,
    "73":0.08265032026999104,
    "74":0.06887526689165921,
    "75":0.09642537364832289,
    "76":0.08953784695915697,
    "77":0.11708795371582065,
    "78":0.061987740202493286,
    "79":0.12397548040498657,
    "80":0.08265032026999104,
    "81":0.061987740202493286,
    "82":0.02066258006749776,
    "83":0.02066258006749776,
    "84":0.0,
    "85":0.048212686824161445,
    "86":0.02066258006749776,
    "87":0.04132516013499552,
    "88":0.048212686824161445,
    "89":0.006887526689165921,
    "90":0.04132516013499552,
    "91":0.05510021351332737,
    "92":0.027550106756663684,
    "93":0.034437633445829605,
    "94":0.04132516013499552,
    "95":0.027550106756663684,
    "96":0.05510021351332737,
    "97":0.027550106756663684,
    "98":0.02066258006749776,
    "99":0.02066258006749776,
    "100":0.048212686824161445,
    "101":0.05510021351332737,
    "102":0.013775053378331842,
    "103":0.02066258006749776,
    "104":0.04132516013499552,
    "105":0.02066258006749776,
    "106":0.013775053378331842,
    "107":0.04132516013499552,
    "108":0.04132516013499552,
    "109":0.006887526689165921,
    "110":0.04132516013499552,
    "111":0.061987740202493286,
    "112":0.027550106756663684,
    "113":0.048212686824161445,
    "114":0.006887526689165921,
    "115":0.02066258006749776,
    "116":0.034437633445829605,
    "117":0.09642537364832289,
    "118":0.05510021351332737,
    "119":0.061987740202493286,
    "120":0.05510021351332737,
    "121":0.034437633445829605,
    "122":0.013775053378331842,
    "123":0.013775053378331842,
    "124":0.027550106756663684,
    "125":0.027550106756663684,
    "126":0.08265032026999104,
    "127":0.048212686824161445,
    "128":0.05510021351332737,
    "129":0.048212686824161445,
    "130":0.027550106756663684,
    "131":0.04132516013499552,
    "132":0.061987740202493286,
    "133":0.013775053378331842,
    "134":0.04132516013499552,
    "135":0.02066258006749776,
    "136":0.02066258006749776,
    "137":0.006887526689165921,
    "138":0.04132516013499552,
    "139":0.027550106756663684,
    "140":0.027550106756663684,
    "141":0.013775053378331842,
    "142":0.027550106756663684,
    "143":0.02066258006749776,
    "144":0.013775053378331842,
    "145":0.0,
    "146":0.02066258006749776,
    "147":0.027550106756663684,
    "148":0.048212686824161445,
    "149":0.04132516013499552,
    "150":0.027550106756663684,
    "151":0.034437633445829605,
    "152":0.027550106756663684,
    "153":0.034437633445829605,
    "154":0.013775053378331842,
    "155":0.02066258006749776,
    "156":0.034437633445829605,
    "157":0.034437633445829605,
    "158":0.027550106756663684,
    "159":0.034437633445829605,
    "160":0.02066258006749776,
    "161":0.0,
    "162":0.013775053378331842,
    "163":0.013775053378331842,
    "164":0.02066258006749776,
    "165":0.027550106756663684,
    "166":0.02066258006749776,
    "167":0.013775053378331842,
    "168":0.006887526689165921,
    "169":0.0,
    "170":0.013775053378331842,
    "171":0.006887526689165921,
    "172":0.0,
    "173":0.013775053378331842,
    "174":0.006887526689165921,
    "175":0.006887526689165921,
    "176":0.0,
    "177":0.0,
    "178":0.0,
    "179":0.0,
    "180":0.006887526689165921,
    "181":0.013775053378331842,
    "182":0.013775053378331842,
    "183":0.013775053378331842,
    "184":0.0,
    "185":0.013775053378331842,
    "186":0.0,
    "187":0.006887526689165921,
    "188":0.013775053378331842,
    "189":0.0,
    "190":0.0,
    "191":0.006887526689165921,
    "192":0.013775053378331842,
    "193":0.006887526689165921,
    "194":0.006887526689165921,
    "195":0.006887526689165921,
    "196":0.013775053378331842,
    "197":0.006887526689165921,
    "198":0.006887526689165921,
    "199":0.0,
    "200":0.006887526689165921,
    "201":0.013775053378331842,
    "202":0.006887526689165921,
    "203":0.013775053378331842,
    "204":0.006887526689165921,
    "205":0.02066258006749776,
    "206":0.006887526689165921,
    "207":0.013775053378331842,
    "208":0.0,
    "209":0.006887526689165921,
    "210":0.0,
    "211":0.0,
    "212":0.013775053378331842,
    "213":0.0,
    "214":0.013775053378331842,
    "215":0.0,
    "216":0.006887526689165921,
    "217":0.0,
    "218":0.02066258006749776,
    "219":0.0,
    "220":0.0,
    "221":0.0,
    "222":0.0,
    "223":0.0,
    "224":0.0,
    "225":0.0,
    "226":0.0,
    "227":0.0
}