{
    "0":[
        [
            -1.4557474064117026,
            -48.47557989265711
        ]
    ],
    "1":[
        [
            -1.4609831726439877,
            -48.474338948465295
        ]
    ],
    "2":[
        [
            -1.4562398754904495,
            -48.468518284747
        ]
    ],
    "3":[
        [
            -1.4553016467556763,
            -48.4683998272572
        ]
    ],
    "4":[
        [
            -1.461245184010873,
            -48.47249522271676
        ]
    ],
    "5":[
        [
            -1.4593366105568804,
            -48.472253389950836
        ]
    ],
    "6":[
        [
            -1.457837628421445,
            -48.4689471996931
        ]
    ],
    "7":[
        [
            -1.4623061586001593,
            -48.47373963515323
        ]
    ],
    "8":[
        [
            -1.4666339806377888,
            -48.46944532944673
        ]
    ],
    "9":[
        [
            -1.4480568937242413,
            -48.46933408476408
        ]
    ],
    "total_length":8004.2436377862,
    "work_total":324515.98352507956
}