{
    "0":0.8231969529426219,
    "1":2.4450178154564446,
    "2":2.5924560756849733,
    "3":1.6955399926280872,
    "4":1.4129499938567391,
    "5":1.4498095589138715,
    "6":0.9092026047425974,
    "7":1.3023712986853422,
    "8":1.4620960805995822,
    "9":1.7692591227423518,
    "10":2.0395625998279887,
    "11":2.789040422656346,
    "12":2.9733382479420074,
    "13":2.9856247696277185,
    "14":2.3221525985993368,
    "15":2.739894335913503,
    "16":2.739894335913503,
    "17":3.0593438997419833,
    "18":2.8873325961420324,
    "19":2.715321292542081,
    "20":2.1624278166850965,
    "21":2.469590858827866,
    "22":1.7078265143137978,
    "23":1.90441086128517,
    "24":2.0518491215136994,
    "25":2.0272760781422776,
    "26":1.9166973829708809,
    "27":2.1501412949993854,
    "28":1.90441086128517,
    "29":1.9535569480280135,
    "30":1.6586804275709546,
    "31":1.2163656468853667,
    "32":1.314657820371053,
    "33":1.523528689028136,
    "34":1.3392308637424746,
    "35":1.3023712986853422,
    "36":1.4006634721710285,
    "37":1.2286521685710774,
    "38":1.1795060818282344,
    "39":1.363803907113896,
    "40":0.8354834746283327,
    "41":0.7863373878854897,
    "42":0.7740508661997788,
    "43":0.982921734856862,
    "44":0.8109104312569112,
    "45":0.7494778228283573,
    "46":0.8109104312569112,
    "47":0.8969160830568865,
    "48":0.7249047794569358,
    "49":0.7003317360855142,
    "50":0.7249047794569358,
    "51":0.6880452143998035,
    "52":0.7249047794569358,
    "53":0.7740508661997788,
    "54":0.5406069541712741,
    "55":0.5160339107998526,
    "56":0.4300282589998771,
    "57":0.39316869394274484,
    "58":0.39316869394274484,
    "59":0.39316869394274484,
    "60":0.34402260719990174,
    "61":0.30716304214276935,
    "62":0.2457304337142155,
    "63":0.2457304337142155,
    "64":0.23344391202850473,
    "65":0.17201130359995087,
    "66":0.2580169553999263,
    "67":0.17201130359995087,
    "68":0.20887086865708318,
    "69":0.20887086865708318,
    "70":0.1474382602285293,
    "71":0.11057869517139698,
    "72":0.17201130359995087,
    "73":0.13515173854281853,
    "74":0.12286521685710775,
    "75":0.15972478191424008,
    "76":0.1474382602285293,
    "77":0.08600565179997544,
    "78":0.15972478191424008,
    "79":0.08600565179997544,
    "80":0.1474382602285293,
    "81":0.11057869517139698,
    "82":0.07371913011426465,
    "83":0.11057869517139698,
    "84":0.18429782528566163,
    "85":0.17201130359995087,
    "86":0.1474382602285293,
    "87":0.13515173854281853,
    "88":0.06143260842855387,
    "89":0.1474382602285293,
    "90":0.1474382602285293,
    "91":0.12286521685710775,
    "92":0.08600565179997544,
    "93":0.13515173854281853,
    "94":0.1474382602285293,
    "95":0.09829217348568621,
    "96":0.11057869517139698,
    "97":0.12286521685710775,
    "98":0.13515173854281853,
    "99":0.09829217348568621,
    "100":0.08600565179997544,
    "101":0.049146086742843105,
    "102":0.07371913011426465,
    "103":0.08600565179997544,
    "104":0.06143260842855387,
    "105":0.09829217348568621,
    "106":0.09829217348568621,
    "107":0.09829217348568621,
    "108":0.06143260842855387,
    "109":0.09829217348568621,
    "110":0.06143260842855387,
    "111":0.07371913011426465,
    "112":0.036859565057132324,
    "113":0.024573043371421553,
    "114":0.049146086742843105,
    "115":0.036859565057132324,
    "116":0.049146086742843105,
    "117":0.049146086742843105,
    "118":0.036859565057132324,
    "119":0.07371913011426465,
    "120":0.036859565057132324,
    "121":0.036859565057132324,
    "122":0.049146086742843105,
    "123":0.012286521685710776,
    "124":0.036859565057132324,
    "125":0.08600565179997544,
    "126":0.06143260842855387,
    "127":0.024573043371421553,
    "128":0.049146086742843105,
    "129":0.024573043371421553,
    "130":0.024573043371421553,
    "131":0.049146086742843105,
    "132":0.049146086742843105,
    "133":0.012286521685710776,
    "134":0.049146086742843105,
    "135":0.06143260842855387,
    "136":0.049146086742843105,
    "137":0.024573043371421553,
    "138":0.0,
    "139":0.049146086742843105,
    "140":0.036859565057132324,
    "141":0.06143260842855387,
    "142":0.049146086742843105,
    "143":0.07371913011426465,
    "144":0.012286521685710776,
    "145":0.024573043371421553,
    "146":0.024573043371421553,
    "147":0.024573043371421553,
    "148":0.012286521685710776,
    "149":0.012286521685710776,
    "150":0.036859565057132324,
    "151":0.012286521685710776,
    "152":0.0,
    "153":0.036859565057132324,
    "154":0.036859565057132324,
    "155":0.024573043371421553,
    "156":0.036859565057132324,
    "157":0.049146086742843105,
    "158":0.06143260842855387,
    "159":0.024573043371421553,
    "160":0.049146086742843105,
    "161":0.024573043371421553,
    "162":0.012286521685710776,
    "163":0.06143260842855387,
    "164":0.012286521685710776,
    "165":0.0,
    "166":0.012286521685710776,
    "167":0.0,
    "168":0.024573043371421553,
    "169":0.012286521685710776,
    "170":0.012286521685710776,
    "171":0.036859565057132324,
    "172":0.024573043371421553,
    "173":0.012286521685710776,
    "174":0.012286521685710776,
    "175":0.012286521685710776,
    "176":0.0,
    "177":0.012286521685710776,
    "178":0.024573043371421553,
    "179":0.1474382602285293,
    "180":0.0,
    "181":0.0,
    "182":0.0,
    "183":0.0,
    "184":0.0,
    "185":0.0,
    "186":0.0,
    "187":0.0,
    "188":0.0
}