{
    "0":3.4388501895776384,
    "1":1.0757428798165947,
    "2":4.567498456926197,
    "3":4.338241777621022,
    "4":3.773917643946742,
    "5":2.3983775681156865,
    "6":2.089762807512565,
    "7":2.1514857596331893,
    "8":1.613614319724892,
    "9":2.1073979366898863,
    "10":2.142668195044529,
    "11":2.1514857596331893,
    "12":1.5783440613702495,
    "13":2.2132087117538135,
    "14":2.2925667930517593,
    "15":2.706992328718808,
    "16":2.5130059077682745,
    "17":2.7775328454280928,
    "18":2.4336478264703287,
    "19":2.380742438938365,
    "20":2.5747288598888987,
    "21":2.5130059077682745,
    "22":2.2572965346971166,
    "23":2.407195132704347,
    "24":2.6629045057755047,
    "25":2.3542897451723834,
    "26":1.7635129177321223,
    "27":1.8781412573847103,
    "28":1.7458777885548011,
    "29":1.2609117361784674,
    "30":1.2520941715898068,
    "31":1.2344590424124857,
    "32":1.0845604444052555,
    "33":1.1021955735825766,
    "34":0.9963847985186491,
    "35":0.8288510713340975,
    "36":0.8288510713340975,
    "37":0.8288510713340975,
    "38":0.8288510713340975,
    "39":0.7318578608588309,
    "40":0.793580812979455,
    "41":0.7230402962701702,
    "42":0.546689004496958,
    "43":0.5555065690856186,
    "44":0.5643241336742791,
    "45":0.7583105546248127,
    "46":0.5290538753196368,
    "47":0.44087822943303057,
    "48":0.5819592628516004,
    "49":0.4849660523763337,
    "50":0.317432325191782,
    "51":0.43206066484437,
    "52":0.37915527731240634,
    "53":0.41442553566704876,
    "54":0.4585133586103518,
    "55":0.3967904064897275,
    "56":0.2997971960144608,
    "57":0.3615201481350851,
    "58":0.38797284190106696,
    "59":0.24689180848249714,
    "60":0.28216206683713957,
    "61":0.19398642095053348,
    "62":0.18516885636187286,
    "63":0.0793580812979455,
    "64":0.12344590424124857,
    "65":0.18516885636187286,
    "66":0.20280398553919407,
    "67":0.11462833965258795,
    "68":0.1322634688299092,
    "69":0.11462833965258795,
    "70":0.09699321047526674,
    "71":0.11462833965258795,
    "72":0.10581077506392733,
    "73":0.09699321047526674,
    "74":0.052905387531963666,
    "75":0.12344590424124857,
    "76":0.07054051670928489,
    "77":0.0793580812979455,
    "78":0.09699321047526674,
    "79":0.18516885636187286,
    "80":0.1322634688299092,
    "81":0.11462833965258795,
    "82":0.04408782294330306,
    "83":0.07054051670928489,
    "84":0.0793580812979455,
    "85":0.0793580812979455,
    "86":0.061722952120624286,
    "87":0.061722952120624286,
    "88":0.08817564588660612,
    "89":0.09699321047526674,
    "90":0.04408782294330306,
    "91":0.0793580812979455,
    "92":0.08817564588660612,
    "93":0.10581077506392733,
    "94":0.09699321047526674,
    "95":0.052905387531963666,
    "96":0.1322634688299092,
    "97":0.14108103341856978,
    "98":0.08817564588660612,
    "99":0.08817564588660612,
    "100":0.052905387531963666,
    "101":0.09699321047526674,
    "102":0.061722952120624286,
    "103":0.11462833965258795,
    "104":0.08817564588660612,
    "105":0.026452693765981833,
    "106":0.07054051670928489,
    "107":0.026452693765981833,
    "108":0.04408782294330306,
    "109":0.09699321047526674,
    "110":0.0793580812979455,
    "111":0.035270258354642446,
    "112":0.07054051670928489,
    "113":0.08817564588660612,
    "114":0.035270258354642446,
    "115":0.061722952120624286,
    "116":0.07054051670928489,
    "117":0.052905387531963666,
    "118":0.017635129177321223,
    "119":0.035270258354642446,
    "120":0.061722952120624286,
    "121":0.026452693765981833,
    "122":0.052905387531963666,
    "123":0.035270258354642446,
    "124":0.035270258354642446,
    "125":0.052905387531963666,
    "126":0.04408782294330306,
    "127":0.0793580812979455,
    "128":0.052905387531963666,
    "129":0.035270258354642446,
    "130":0.035270258354642446,
    "131":0.026452693765981833,
    "132":0.026452693765981833,
    "133":0.026452693765981833,
    "134":0.026452693765981833,
    "135":0.04408782294330306,
    "136":0.052905387531963666,
    "137":0.052905387531963666,
    "138":0.061722952120624286,
    "139":0.035270258354642446,
    "140":0.04408782294330306,
    "141":0.052905387531963666,
    "142":0.052905387531963666,
    "143":0.017635129177321223,
    "144":0.035270258354642446,
    "145":0.026452693765981833,
    "146":0.017635129177321223,
    "147":0.017635129177321223,
    "148":0.017635129177321223,
    "149":0.026452693765981833,
    "150":0.035270258354642446,
    "151":0.035270258354642446,
    "152":0.026452693765981833,
    "153":0.04408782294330306,
    "154":0.052905387531963666,
    "155":0.026452693765981833,
    "156":0.017635129177321223,
    "157":0.035270258354642446,
    "158":0.035270258354642446,
    "159":0.008817564588660612,
    "160":0.035270258354642446,
    "161":0.035270258354642446,
    "162":0.04408782294330306,
    "163":0.017635129177321223,
    "164":0.04408782294330306,
    "165":0.026452693765981833,
    "166":0.026452693765981833,
    "167":0.008817564588660612,
    "168":0.017635129177321223,
    "169":0.035270258354642446,
    "170":0.07054051670928489,
    "171":0.04408782294330306,
    "172":0.0793580812979455,
    "173":0.035270258354642446,
    "174":0.04408782294330306,
    "175":0.035270258354642446,
    "176":0.017635129177321223,
    "177":0.008817564588660612,
    "178":0.035270258354642446,
    "179":0.026452693765981833,
    "180":0.017635129177321223,
    "181":0.017635129177321223,
    "182":0.0,
    "183":0.035270258354642446,
    "184":0.026452693765981833,
    "185":0.017635129177321223,
    "186":0.0,
    "187":0.008817564588660612,
    "188":0.035270258354642446,
    "189":0.017635129177321223,
    "190":0.026452693765981833,
    "191":0.008817564588660612,
    "192":0.008817564588660612,
    "193":0.026452693765981833,
    "194":0.017635129177321223,
    "195":0.07054051670928489,
    "196":0.026452693765981833,
    "197":0.0,
    "198":0.017635129177321223,
    "199":0.04408782294330306,
    "200":0.0,
    "201":0.017635129177321223,
    "202":0.008817564588660612,
    "203":0.026452693765981833,
    "204":0.008817564588660612,
    "205":0.017635129177321223,
    "206":0.008817564588660612,
    "207":0.026452693765981833,
    "208":0.0,
    "209":0.026452693765981833,
    "210":0.008817564588660612,
    "211":0.0,
    "212":0.008817564588660612,
    "213":0.008817564588660612,
    "214":0.026452693765981833,
    "215":0.0,
    "216":0.008817564588660612,
    "217":0.008817564588660612,
    "218":0.0,
    "219":0.0,
    "220":0.008817564588660612,
    "221":0.017635129177321223,
    "222":0.0,
    "223":0.0,
    "224":0.0,
    "225":0.0,
    "226":0.0,
    "227":0.0,
    "228":0.0,
    "229":0.0,
    "230":0.0
}