{
    "0":3.3904109589041096,
    "1":1.2328767123287672,
    "2":7.682648401826484,
    "3":7.5,
    "4":6.107305936073059,
    "5":3.9840182648401825,
    "6":3.1506849315068495,
    "7":2.7853881278538815,
    "8":2.363013698630137,
    "9":2.3972602739726026,
    "10":1.82648401826484,
    "11":1.8036529680365299,
    "12":1.7579908675799085,
    "13":2.134703196347032,
    "14":1.9748858447488586,
    "15":1.8835616438356164,
    "16":1.2899543378995433,
    "17":1.1757990867579908,
    "18":1.3926940639269407,
    "19":1.3242009132420092,
    "20":1.552511415525114,
    "21":1.9178082191780823,
    "22":1.8949771689497716,
    "23":1.7808219178082192,
    "24":1.5753424657534247,
    "25":1.36986301369863,
    "26":1.872146118721461,
    "27":1.7123287671232876,
    "28":1.552511415525114,
    "29":1.4155251141552512,
    "30":1.4269406392694064,
    "31":1.5182648401826484,
    "32":1.7237442922374429,
    "33":1.495433789954338,
    "34":1.1643835616438356,
    "35":1.461187214611872,
    "36":1.5867579908675797,
    "37":1.3584474885844748,
    "38":1.1073059360730595,
    "39":0.9817351598173516,
    "40":1.0502283105022832,
    "41":0.9817351598173516,
    "42":0.7191780821917808,
    "43":0.5365296803652968,
    "44":0.4794520547945206,
    "45":0.6164383561643836,
    "46":0.46803652968036524,
    "47":0.45662100456621,
    "48":0.4908675799086758,
    "49":0.4452054794520548,
    "50":0.3310502283105023,
    "51":0.3767123287671233,
    "52":0.3310502283105023,
    "53":0.3082191780821918,
    "54":0.3082191780821918,
    "55":0.2168949771689498,
    "56":0.1141552511415525,
    "57":0.17123287671232876,
    "58":0.091324200913242,
    "59":0.136986301369863,
    "60":0.14840182648401826,
    "61":0.15981735159817353,
    "62":0.14840182648401826,
    "63":0.228310502283105,
    "64":0.1141552511415525,
    "65":0.136986301369863,
    "66":0.182648401826484,
    "67":0.182648401826484,
    "68":0.14840182648401826,
    "69":0.14840182648401826,
    "70":0.12557077625570776,
    "71":0.091324200913242,
    "72":0.1141552511415525,
    "73":0.1141552511415525,
    "74":0.12557077625570776,
    "75":0.05707762557077625,
    "76":0.091324200913242,
    "77":0.091324200913242,
    "78":0.0228310502283105,
    "79":0.0684931506849315,
    "80":0.0228310502283105,
    "81":0.01141552511415525,
    "82":0.03424657534246575,
    "83":0.03424657534246575,
    "84":0.1141552511415525,
    "85":0.05707762557077625,
    "86":0.03424657534246575,
    "87":0.045662100456621,
    "88":0.0,
    "89":0.045662100456621,
    "90":0.0228310502283105,
    "91":0.01141552511415525,
    "92":0.05707762557077625,
    "93":0.03424657534246575,
    "94":0.045662100456621,
    "95":0.03424657534246575,
    "96":0.0228310502283105,
    "97":0.01141552511415525,
    "98":0.01141552511415525,
    "99":0.0228310502283105,
    "100":0.05707762557077625,
    "101":0.045662100456621,
    "102":0.045662100456621,
    "103":0.045662100456621,
    "104":0.01141552511415525,
    "105":0.01141552511415525,
    "106":0.0228310502283105,
    "107":0.01141552511415525,
    "108":0.0228310502283105,
    "109":0.0228310502283105,
    "110":0.03424657534246575,
    "111":0.01141552511415525,
    "112":0.03424657534246575,
    "113":0.03424657534246575,
    "114":0.0,
    "115":0.0,
    "116":0.0,
    "117":0.0,
    "118":0.0,
    "119":0.0,
    "120":0.0,
    "121":0.0,
    "122":0.0,
    "123":0.0,
    "124":0.0,
    "125":0.01141552511415525,
    "126":0.0,
    "127":0.0,
    "128":0.0,
    "129":0.0,
    "130":0.0,
    "131":0.0,
    "132":0.0,
    "133":0.0228310502283105,
    "134":0.0,
    "135":0.0,
    "136":0.0,
    "137":0.0,
    "138":0.0,
    "139":0.0,
    "140":0.0,
    "141":0.0,
    "142":0.0,
    "143":0.0,
    "144":0.0,
    "145":0.0,
    "146":0.0,
    "147":0.0,
    "148":0.01141552511415525,
    "149":0.01141552511415525,
    "150":0.0,
    "151":0.0,
    "152":0.0,
    "153":0.0,
    "154":0.0,
    "155":0.0,
    "156":0.01141552511415525,
    "157":0.0,
    "158":0.01141552511415525,
    "159":0.0,
    "160":0.0,
    "161":0.0,
    "162":0.0,
    "163":0.0,
    "164":0.0,
    "165":0.0,
    "166":0.0,
    "167":0.0228310502283105,
    "168":0.0,
    "169":0.0,
    "170":0.0,
    "171":0.0,
    "172":0.0,
    "173":0.0,
    "174":0.0,
    "175":0.0,
    "176":0.0,
    "177":0.0,
    "178":0.0,
    "179":0.0,
    "180":0.0,
    "181":0.0,
    "182":0.0,
    "183":0.0,
    "184":0.0,
    "185":0.0,
    "186":0.0,
    "187":0.0,
    "188":0.0,
    "189":0.0,
    "190":0.0,
    "191":0.0,
    "192":0.01141552511415525,
    "193":0.0,
    "194":0.0,
    "195":0.0,
    "196":0.01141552511415525,
    "197":0.0,
    "198":0.0,
    "199":0.0,
    "200":0.01141552511415525,
    "201":0.0,
    "202":0.0,
    "203":0.0,
    "204":0.0,
    "205":0.0,
    "206":0.0,
    "207":0.0,
    "208":0.0,
    "209":0.0,
    "210":0.01141552511415525,
    "211":0.0,
    "212":0.01141552511415525,
    "213":0.0,
    "214":0.0,
    "215":0.0,
    "216":0.0,
    "217":0.0,
    "218":0.0,
    "219":0.0,
    "220":0.0
}