{
    "0":3.742077035592394,
    "1":0.3412969283276451,
    "2":3.364212579229644,
    "3":3.534861043393467,
    "4":0.9629449049244272,
    "5":1.9380789858605558,
    "6":1.7308629936616284,
    "7":2.0112140419307654,
    "8":2.620672842515846,
    "9":1.9624573378839592,
    "10":1.7064846416382253,
    "11":1.8527547537786446,
    "12":2.04778156996587,
    "13":2.4134568503169187,
    "14":2.1940516821062896,
    "15":1.9137006338371527,
    "16":1.7552413456850318,
    "17":1.4870794734275963,
    "18":1.8039980497318382,
    "19":1.74305216967333,
    "20":1.4748902974158948,
    "21":1.74305216967333,
    "22":2.0234032179424672,
    "23":1.7918088737201365,
    "24":1.4383227693807898,
    "25":1.4870794734275963,
    "26":1.4139444173573867,
    "27":1.4383227693807898,
    "28":1.2067284251584594,
    "29":1.2676743052169674,
    "30":1.182350073135056,
    "31":0.9873232569478304,
    "32":0.8898098488542174,
    "33":1.121404193076548,
    "34":1.340809361287177,
    "35":1.023890784982935,
    "36":1.2798634812286689,
    "37":0.9629449049244272,
    "38":1.0117016089712336,
    "39":1.218917601170161,
    "40":1.1335933690882496,
    "41":1.0848366650414432,
    "42":0.8654314968308142,
    "43":1.0360799609946367,
    "44":0.9141882008776205,
    "45":0.8044856167723062,
    "46":0.6704046806435885,
    "47":0.8166747927840078,
    "48":0.8654314968308142,
    "49":0.8654314968308142,
    "50":0.7801072647489029,
    "51":0.8166747927840078,
    "52":0.6338371526084837,
    "53":0.5850804485616773,
    "54":0.6582155046318869,
    "55":0.7191613846903949,
    "56":0.4022428083861531,
    "57":0.6582155046318869,
    "58":0.6825938566552902,
    "59":0.4144319843978547,
    "60":0.48756704046806437,
    "61":0.6094588005850805,
    "62":0.6094588005850805,
    "63":0.7069722086786934,
    "64":0.7435397367137981,
    "65":0.5363237445148707,
    "66":0.5485129205265724,
    "67":0.5363237445148707,
    "68":0.5119453924914675,
    "69":0.5485129205265724,
    "70":0.4022428083861531,
    "71":0.21940516821062897,
    "72":0.31691857630424186,
    "73":0.4022428083861531,
    "74":0.3412969283276451,
    "75":0.24378352023403219,
    "76":0.2681618722574354,
    "77":0.32910775231594347,
    "78":0.280351048269137,
    "79":0.42662116040955633,
    "80":0.2681618722574354,
    "81":0.18283764017552412,
    "82":0.19502681618722573,
    "83":0.36567528035104824,
    "84":0.21940516821062897,
    "85":0.1340809361287177,
    "86":0.14627011214041932,
    "87":0.15845928815212093,
    "88":0.17064846416382254,
    "89":0.21940516821062897,
    "90":0.19502681618722573,
    "91":0.1340809361287177,
    "92":0.2681618722574354,
    "93":0.1340809361287177,
    "94":0.12189176011701609,
    "95":0.1340809361287177,
    "96":0.12189176011701609,
    "97":0.09751340809361286,
    "98":0.08532423208191127,
    "99":0.17064846416382254,
    "100":0.18283764017552412,
    "101":0.09751340809361286,
    "102":0.08532423208191127,
    "103":0.09751340809361286,
    "104":0.10970258410531449,
    "105":0.1340809361287177,
    "106":0.10970258410531449,
    "107":0.04875670404680643,
    "108":0.09751340809361286,
    "109":0.08532423208191127,
    "110":0.14627011214041932,
    "111":0.10970258410531449,
    "112":0.10970258410531449,
    "113":0.10970258410531449,
    "114":0.09751340809361286,
    "115":0.07313505607020966,
    "116":0.09751340809361286,
    "117":0.12189176011701609,
    "118":0.012189176011701608,
    "119":0.10970258410531449,
    "120":0.10970258410531449,
    "121":0.03656752803510483,
    "122":0.09751340809361286,
    "123":0.08532423208191127,
    "124":0.03656752803510483,
    "125":0.04875670404680643,
    "126":0.024378352023403216,
    "127":0.08532423208191127,
    "128":0.060945880058508047,
    "129":0.024378352023403216,
    "130":0.024378352023403216,
    "131":0.024378352023403216,
    "132":0.024378352023403216,
    "133":0.07313505607020966,
    "134":0.10970258410531449,
    "135":0.060945880058508047,
    "136":0.012189176011701608,
    "137":0.04875670404680643,
    "138":0.08532423208191127,
    "139":0.03656752803510483,
    "140":0.04875670404680643,
    "141":0.060945880058508047,
    "142":0.04875670404680643,
    "143":0.04875670404680643,
    "144":0.03656752803510483,
    "145":0.08532423208191127,
    "146":0.0,
    "147":0.04875670404680643,
    "148":0.024378352023403216,
    "149":0.04875670404680643,
    "150":0.07313505607020966,
    "151":0.024378352023403216,
    "152":0.012189176011701608,
    "153":0.012189176011701608,
    "154":0.03656752803510483,
    "155":0.0,
    "156":0.024378352023403216,
    "157":0.024378352023403216,
    "158":0.0,
    "159":0.012189176011701608,
    "160":0.04875670404680643,
    "161":0.07313505607020966,
    "162":0.0,
    "163":0.024378352023403216,
    "164":0.012189176011701608,
    "165":0.03656752803510483,
    "166":0.012189176011701608,
    "167":0.012189176011701608,
    "168":0.012189176011701608,
    "169":0.012189176011701608,
    "170":0.03656752803510483,
    "171":0.012189176011701608,
    "172":0.024378352023403216,
    "173":0.04875670404680643,
    "174":0.07313505607020966,
    "175":0.03656752803510483,
    "176":0.024378352023403216,
    "177":0.0,
    "178":0.0,
    "179":0.0,
    "180":0.0,
    "181":0.0,
    "182":0.0,
    "183":0.0,
    "184":0.012189176011701608,
    "185":0.012189176011701608,
    "186":0.012189176011701608,
    "187":0.024378352023403216,
    "188":0.0,
    "189":0.0,
    "190":0.0,
    "191":0.012189176011701608,
    "192":0.0,
    "193":0.03656752803510483,
    "194":0.0,
    "195":0.0,
    "196":0.0,
    "197":0.012189176011701608,
    "198":0.0,
    "199":0.0,
    "200":0.03656752803510483,
    "201":0.012189176011701608,
    "202":0.0,
    "203":0.0,
    "204":0.0,
    "205":0.0,
    "206":0.0,
    "207":0.0,
    "208":0.0,
    "209":0.0,
    "210":0.0,
    "211":0.0,
    "212":0.0,
    "213":0.0,
    "214":0.0,
    "215":0.0,
    "216":0.0,
    "217":0.0,
    "218":0.0,
    "219":0.0,
    "220":0.0,
    "221":0.0,
    "222":0.0,
    "223":0.0,
    "224":0.0,
    "225":0.0,
    "226":0.0,
    "227":0.0,
    "228":0.0,
    "229":0.0,
    "230":0.0,
    "231":0.0,
    "232":0.0,
    "233":0.0,
    "234":0.0,
    "235":0.0,
    "236":0.0,
    "237":0.0,
    "238":0.0,
    "239":0.0,
    "240":0.012189176011701608,
    "241":0.0,
    "242":0.0,
    "243":0.0,
    "244":0.0,
    "245":0.0,
    "246":0.012189176011701608,
    "247":0.0,
    "248":0.0,
    "249":0.0,
    "250":0.0,
    "251":0.0,
    "252":0.0,
    "253":0.0,
    "254":0.0,
    "255":0.0,
    "256":0.0,
    "257":0.0,
    "258":0.0,
    "259":0.0,
    "260":0.012189176011701608,
    "261":0.04875670404680643,
    "262":0.0,
    "263":0.0,
    "264":0.0,
    "265":0.0,
    "266":0.0,
    "267":0.0,
    "268":0.0,
    "269":0.0
}