{
    "0":5.299691494050243,
    "1":1.0577346848832083,
    "2":1.2009695901278097,
    "3":1.5204936095196122,
    "4":1.972234464521816,
    "5":1.509475539885412,
    "6":1.7959453503746143,
    "7":2.0603790215954163,
    "8":2.4019391802556194,
    "9":2.2587042750110182,
    "10":2.9638607315998238,
    "11":2.5451740855002205,
    "12":1.851035698545615,
    "13":2.0383428823270164,
    "14":2.0603790215954163,
    "15":2.071397091229617,
    "16":2.280740414279418,
    "17":2.005288673424416,
    "18":2.0934332304980168,
    "19":1.8400176289114147,
    "20":2.203613926840018,
    "21":1.7849272807404142,
    "22":1.8840899074482151,
    "23":1.7408550022036138,
    "24":1.7078007933010138,
    "25":1.7959453503746143,
    "26":1.5755839576906128,
    "27":1.5866020273248127,
    "28":1.4433671220802116,
    "29":1.5535478184222125,
    "30":1.2670780079330102,
    "31":1.101806963420009,
    "32":1.4543851917144115,
    "33":1.2891141472014103,
    "34":1.0577346848832083,
    "35":1.1458792419568091,
    "36":1.1679153812252092,
    "37":0.8594094314676068,
    "38":0.7822829440282062,
    "39":0.7602468047598061,
    "40":0.6831203173204055,
    "41":0.6500661084178052,
    "42":0.9475539885412075,
    "43":0.7492287351256061,
    "44":0.7051564565888057,
    "45":0.9916262670780079,
    "46":0.6831203173204055,
    "47":0.6610841780520054,
    "48":0.8483913618334067,
    "49":0.7712648743940062,
    "50":0.7602468047598061,
    "51":0.617011899515205,
    "52":0.3966505068312032,
    "53":0.5729396209784046,
    "54":0.5288673424416042,
    "55":0.5839576906126046,
    "56":0.4627589246364037,
    "57":0.4076685764654033,
    "58":0.5949757602468048,
    "59":0.4186866460996034,
    "60":0.5178492728074042,
    "61":0.4517408550022036,
    "62":0.4186866460996034,
    "63":0.2974878801234024,
    "64":0.34156015866020273,
    "65":0.4517408550022036,
    "66":0.5509034817100045,
    "67":0.5619215513442045,
    "68":0.35257822829440283,
    "69":0.3305420890260027,
    "70":0.47377699427060377,
    "71":0.3305420890260027,
    "72":0.2864698104892023,
    "73":0.2864698104892023,
    "74":0.35257822829440283,
    "75":0.3635962979286029,
    "76":0.3305420890260027,
    "77":0.2864698104892023,
    "78":0.25341560158660204,
    "79":0.22036139268400176,
    "80":0.18730718378140152,
    "81":0.3305420890260027,
    "82":0.2093433230498017,
    "83":0.12119876597620097,
    "84":0.18730718378140152,
    "85":0.17628911414720141,
    "86":0.0991626267078008,
    "87":0.07712648743940062,
    "88":0.14323490524460114,
    "89":0.18730718378140152,
    "90":0.07712648743940062,
    "91":0.15425297487880124,
    "92":0.15425297487880124,
    "93":0.18730718378140152,
    "94":0.13221683561040104,
    "95":0.14323490524460114,
    "96":0.13221683561040104,
    "97":0.24239753195240193,
    "98":0.17628911414720141,
    "99":0.06610841780520052,
    "100":0.08814455707360071,
    "101":0.12119876597620097,
    "102":0.13221683561040104,
    "103":0.13221683561040104,
    "104":0.06610841780520052,
    "105":0.06610841780520052,
    "106":0.08814455707360071,
    "107":0.05509034817100044,
    "108":0.12119876597620097,
    "109":0.06610841780520052,
    "110":0.08814455707360071,
    "111":0.11018069634200088,
    "112":0.11018069634200088,
    "113":0.0991626267078008,
    "114":0.13221683561040104,
    "115":0.0991626267078008,
    "116":0.07712648743940062,
    "117":0.08814455707360071,
    "118":0.07712648743940062,
    "119":0.12119876597620097,
    "120":0.0991626267078008,
    "121":0.08814455707360071,
    "122":0.0991626267078008,
    "123":0.0991626267078008,
    "124":0.08814455707360071,
    "125":0.05509034817100044,
    "126":0.12119876597620097,
    "127":0.06610841780520052,
    "128":0.06610841780520052,
    "129":0.07712648743940062,
    "130":0.022036139268400177,
    "131":0.06610841780520052,
    "132":0.05509034817100044,
    "133":0.07712648743940062,
    "134":0.08814455707360071,
    "135":0.08814455707360071,
    "136":0.06610841780520052,
    "137":0.08814455707360071,
    "138":0.08814455707360071,
    "139":0.03305420890260026,
    "140":0.07712648743940062,
    "141":0.05509034817100044,
    "142":0.06610841780520052,
    "143":0.044072278536800354,
    "144":0.011018069634200088,
    "145":0.03305420890260026,
    "146":0.05509034817100044,
    "147":0.06610841780520052,
    "148":0.03305420890260026,
    "149":0.08814455707360071,
    "150":0.05509034817100044,
    "151":0.044072278536800354,
    "152":0.03305420890260026,
    "153":0.06610841780520052,
    "154":0.03305420890260026,
    "155":0.044072278536800354,
    "156":0.044072278536800354,
    "157":0.044072278536800354,
    "158":0.03305420890260026,
    "159":0.044072278536800354,
    "160":0.06610841780520052,
    "161":0.011018069634200088,
    "162":0.03305420890260026,
    "163":0.03305420890260026,
    "164":0.0,
    "165":0.05509034817100044,
    "166":0.044072278536800354,
    "167":0.07712648743940062,
    "168":0.022036139268400177,
    "169":0.044072278536800354,
    "170":0.03305420890260026,
    "171":0.011018069634200088,
    "172":0.03305420890260026,
    "173":0.011018069634200088,
    "174":0.022036139268400177,
    "175":0.05509034817100044,
    "176":0.03305420890260026,
    "177":0.11018069634200088,
    "178":0.011018069634200088,
    "179":0.011018069634200088,
    "180":0.022036139268400177,
    "181":0.03305420890260026,
    "182":0.11018069634200088,
    "183":0.0,
    "184":0.0,
    "185":0.0,
    "186":0.0,
    "187":0.0,
    "188":0.0,
    "189":0.0,
    "190":0.0,
    "191":0.0,
    "192":0.0,
    "193":0.0,
    "194":0.0,
    "195":0.0,
    "196":0.0,
    "197":0.0,
    "198":0.0,
    "199":0.0,
    "200":0.0,
    "201":0.0,
    "202":0.0,
    "203":0.0,
    "204":0.0,
    "205":0.011018069634200088,
    "206":0.0,
    "207":0.0,
    "208":0.0,
    "209":0.0,
    "210":0.0,
    "211":0.0,
    "212":0.0,
    "213":0.0
}