{
    "0":3.04429981104346,
    "1":0.7453285744278816,
    "2":1.6113793827419693,
    "3":2.9970606760445095,
    "4":3.4012177199244173,
    "5":2.6873819021625023,
    "6":2.6506403527188747,
    "7":2.4931765693890404,
    "8":2.4196934705017847,
    "9":2.939323955490237,
    "10":2.7923577577157253,
    "11":3.5061935754776403,
    "12":3.600671845475541,
    "13":3.5009447826999787,
    "14":3.68990132269578,
    "15":3.0652949821541045,
    "16":3.2017635943732943,
    "17":3.2962418643711944,
    "18":3.112534117153055,
    "19":2.6506403527188747,
    "20":2.8133529288263697,
    "21":2.4144446777241235,
    "22":2.235985723283645,
    "23":2.178249002729372,
    "24":2.03128280495486,
    "25":1.6848624816292253,
    "26":1.5326474910770522,
    "27":1.5483938694100357,
    "28":1.1337392399748059,
    "29":1.3594373294142348,
    "30":1.1284904471971446,
    "31":1.2859542305269789,
    "32":1.175729582196095,
    "33":0.9710266638673104,
    "34":0.8398068444257821,
    "35":0.7873189166491706,
    "36":0.8555532227587654,
    "37":0.950031492756666,
    "38":1.0130170060885997,
    "39":0.8817971866470712,
    "40":0.6560990972076421,
    "41":0.6770942683182868,
    "42":0.5931135838757086,
    "43":0.6246063405416754,
    "44":0.5668696199874029,
    "45":0.5511232416544195,
    "46":0.5248792777661138,
    "47":0.5826159983203862,
    "48":0.530128070543775,
    "49":0.4356498005458745,
    "50":0.38316187276926306,
    "51":0.2729372244383792,
    "52":0.3726642872139408,
    "53":0.41990342221289106,
    "54":0.35691790888095737,
    "55":0.35691790888095737,
    "56":0.4408985933235356,
    "57":0.304429981104346,
    "58":0.304429981104346,
    "59":0.31492756665966826,
    "60":0.28343480999370146,
    "61":0.23094688221709006,
    "62":0.18895653999580095,
    "63":0.18370774721813982,
    "64":0.14696619777451186,
    "65":0.1994541255511232,
    "66":0.1364686122191896,
    "67":0.1364686122191896,
    "68":0.16271257610749526,
    "69":0.1364686122191896,
    "70":0.13121981944152844,
    "71":0.13121981944152844,
    "72":0.1102246483308839,
    "73":0.07348309888725593,
    "74":0.0997270627755616,
    "75":0.08922947722023934,
    "76":0.13121981944152844,
    "77":0.1102246483308839,
    "78":0.10497585555322277,
    "79":0.07873189166491706,
    "80":0.11547344110854503,
    "81":0.0839806844425782,
    "82":0.07873189166491706,
    "83":0.0682343061095948,
    "84":0.0682343061095948,
    "85":0.08922947722023934,
    "86":0.05248792777661138,
    "87":0.02099517111064455,
    "88":0.05248792777661138,
    "89":0.0419903422212891,
    "90":0.02624396388830569,
    "91":0.036741549443627966,
    "92":0.0419903422212891,
    "93":0.036741549443627966,
    "94":0.036741549443627966,
    "95":0.02099517111064455,
    "96":0.015746378332983414,
    "97":0.0419903422212891,
    "98":0.02099517111064455,
    "99":0.02624396388830569,
    "100":0.03149275666596683,
    "101":0.0419903422212891,
    "102":0.02099517111064455,
    "103":0.02624396388830569,
    "104":0.02624396388830569,
    "105":0.02624396388830569,
    "106":0.02624396388830569,
    "107":0.010497585555322275,
    "108":0.02624396388830569,
    "109":0.015746378332983414,
    "110":0.02099517111064455,
    "111":0.02099517111064455,
    "112":0.010497585555322275,
    "113":0.03149275666596683,
    "114":0.010497585555322275,
    "115":0.010497585555322275,
    "116":0.015746378332983414,
    "117":0.010497585555322275,
    "118":0.010497585555322275,
    "119":0.005248792777661137,
    "120":0.02099517111064455,
    "121":0.005248792777661137,
    "122":0.010497585555322275,
    "123":0.005248792777661137,
    "124":0.02624396388830569,
    "125":0.005248792777661137,
    "126":0.02099517111064455,
    "127":0.005248792777661137,
    "128":0.010497585555322275,
    "129":0.005248792777661137,
    "130":0.010497585555322275,
    "131":0.015746378332983414,
    "132":0.010497585555322275,
    "133":0.02099517111064455,
    "134":0.005248792777661137,
    "135":0.03149275666596683,
    "136":0.0,
    "137":0.005248792777661137,
    "138":0.0,
    "139":0.0,
    "140":0.0,
    "141":0.0,
    "142":0.0,
    "143":0.0,
    "144":0.005248792777661137,
    "145":0.0,
    "146":0.0,
    "147":0.0,
    "148":0.0,
    "149":0.0,
    "150":0.0,
    "151":0.005248792777661137,
    "152":0.0,
    "153":0.005248792777661137,
    "154":0.0,
    "155":0.0,
    "156":0.0,
    "157":0.0,
    "158":0.0,
    "159":0.010497585555322275,
    "160":0.010497585555322275,
    "161":0.005248792777661137,
    "162":0.0,
    "163":0.0,
    "164":0.0,
    "165":0.0,
    "166":0.0,
    "167":0.0,
    "168":0.0,
    "169":0.0,
    "170":0.0,
    "171":0.0,
    "172":0.005248792777661137,
    "173":0.0,
    "174":0.0,
    "175":0.0,
    "176":0.0,
    "177":0.0,
    "178":0.0,
    "179":0.0,
    "180":0.0,
    "181":0.0
}