{
    "0":4.3999999999999995,
    "1":2.1411764705882352,
    "2":5.929411764705883,
    "3":8.917647058823528,
    "4":3.635294117647059,
    "5":1.3176470588235294,
    "6":1.1529411764705881,
    "7":1.3411764705882352,
    "8":2.211764705882353,
    "9":2.4,
    "10":2.6,
    "11":3.129411764705883,
    "12":3.129411764705883,
    "13":3.4000000000000004,
    "14":3.4000000000000004,
    "15":2.2941176470588234,
    "16":2.5529411764705885,
    "17":2.1411764705882352,
    "18":1.9529411764705882,
    "19":1.7882352941176471,
    "20":1.7411764705882353,
    "21":1.6588235294117646,
    "22":1.5647058823529414,
    "23":1.5647058823529414,
    "24":1.7882352941176471,
    "25":1.2352941176470587,
    "26":1.5647058823529414,
    "27":1.4823529411764707,
    "28":1.388235294117647,
    "29":1.5058823529411764,
    "30":1.1411764705882352,
    "31":1.2941176470588236,
    "32":0.9647058823529411,
    "33":1.2470588235294118,
    "34":1.1294117647058823,
    "35":1.1411764705882352,
    "36":0.9529411764705882,
    "37":1.011764705882353,
    "38":0.823529411764706,
    "39":0.6235294117647059,
    "40":0.7176470588235294,
    "41":0.7764705882352941,
    "42":0.5764705882352941,
    "43":0.6,
    "44":0.5882352941176471,
    "45":0.5411764705882353,
    "46":0.3764705882352941,
    "47":0.4705882352941176,
    "48":0.5058823529411764,
    "49":0.4470588235294118,
    "50":0.4470588235294118,
    "51":0.4470588235294118,
    "52":0.5647058823529412,
    "53":0.4470588235294118,
    "54":0.3058823529411765,
    "55":0.4,
    "56":0.2235294117647059,
    "57":0.48235294117647054,
    "58":0.3764705882352941,
    "59":0.3411764705882353,
    "60":0.36470588235294116,
    "61":0.45882352941176474,
    "62":0.3176470588235294,
    "63":0.2823529411764706,
    "64":0.25882352941176473,
    "65":0.2235294117647059,
    "66":0.18823529411764706,
    "67":0.15294117647058825,
    "68":0.29411764705882354,
    "69":0.1411764705882353,
    "70":0.0,
    "71":0.10588235294117646,
    "72":0.0588235294117647,
    "73":0.08235294117647059,
    "74":0.03529411764705882,
    "75":0.03529411764705882,
    "76":0.08235294117647059,
    "77":0.07058823529411765,
    "78":0.0588235294117647,
    "79":0.08235294117647059,
    "80":0.08235294117647059,
    "81":0.0588235294117647,
    "82":0.03529411764705882,
    "83":0.047058823529411764,
    "84":0.08235294117647059,
    "85":0.10588235294117646,
    "86":0.07058823529411765,
    "87":0.07058823529411765,
    "88":0.047058823529411764,
    "89":0.1176470588235294,
    "90":0.08235294117647059,
    "91":0.08235294117647059,
    "92":0.0588235294117647,
    "93":0.1176470588235294,
    "94":0.07058823529411765,
    "95":0.07058823529411765,
    "96":0.047058823529411764,
    "97":0.047058823529411764,
    "98":0.023529411764705882,
    "99":0.0588235294117647,
    "100":0.03529411764705882,
    "101":0.0,
    "102":0.0,
    "103":0.0,
    "104":0.0,
    "105":0.0,
    "106":0.0,
    "107":0.0,
    "108":0.0,
    "109":0.0
}