{
    "0":2.446700507614213,
    "1":0.9238578680203046,
    "2":4.2944162436548226,
    "3":2.9746192893401013,
    "4":2.446700507614213,
    "5":2.6395939086294415,
    "6":1.7868020304568528,
    "7":1.401015228426396,
    "8":0.6598984771573604,
    "9":0.6091370558375634,
    "10":1.116751269035533,
    "11":1.248730964467005,
    "12":1.116751269035533,
    "13":1.4213197969543148,
    "14":1.3908629441624365,
    "15":1.6142131979695433,
    "16":1.583756345177665,
    "17":1.7868020304568528,
    "18":2.0609137055837565,
    "19":1.9695431472081217,
    "20":2.0,
    "21":1.9187817258883249,
    "22":1.7664974619289338,
    "23":1.7766497461928936,
    "24":1.9187817258883249,
    "25":1.5736040609137056,
    "26":1.5736040609137056,
    "27":1.6243654822335025,
    "28":1.3908629441624365,
    "29":1.5228426395939088,
    "30":1.3299492385786802,
    "31":1.6852791878172588,
    "32":1.7157360406091369,
    "33":1.5228426395939088,
    "34":1.4111675126903553,
    "35":1.0862944162436547,
    "36":1.1370558375634519,
    "37":0.9746192893401016,
    "38":0.9340101522842639,
    "39":1.065989847715736,
    "40":0.9441624365482234,
    "41":1.015228426395939,
    "42":0.9644670050761422,
    "43":0.9340101522842639,
    "44":0.8629441624365483,
    "45":0.9644670050761422,
    "46":0.8426395939086294,
    "47":0.9949238578680204,
    "48":0.8121827411167513,
    "49":1.0355329949238579,
    "50":0.6294416243654822,
    "51":0.7817258883248732,
    "52":0.8121827411167513,
    "53":0.7411167512690355,
    "54":0.7817258883248732,
    "55":0.6903553299492385,
    "56":0.5279187817258884,
    "57":0.5583756345177665,
    "58":0.700507614213198,
    "59":0.5888324873096447,
    "60":0.700507614213198,
    "61":0.6192893401015228,
    "62":0.38578680203045684,
    "63":0.42639593908629436,
    "64":0.3248730964467005,
    "65":0.5279187817258884,
    "66":0.39593908629441626,
    "67":0.46700507614213194,
    "68":0.3248730964467005,
    "69":0.2741116751269036,
    "70":0.4365482233502538,
    "71":0.40609137055837563,
    "72":0.4365482233502538,
    "73":0.3147208121827411,
    "74":0.23350253807106597,
    "75":0.3756345177664975,
    "76":0.2741116751269036,
    "77":0.2233502538071066,
    "78":0.3045685279187817,
    "79":0.23350253807106597,
    "80":0.2436548223350254,
    "81":0.2436548223350254,
    "82":0.20304568527918782,
    "83":0.19289340101522842,
    "84":0.2741116751269036,
    "85":0.2233502538071066,
    "86":0.20304568527918782,
    "87":0.17258883248730963,
    "88":0.1319796954314721,
    "89":0.1218274111675127,
    "90":0.15228426395939085,
    "91":0.18274111675126903,
    "92":0.16243654822335024,
    "93":0.1218274111675127,
    "94":0.2233502538071066,
    "95":0.19289340101522842,
    "96":0.14213197969543148,
    "97":0.1319796954314721,
    "98":0.1319796954314721,
    "99":0.08121827411167512,
    "100":0.07106598984771574,
    "101":0.06091370558375635,
    "102":0.14213197969543148,
    "103":0.08121827411167512,
    "104":0.14213197969543148,
    "105":0.1319796954314721,
    "106":0.050761421319796954,
    "107":0.08121827411167512,
    "108":0.07106598984771574,
    "109":0.1116751269035533,
    "110":0.14213197969543148,
    "111":0.050761421319796954,
    "112":0.06091370558375635,
    "113":0.09137055837563451,
    "114":0.1116751269035533,
    "115":0.06091370558375635,
    "116":0.050761421319796954,
    "117":0.02030456852791878,
    "118":0.09137055837563451,
    "119":0.050761421319796954,
    "120":0.04060913705583756,
    "121":0.04060913705583756,
    "122":0.02030456852791878,
    "123":0.09137055837563451,
    "124":0.07106598984771574,
    "125":0.08121827411167512,
    "126":0.04060913705583756,
    "127":0.06091370558375635,
    "128":0.07106598984771574,
    "129":0.06091370558375635,
    "130":0.02030456852791878,
    "131":0.07106598984771574,
    "132":0.030456852791878174,
    "133":0.04060913705583756,
    "134":0.06091370558375635,
    "135":0.04060913705583756,
    "136":0.030456852791878174,
    "137":0.030456852791878174,
    "138":0.07106598984771574,
    "139":0.07106598984771574,
    "140":0.04060913705583756,
    "141":0.06091370558375635,
    "142":0.02030456852791878,
    "143":0.04060913705583756,
    "144":0.1116751269035533,
    "145":0.06091370558375635,
    "146":0.050761421319796954,
    "147":0.050761421319796954,
    "148":0.030456852791878174,
    "149":0.050761421319796954,
    "150":0.030456852791878174,
    "151":0.050761421319796954,
    "152":0.04060913705583756,
    "153":0.06091370558375635,
    "154":0.06091370558375635,
    "155":0.030456852791878174,
    "156":0.07106598984771574,
    "157":0.08121827411167512,
    "158":0.09137055837563451,
    "159":0.06091370558375635,
    "160":0.04060913705583756,
    "161":0.06091370558375635,
    "162":0.050761421319796954,
    "163":0.08121827411167512,
    "164":0.050761421319796954,
    "165":0.06091370558375635,
    "166":0.07106598984771574,
    "167":0.050761421319796954,
    "168":0.04060913705583756,
    "169":0.04060913705583756,
    "170":0.06091370558375635,
    "171":0.07106598984771574,
    "172":0.030456852791878174,
    "173":0.07106598984771574,
    "174":0.04060913705583756,
    "175":0.050761421319796954,
    "176":0.06091370558375635,
    "177":0.08121827411167512,
    "178":0.050761421319796954,
    "179":0.02030456852791878,
    "180":0.07106598984771574,
    "181":0.050761421319796954,
    "182":0.04060913705583756,
    "183":0.02030456852791878,
    "184":0.050761421319796954,
    "185":0.050761421319796954,
    "186":0.08121827411167512,
    "187":0.06091370558375635,
    "188":0.02030456852791878,
    "189":0.07106598984771574,
    "190":0.07106598984771574,
    "191":0.04060913705583756,
    "192":0.04060913705583756,
    "193":0.030456852791878174,
    "194":0.030456852791878174,
    "195":0.030456852791878174,
    "196":0.02030456852791878,
    "197":0.030456852791878174,
    "198":0.02030456852791878,
    "199":0.050761421319796954,
    "200":0.06091370558375635,
    "201":0.06091370558375635,
    "202":0.02030456852791878,
    "203":0.030456852791878174,
    "204":0.050761421319796954,
    "205":0.030456852791878174,
    "206":0.030456852791878174,
    "207":0.02030456852791878,
    "208":0.02030456852791878,
    "209":0.050761421319796954,
    "210":0.030456852791878174,
    "211":0.030456852791878174,
    "212":0.030456852791878174,
    "213":0.02030456852791878,
    "214":0.02030456852791878,
    "215":0.01015228426395939,
    "216":0.06091370558375635,
    "217":0.01015228426395939,
    "218":0.04060913705583756,
    "219":0.02030456852791878,
    "220":0.04060913705583756,
    "221":0.04060913705583756,
    "222":0.02030456852791878,
    "223":0.030456852791878174,
    "224":0.04060913705583756,
    "225":0.01015228426395939,
    "226":0.04060913705583756,
    "227":0.050761421319796954,
    "228":0.030456852791878174,
    "229":0.06091370558375635,
    "230":0.01015228426395939,
    "231":0.01015228426395939,
    "232":0.01015228426395939,
    "233":0.0,
    "234":0.02030456852791878,
    "235":0.02030456852791878,
    "236":0.02030456852791878,
    "237":0.01015228426395939,
    "238":0.02030456852791878,
    "239":0.030456852791878174,
    "240":0.01015228426395939,
    "241":0.04060913705583756,
    "242":0.01015228426395939,
    "243":0.01015228426395939,
    "244":0.01015228426395939,
    "245":0.02030456852791878,
    "246":0.02030456852791878,
    "247":0.02030456852791878,
    "248":0.04060913705583756,
    "249":0.02030456852791878,
    "250":0.02030456852791878,
    "251":0.0,
    "252":0.0,
    "253":0.0,
    "254":0.0,
    "255":0.0,
    "256":0.0,
    "257":0.0,
    "258":0.0,
    "259":0.0
}