{
    "0":[
        [
            -1.4576591362604197,
            -48.46773441495686
        ]
    ],
    "1":[
        [
            -1.455765945244538,
            -48.47435575681372
        ]
    ],
    "2":[
        [
            -1.4576497875590182,
            -48.462536779508326
        ]
    ],
    "3":[
        [
            -1.454208612118715,
            -48.46168593756118
        ]
    ],
    "4":[
        [
            -1.462089299958013,
            -48.47151621793972
        ]
    ],
    "5":[
        [
            -1.4613212381412568,
            -48.47117410060977
        ]
    ],
    "6":[
        [
            -1.4612876940540003,
            -48.463782313781216
        ]
    ],
    "7":[
        [
            -1.4622323939674018,
            -48.47081052738547
        ]
    ],
    "8":[
        [
            -1.4560190776389519,
            -48.463837861578384
        ]
    ],
    "9":[
        [
            -1.4655671780084498,
            -48.46681237122414
        ]
    ],
    "path":[
        [
            300000000001,
            3761153425,
            491630316,
            492643983,
            3653281184,
            3603908258,
            300000000003
        ],
        [
            300000000003,
            3603908258,
            3603908257,
            491630287,
            344729530,
            491630278,
            491630276,
            300000000004
        ],
        [
            300000000004,
            491630276,
            491630278,
            344729530,
            3975125814,
            300000000009
        ],
        [
            300000000009,
            3975125814,
            344729530,
            491630287,
            3603908273,
            492118153,
            6991835283,
            492118144,
            6989261107,
            491630290,
            491630298,
            3975125820,
            300000000007
        ],
        [
            300000000007,
            491630389,
            491630366,
            491630427,
            491630430,
            6951424130,
            6951424124,
            6951424122,
            491632068,
            491632067,
            433168470,
            433168468,
            300000000008
        ],
        [
            300000000008,
            300000000005
        ],
        [
            300000000005,
            300000000008,
            433168468,
            