{
    "0":[
        [
            -1.4631274482619674,
            -48.461979565576726
        ]
    ],
    "1":[
        [
            -1.462349261626608,
            -48.467442532582446
        ]
    ],
    "2":[
        [
            -1.4583466222927501,
            -48.46861069664013
        ]
    ],
    "3":[
        [
            -1.475706910688894,
            -48.46824990968419
        ]
    ],
    "4":[
        [
            -1.4638686398639416,
            -48.466323172263465
        ]
    ],
    "5":[
        [
            -1.461881214388272,
            -48.46917245065186
        ]
    ],
    "6":[
        [
            -1.4607497654264356,
            -48.471667327861425
        ]
    ],
    "7":[
        [
            -1.4508207700993825,
            -48.47345734975617
        ]
    ],
    "8":[
        [
            -1.4642355553626214,
            -48.48088381870422
        ]
    ],
    "9":[
        [
            -1.4547634666384937,
            -48.46903809791631
        ]
    ],
    "total_length":9707.730675207655,
    "work_total":342284.32346211985
}