{
    "0":[
        [
            -1.459479676207117,
            -48.469360086371076
        ]
    ],
    "1":[
        [
            -1.4492196897733298,
            -48.467077770084714
        ]
    ],
    "2":[
        [
            -1.465997775710695,
            -48.46141113258229
        ]
    ],
    "3":[
        [
            -1.4541094297912889,
            -48.46465217815035
        ]
    ],
    "4":[
        [
            -1.450380083360208,
            -48.47598125939089
        ]
    ],
    "5":[
        [
            -1.4681851554444976,
            -48.471364766290634
        ]
    ],
    "6":[
        [
            -1.4525448646552206,
            -48.468079472763556
        ]
    ],
    "7":[
        [
            -1.459388766244822,
            -48.4815853242824
        ]
    ],
    "8":[
        [
            -1.458882514876321,
            -48.46378214844834
        ]
    ],
    "9":[
        [
            -1.4544889134594254,
            -48.47269141528656
        ]
    ],
    "total_length":10987.859477918477,
    "work_total":583944.4538447002
}