{
    "0":1.1639185257032008,
    "1":3.5038797284190104,
    "2":5.431619786614937,
    "3":4.219204655674103,
    "4":2.3278370514064015,
    "5":2.388457807953443,
    "6":2.7521823472356934,
    "7":2.99466537342386,
    "8":3.7584869059165857,
    "9":4.073714839961203,
    "10":3.661493695441319,
    "11":3.055286129970902,
    "12":2.5339476236663434,
    "13":2.77643064985451,
    "14":2.909796314258002,
    "15":2.99466537342386,
    "16":2.388457807953443,
    "17":1.8671193016488845,
    "18":2.315712900096993,
    "19":2.061105722599418,
    "20":1.9277400581959263,
    "21":1.9277400581959263,
    "22":2.4005819592628517,
    "23":2.6794374393792437,
    "24":2.061105722599418,
    "25":1.7943743937924344,
    "26":1.3215324927255092,
    "27":1.4670223084384093,
    "28":1.4064015518913677,
    "29":1.2972841901066925,
    "30":1.127546071774976,
    "31":1.0790494665373425,
    "32":0.8001939864209505,
    "33":1.0548011639185257,
    "34":0.812318137730359,
    "35":1.0426770126091174,
    "36":0.7153249272550921,
    "37":0.7032007759456839,
    "38":0.7638215324927256,
    "39":0.9699321047526674,
    "40":0.7638215324927256,
    "41":0.5092143549951503,
    "42":0.5577109602327837,
    "43":0.5213385063045587,
    "44":0.4849660523763337,
    "45":0.21823472356935014,
    "46":0.3758486905916586,
    "47":0.3031037827352085,
    "48":0.31522793404461685,
    "49":0.20611057225994178,
    "50":0.25460717749757517,
    "51":0.25460717749757517,
    "52":0.2667313288069835,
    "53":0.31522793404461685,
    "54":0.15761396702230843,
    "55":0.20611057225994178,
    "56":0.19398642095053348,
    "57":0.25460717749757517,
    "58":0.1697381183317168,
    "59":0.27885548011639183,
    "60":0.21823472356935014,
    "61":0.2909796314258002,
    "62":0.31522793404461685,
    "63":0.27885548011639183,
    "64":0.2303588748787585,
    "65":0.27885548011639183,
    "66":0.20611057225994178,
    "67":0.24248302618816686,
    "68":0.20611057225994178,
    "69":0.15761396702230843,
    "70":0.18186226964112512,
    "71":0.24248302618816686,
    "72":0.1697381183317168,
    "73":0.0848690591658584,
    "74":0.12124151309408343,
    "75":0.024248302618816685,
    "76":0.0848690591658584,
    "77":0.07274490785645005,
    "78":0.0848690591658584,
    "79":0.04849660523763337,
    "80":0.0848690591658584,
    "81":0.09699321047526674,
    "82":0.0848690591658584,
    "83":0.060620756547041715,
    "84":0.15761396702230843,
    "85":0.18186226964112512,
    "86":0.036372453928225024,
    "87":0.0848690591658584,
    "88":0.10911736178467507,
    "89":0.024248302618816685,
    "90":0.036372453928225024,
    "91":0.012124151309408342,
    "92":0.04849660523763337,
    "93":0.04849660523763337,
    "94":0.024248302618816685,
    "95":0.024248302618816685,
    "96":0.04849660523763337,
    "97":0.036372453928225024,
    "98":0.036372453928225024,
    "99":0.060620756547041715,
    "100":0.024248302618816685,
    "101":0.04849660523763337,
    "102":0.04849660523763337,
    "103":0.04849660523763337,
    "104":0.036372453928225024,
    "105":0.060620756547041715,
    "106":0.036372453928225024,
    "107":0.04849660523763337,
    "108":0.060620756547041715,
    "109":0.024248302618816685,
    "110":0.024248302618816685,
    "111":0.04849660523763337,
    "112":0.07274490785645005,
    "113":0.012124151309408342,
    "114":0.012124151309408342,
    "115":0.04849660523763337,
    "116":0.036372453928225024,
    "117":0.024248302618816685,
    "118":0.024248302618816685,
    "119":0.036372453928225024,
    "120":0.036372453928225024,
    "121":0.024248302618816685,
    "122":0.024248302618816685,
    "123":0.012124151309408342,
    "124":0.07274490785645005,
    "125":0.012124151309408342,
    "126":0.036372453928225024,
    "127":0.0,
    "128":0.012124151309408342,
    "129":0.024248302618816685,
    "130":0.024248302618816685,
    "131":0.0,
    "132":0.012124151309408342,
    "133":0.0,
    "134":0.012124151309408342,
    "135":0.012124151309408342,
    "136":0.024248302618816685,
    "137":0.036372453928225024,
    "138":0.012124151309408342,
    "139":0.0,
    "140":0.012124151309408342,
    "141":0.0,
    "142":0.012124151309408342,
    "143":0.0,
    "144":0.0,
    "145":0.04849660523763337,
    "146":0.024248302618816685,
    "147":0.0,
    "148":0.0,
    "149":0.012124151309408342,
    "150":0.0,
    "151":0.0,
    "152":0.0,
    "153":0.012124151309408342,
    "154":0.012124151309408342,
    "155":0.0,
    "156":0.0,
    "157":0.012124151309408342,
    "158":0.036372453928225024,
    "159":0.012124151309408342,
    "160":0.0,
    "161":0.012124151309408342,
    "162":0.012124151309408342,
    "163":0.024248302618816685,
    "164":0.0,
    "165":0.024248302618816685,
    "166":0.012124151309408342,
    "167":0.0,
    "168":0.0,
    "169":0.012124151309408342,
    "170":0.0,
    "171":0.012124151309408342,
    "172":0.0,
    "173":0.0,
    "174":0.0,
    "175":0.0,
    "176":0.024248302618816685,
    "177":0.012124151309408342,
    "178":0.0,
    "179":0.012124151309408342,
    "180":0.0,
    "181":0.024248302618816685,
    "182":0.0,
    "183":0.0,
    "184":0.012124151309408342,
    "185":0.012124151309408342,
    "186":0.012124151309408342,
    "187":0.012124151309408342,
    "188":0.012124151309408342,
    "189":0.0,
    "190":0.0,
    "191":0.012124151309408342,
    "192":0.012124151309408342,
    "193":0.0,
    "194":0.024248302618816685,
    "195":0.012124151309408342,
    "196":0.012124151309408342,
    "197":0.0,
    "198":0.036372453928225024,
    "199":0.012124151309408342,
    "200":0.012124151309408342,
    "201":0.0,
    "202":0.0,
    "203":0.012124151309408342,
    "204":0.0,
    "205":0.036372453928225024,
    "206":0.0,
    "207":0.036372453928225024,
    "208":0.012124151309408342,
    "209":0.012124151309408342,
    "210":0.012124151309408342,
    "211":0.012124151309408342,
    "212":0.024248302618816685,
    "213":0.0,
    "214":0.024248302618816685,
    "215":0.012124151309408342,
    "216":0.012124151309408342,
    "217":0.012124151309408342,
    "218":0.024248302618816685,
    "219":0.0,
    "220":0.04849660523763337,
    "221":0.0,
    "222":0.0,
    "223":0.0,
    "224":0.0,
    "225":0.0,
    "226":0.0,
    "227":0.0,
    "228":0.0,
    "229":0.0
}