{
    "0":[
        [
            -1.4656892522637919,
            -48.468519688601226
        ]
    ],
    "1":[
        [
            -1.46117609068821,
            -48.46734928296063
        ]
    ],
    "2":[
        [
            -1.452398362997643,
            -48.463385636430786
        ]
    ],
    "3":[
        [
            -1.452117407840308,
            -48.47080961610316
        ]
    ],
    "4":[
        [
            -1.4644509141246265,
            -48.46964501623104
        ]
    ],
    "5":[
        [
            -1.4531290700633928,
            -48.46462116067577
        ]
    ],
    "6":[
        [
            -1.4614729371979143,
            -48.47502367427055
        ]
    ],
    "7":[
        [
            -1.4581457142534595,
            -48.47269005817948
        ]
    ],
    "8":[
        [
            -1.4607551953818019,
            -48.47376226657716
        ]
    ],
    "9":[
        [
            -1.4635674052494234,
            -48.476144240109335
        ]
    ],
    "work_total":361951.57134039176
}