{
    "0":3.4104603518920222,
    "1":1.9884309472161965,
    "2":0.6025548324897566,
    "3":1.4340805013256206,
    "4":1.566642564473367,
    "5":0.9399855386840202,
    "6":1.0725476018317666,
    "7":2.012533140515787,
    "8":2.4945770065075923,
    "9":2.9886719691491925,
    "10":2.5668835864063633,
    "11":3.314051578693661,
    "12":3.1212340322969387,
    "13":2.868161002651241,
    "14":2.5307302964569773,
    "15":2.482525909857797,
    "16":1.7715112075198842,
    "17":2.193299590262714,
    "18":1.554591467823572,
    "19":1.4340805013256206,
    "20":1.5304892745239818,
    "21":1.38587611472644,
    "22":0.8797300554350447,
    "23":1.0363943118823813,
    "24":1.4340805013256206,
    "25":1.3497228247770547,
    "26":1.2653651482284887,
    "27":1.2533140515786938,
    "28":1.0845986984815619,
    "29":1.0002410219329958,
    "30":1.2051096649795132,
    "31":1.0604965051819717,
    "32":1.1328030850807425,
    "33":1.0122921185827911,
    "34":1.2292118582791034,
    "35":1.3617739214268498,
    "36":1.0604965051819717,
    "37":1.096649795131357,
    "38":1.1810074716799228,
    "39":1.0604965051819717,
    "40":1.0363943118823813,
    "41":0.9399855386840202,
    "42":0.6628103157387323,
    "43":0.6507592190889371,
    "44":0.638708122439142,
    "45":0.6266570257893469,
    "46":0.927934442034225,
    "47":0.6266570257893469,
    "48":0.554350445890576,
    "49":0.6146059291395517,
    "50":0.6507592190889371,
    "51":0.40973728609303445,
    "52":0.5784526391901663,
    "53":0.45794167269221503,
    "54":0.5061460592913956,
    "55":0.5422993492407809,
    "56":0.4940949626416004,
    "57":0.5061460592913956,
    "58":0.4940949626416004,
    "59":0.5302482525909858,
    "60":0.277175222945288,
    "61":0.3374307061942637,
    "62":0.4820438659918052,
    "63":0.5302482525909858,
    "64":0.3615328994938539,
    "65":0.31332851289467345,
    "66":0.43383947939262474,
    "67":0.4940949626416004,
    "68":0.4699927693420101,
    "69":0.40973728609303445,
    "70":0.20486864304651722,
    "71":0.34948180284405883,
    "72":0.39768618944323936,
    "73":0.1928175463967221,
    "74":0.3012774162448783,
    "75":0.21691973969631237,
    "76":0.40973728609303445,
    "77":0.22897083634610751,
    "78":0.10845986984815618,
    "79":0.28922631959508316,
    "80":0.15666425644733672,
    "81":0.21691973969631237,
    "82":0.10845986984815618,
    "83":0.16871535309713184,
    "84":0.20486864304651722,
    "85":0.18076644974692696,
    "86":0.14461315979754158,
    "87":0.13256206314774646,
    "88":0.16871535309713184,
    "89":0.1205109664979513,
    "90":0.2530730296456978,
    "91":0.06025548324897565,
    "92":0.20486864304651722,
    "93":0.28922631959508316,
    "94":0.15666425644733672,
    "95":0.18076644974692696,
    "96":0.16871535309713184,
    "97":0.10845986984815618,
    "98":0.16871535309713184,
    "99":0.2530730296456978,
    "100":0.18076644974692696,
    "101":0.14461315979754158,
    "102":0.2651241262954929,
    "103":0.15666425644733672,
    "104":0.1205109664979513,
    "105":0.1928175463967221,
    "106":0.21691973969631237,
    "107":0.22897083634610751,
    "108":0.22897083634610751,
    "109":0.14461315979754158,
    "110":0.16871535309713184,
    "111":0.13256206314774646,
    "112":0.20486864304651722,
    "113":0.13256206314774646,
    "114":0.13256206314774646,
    "115":0.18076644974692696,
    "116":0.09640877319836105,
    "117":0.31332851289467345,
    "118":0.10845986984815618,
    "119":0.16871535309713184,
    "120":0.18076644974692696,
    "121":0.13256206314774646,
    "122":0.2410219329959026,
    "123":0.13256206314774646,
    "124":0.15666425644733672,
    "125":0.2410219329959026,
    "126":0.16871535309713184,
    "127":0.20486864304651722,
    "128":0.14461315979754158,
    "129":0.20486864304651722,
    "130":0.07230657989877079,
    "131":0.10845986984815618,
    "132":0.16871535309713184,
    "133":0.14461315979754158,
    "134":0.13256206314774646,
    "135":0.13256206314774646,
    "136":0.14461315979754158,
    "137":0.08435767654856592,
    "138":0.1205109664979513,
    "139":0.13256206314774646,
    "140":0.16871535309713184,
    "141":0.13256206314774646,
    "142":0.08435767654856592,
    "143":0.16871535309713184,
    "144":0.08435767654856592,
    "145":0.08435767654856592,
    "146":0.1205109664979513,
    "147":0.10845986984815618,
    "148":0.09640877319836105,
    "149":0.1205109664979513,
    "150":0.09640877319836105,
    "151":0.10845986984815618,
    "152":0.09640877319836105,
    "153":0.07230657989877079,
    "154":0.06025548324897565,
    "155":0.08435767654856592,
    "156":0.08435767654856592,
    "157":0.22897083634610751,
    "158":0.13256206314774646,
    "159":0.036153289949385395,
    "160":0.07230657989877079,
    "161":0.09640877319836105,
    "162":0.048204386599180526,
    "163":0.10845986984815618,
    "164":0.09640877319836105,
    "165":0.07230657989877079,
    "166":0.048204386599180526,
    "167":0.036153289949385395,
    "168":0.024102193299590263,
    "169":0.13256206314774646,
    "170":0.012051096649795132,
    "171":0.048204386599180526,
    "172":0.07230657989877079,
    "173":0.06025548324897565,
    "174":0.012051096649795132,
    "175":0.08435767654856592,
    "176":0.048204386599180526,
    "177":0.06025548324897565,
    "178":0.012051096649795132,
    "179":0.048204386599180526,
    "180":0.06025548324897565,
    "181":0.036153289949385395,
    "182":0.036153289949385395,
    "183":0.012051096649795132,
    "184":0.048204386599180526,
    "185":0.024102193299590263,
    "186":0.048204386599180526,
    "187":0.036153289949385395,
    "188":0.024102193299590263,
    "189":0.036153289949385395,
    "190":0.07230657989877079,
    "191":0.07230657989877079,
    "192":0.048204386599180526,
    "193":0.048204386599180526,
    "194":0.036153289949385395,
    "195":0.036153289949385395,
    "196":0.036153289949385395,
    "197":0.08435767654856592,
    "198":0.036153289949385395,
    "199":0.08435767654856592,
    "200":0.024102193299590263,
    "201":0.048204386599180526,
    "202":0.036153289949385395,
    "203":0.012051096649795132,
    "204":0.024102193299590263,
    "205":0.0,
    "206":0.012051096649795132,
    "207":0.012051096649795132,
    "208":0.012051096649795132,
    "209":0.07230657989877079,
    "210":0.012051096649795132,
    "211":0.036153289949385395,
    "212":0.024102193299590263,
    "213":0.0,
    "214":0.012051096649795132,
    "215":0.012051096649795132,
    "216":0.012051096649795132,
    "217":0.024102193299590263,
    "218":0.0,
    "219":0.036153289949385395,
    "220":0.0,
    "221":0.024102193299590263,
    "222":0.0,
    "223":0.012051096649795132,
    "224":0.0,
    "225":0.012051096649795132,
    "226":0.0,
    "227":0.0,
    "228":0.012051096649795132,
    "229":0.0,
    "230":0.0,
    "231":0.0,
    "232":0.0,
    "233":0.0,
    "234":0.0,
    "235":0.0,
    "236":0.0,
    "237":0.0
}