{
    "0":4.321907600596125,
    "1":0.8535428803685137,
    "2":4.064489906516732,
    "3":4.403197398726459,
    "4":5.243191979406584,
    "5":4.443842297791627,
    "6":4.498035496545183,
    "7":4.470938897168406,
    "8":3.0483674298875494,
    "9":2.4386939439100392,
    "10":2.8044980354965454,
    "11":2.547080341417152,
    "12":1.8154721582441402,
    "13":1.5580544641647474,
    "14":1.2870884703969652,
    "15":1.395474867904078,
    "16":1.639344262295082,
    "17":1.4361197669692454,
    "18":1.503861265411191,
    "19":1.0567673756943503,
    "20":1.0432190760059614,
    "21":0.9890258772524049,
    "22":0.9483809781872375,
    "23":0.9077360791220701,
    "24":1.016122476629183,
    "25":0.9348326784988484,
    "26":1.2193469719550196,
    "27":1.259991871020187,
    "28":1.2193469719550196,
    "29":1.1787020728898523,
    "30":0.9348326784988484,
    "31":0.9754775775640157,
    "32":1.016122476629183,
    "33":1.0025741769407939,
    "34":1.273540170708576,
    "35":1.3548299688389107,
    "36":0.8399945806801247,
    "37":1.2328952716434087,
    "38":1.1787020728898523,
    "39":1.029670776317572,
    "40":0.9483809781872375,
    "41":0.9212843788104592,
    "42":0.6774149844194554,
    "43":0.8670911800569029,
    "44":0.6774149844194554,
    "45":0.8670911800569029,
    "46":0.880639479745292,
    "47":0.9077360791220701,
    "48":0.8670911800569029,
    "49":0.8941877794336811,
    "50":0.6774149844194554,
    "51":0.7858013819265682,
    "52":0.6774149844194554,
    "53":0.514835388158786,
    "54":0.6909632841078445,
    "55":0.5419319875355643,
    "56":0.7451564828614009,
    "57":0.6232217856658989,
    "58":0.6096734859775098,
    "59":0.5419319875355643,
    "60":0.43354559002845144,
    "61":0.44709388971684055,
    "62":0.4606421894052296,
    "63":0.43354559002845144,
    "64":0.5283836878471752,
    "65":0.43354559002845144,
    "66":0.3929006909632841,
    "67":0.31161089283294946,
    "68":0.3929006909632841,
    "69":0.379352391274895,
    "70":0.2032244953258366,
    "71":0.12193469719550196,
    "72":0.09483809781872375,
    "73":0.16257959626066928,
    "74":0.21677279501422572,
    "75":0.1761278959490584,
    "76":0.2032244953258366,
    "77":0.16257959626066928,
    "78":0.16257959626066928,
    "79":0.13548299688389107,
    "80":0.1761278959490584,
    "81":0.14903129657228018,
    "82":0.2438693943910039,
    "83":0.10838639750711286,
    "84":0.1896761956374475,
    "85":0.09483809781872375,
    "86":0.05419319875355643,
    "87":0.13548299688389107,
    "88":0.16257959626066928,
    "89":0.05419319875355643,
    "90":0.08128979813033464,
    "91":0.06774149844194553,
    "92":0.06774149844194553,
    "93":0.05419319875355643,
    "94":0.12193469719550196,
    "95":0.06774149844194553,
    "96":0.09483809781872375,
    "97":0.013548299688389108,
    "98":0.04064489906516732,
    "99":0.013548299688389108,
    "100":0.06774149844194553,
    "101":0.04064489906516732,
    "102":0.04064489906516732,
    "103":0.06774149844194553,
    "104":0.04064489906516732,
    "105":0.05419319875355643,
    "106":0.027096599376778215,
    "107":0.04064489906516732,
    "108":0.027096599376778215,
    "109":0.013548299688389108,
    "110":0.04064489906516732,
    "111":0.027096599376778215,
    "112":0.04064489906516732,
    "113":0.04064489906516732,
    "114":0.013548299688389108,
    "115":0.04064489906516732,
    "116":0.0,
    "117":0.027096599376778215,
    "118":0.027096599376778215,
    "119":0.09483809781872375,
    "120":0.0,
    "121":0.0,
    "122":0.0,
    "123":0.0,
    "124":0.013548299688389108,
    "125":0.0,
    "126":0.013548299688389108,
    "127":0.0,
    "128":0.0,
    "129":0.0,
    "130":0.0,
    "131":0.0,
    "132":0.0,
    "133":0.0,
    "134":0.0,
    "135":0.013548299688389108,
    "136":0.0,
    "137":0.0,
    "138":0.0,
    "139":0.0,
    "140":0.0,
    "141":0.013548299688389108,
    "142":0.0,
    "143":0.0,
    "144":0.0,
    "145":0.0,
    "146":0.013548299688389108,
    "147":0.0,
    "148":0.0,
    "149":0.0,
    "150":0.0,
    "151":0.013548299688389108,
    "152":0.0,
    "153":0.0,
    "154":0.0,
    "155":0.0,
    "156":0.0,
    "157":0.0,
    "158":0.0,
    "159":0.0
}