{
    "0":0.9178575578017891,
    "1":0.6041594051353549,
    "2":5.902172650168468,
    "3":5.298013245033113,
    "4":3.9618914836760775,
    "5":2.5676774718252586,
    "6":3.253166027651911,
    "7":1.742767514813524,
    "8":1.4871616126408738,
    "9":1.475543162542117,
    "10":2.0913210177762287,
    "11":2.4398745207389334,
    "12":2.207505518763797,
    "13":1.71953061461601,
    "14":1.8589520158010922,
    "15":2.0913210177762287,
    "16":2.614151272220286,
    "17":2.556059021726502,
    "18":2.556059021726502,
    "19":2.7651911235041244,
    "20":2.5676774718252586,
    "21":2.405019170442663,
    "22":2.602532822121529,
    "23":2.8349018240966655,
    "24":2.3236900197513655,
    "25":2.463111420936447,
    "26":2.1958870686650402,
    "27":1.928662716393633,
    "28":2.1029394678749855,
    "29":1.7660044150110374,
    "30":1.673056814220983,
    "31":1.545253863134658,
    "32":1.4523062623446032,
    "33":1.3593586615545485,
    "34":1.3709771116533054,
    "35":1.4406878122458464,
    "36":1.196700360171953,
    "37":1.2315557104682235,
    "38":1.0572789589868712,
    "39":0.9527129080980598,
    "40":0.801673056814221,
    "41":0.7900546067154641,
    "42":0.6041594051353549,
    "43":0.7435808063204369,
    "44":0.6157778552341118,
    "45":0.5228302544440572,
    "46":0.37179040316021844,
    "47":0.44150110375275936,
    "48":0.30207970256767747,
    "49":0.34855350296270476,
    "50":0.3601719530614616,
    "51":0.336935052863948,
    "52":0.4066457534564889,
    "53":0.3136981526664343,
    "54":0.3136981526664343,
    "55":0.34855350296270476,
    "56":0.4298826536540025,
    "57":0.25560590217265017,
    "58":0.2904612524689207,
    "59":0.23236900197513652,
    "60":0.30207970256767747,
    "61":0.19751365167886603,
    "62":0.267224352271407,
    "63":0.17427675148135238,
    "64":0.30207970256767747,
    "65":0.17427675148135238,
    "66":0.12780295108632508,
    "67":0.19751365167886603,
    "68":0.13942140118508192,
    "69":0.08132915069129779,
    "70":0.05809225049378413,
    "71":0.046473800395027305,
    "72":0.05809225049378413,
    "73":0.05809225049378413,
    "74":0.10456605088881143,
    "75":0.09294760079005461,
    "76":0.046473800395027305,
    "77":0.08132915069129779,
    "78":0.05809225049378413,
    "79":0.08132915069129779,
    "80":0.046473800395027305,
    "81":0.046473800395027305,
    "82":0.08132915069129779,
    "83":0.05809225049378413,
    "84":0.011618450098756826,
    "85":0.046473800395027305,
    "86":0.046473800395027305,
    "87":0.05809225049378413,
    "88":0.05809225049378413,
    "89":0.03485535029627048,
    "90":0.10456605088881143,
    "91":0.0,
    "92":0.0,
    "93":0.0,
    "94":0.011618450098756826,
    "95":0.0,
    "96":0.011618450098756826,
    "97":0.0,
    "98":0.0,
    "99":0.0,
    "100":0.011618450098756826,
    "101":0.0,
    "102":0.011618450098756826,
    "103":0.011618450098756826,
    "104":0.0,
    "105":0.0,
    "106":0.0,
    "107":0.011618450098756826,
    "108":0.0,
    "109":0.0,
    "110":0.0,
    "111":0.011618450098756826,
    "112":0.011618450098756826,
    "113":0.0,
    "114":0.023236900197513653,
    "115":0.0,
    "116":0.0,
    "117":0.011618450098756826,
    "118":0.0,
    "119":0.0,
    "120":0.0,
    "121":0.0,
    "122":0.0,
    "123":0.011618450098756826,
    "124":0.0,
    "125":0.0,
    "126":0.011618450098756826,
    "127":0.0,
    "128":0.0,
    "129":0.011618450098756826,
    "130":0.011618450098756826,
    "131":0.0,
    "132":0.0,
    "133":0.0,
    "134":0.0,
    "135":0.0,
    "136":0.011618450098756826,
    "137":0.023236900197513653,
    "138":0.0,
    "139":0.0,
    "140":0.0,
    "141":0.011618450098756826,
    "142":0.0,
    "143":0.03485535029627048,
    "144":0.023236900197513653,
    "145":0.0,
    "146":0.023236900197513653,
    "147":0.011618450098756826,
    "148":0.011618450098756826,
    "149":0.023236900197513653,
    "150":0.0,
    "151":0.0,
    "152":0.0,
    "153":0.023236900197513653,
    "154":0.011618450098756826,
    "155":0.011618450098756826,
    "156":0.0,
    "157":0.0,
    "158":0.0,
    "159":0.0,
    "160":0.011618450098756826,
    "161":0.011618450098756826,
    "162":0.011618450098756826,
    "163":0.023236900197513653,
    "164":0.0,
    "165":0.0,
    "166":0.0,
    "167":0.011618450098756826,
    "168":0.011618450098756826,
    "169":0.0,
    "170":0.011618450098756826,
    "171":0.0,
    "172":0.011618450098756826,
    "173":0.011618450098756826,
    "174":0.0,
    "175":0.011618450098756826,
    "176":0.0,
    "177":0.011618450098756826,
    "178":0.023236900197513653,
    "179":0.0,
    "180":0.011618450098756826,
    "181":0.0,
    "182":0.011618450098756826,
    "183":0.03485535029627048,
    "184":0.011618450098756826,
    "185":0.0,
    "186":0.011618450098756826,
    "187":0.0,
    "188":0.0,
    "189":0.023236900197513653,
    "190":0.0,
    "191":0.011618450098756826,
    "192":0.0,
    "193":0.0,
    "194":0.011618450098756826,
    "195":0.011618450098756826,
    "196":0.011618450098756826,
    "197":0.0,
    "198":0.011618450098756826,
    "199":0.011618450098756826,
    "200":0.023236900197513653,
    "201":0.011618450098756826,
    "202":0.023236900197513653,
    "203":0.0,
    "204":0.0,
    "205":0.0,
    "206":0.011618450098756826,
    "207":0.03485535029627048,
    "208":0.0,
    "209":0.011618450098756826,
    "210":0.0,
    "211":0.011618450098756826,
    "212":0.011618450098756826,
    "213":0.011618450098756826,
    "214":0.0,
    "215":0.0,
    "216":0.0,
    "217":0.023236900197513653,
    "218":0.0,
    "219":0.023236900197513653,
    "220":0.0,
    "221":0.011618450098756826,
    "222":0.011618450098756826,
    "223":0.0,
    "224":0.0,
    "225":0.011618450098756826,
    "226":0.011618450098756826,
    "227":0.0,
    "228":0.0,
    "229":0.0,
    "230":0.023236900197513653,
    "231":0.0,
    "232":0.023236900197513653,
    "233":0.023236900197513653,
    "234":0.0,
    "235":0.011618450098756826,
    "236":0.0,
    "237":0.011618450098756826,
    "238":0.011618450098756826,
    "239":0.011618450098756826,
    "240":0.011618450098756826,
    "241":0.0,
    "242":0.0,
    "243":0.023236900197513653,
    "244":0.011618450098756826,
    "245":0.011618450098756826,
    "246":0.011618450098756826,
    "247":0.0,
    "248":0.023236900197513653,
    "249":0.011618450098756826,
    "250":0.011618450098756826,
    "251":0.0,
    "252":0.011618450098756826,
    "253":0.011618450098756826,
    "254":0.0,
    "255":0.023236900197513653,
    "256":0.0,
    "257":0.011618450098756826,
    "258":0.011618450098756826,
    "259":0.011618450098756826,
    "260":0.0,
    "261":0.011618450098756826,
    "262":0.0,
    "263":0.0,
    "264":0.011618450098756826,
    "265":0.0,
    "266":0.0,
    "267":0.0,
    "268":0.03485535029627048,
    "269":0.0,
    "270":0.0,
    "271":0.0,
    "272":0.0,
    "273":0.0,
    "274":0.0,
    "275":0.0,
    "276":0.0,
    "277":0.0
}