{
    "0":[
        [
            -1.4562359399577622,
            -48.4649987017045
        ]
    ],
    "1":[
        [
            -1.4615067373944761,
            -48.469595438418544
        ]
    ],
    "2":[
        [
            -1.4605686779760876,
            -48.46092346348565
        ]
    ],
    "3":[
        [
            -1.4548239504778095,
            -48.47461301281976
        ]
    ],
    "4":[
        [
            -1.4543974278268175,
            -48.476845177616916
        ]
    ],
    "5":[
        [
            -1.4602283759317962,
            -48.470993906846786
        ]
    ],
    "6":[
        [
            -1.466418238495918,
            -48.48066085632583
        ]
    ],
    "7":[
        [
            -1.4677710765193601,
            -48.47299547411374
        ]
    ],
    "8":[
        [
            -1.4671829551184092,
            -48.47212489534253
        ]
    ],
    "9":[
        [
            -1.452720711587991,
            -48.47644145362687
        ]
    ],
    "work_total":371900.33116826875
}