{
    "0":1.922953244581645,
    "1":1.1704932793105667,
    "2":2.784744999678436,
    "3":1.82648401826484,
    "4":2.7011383368705384,
    "5":3.12560293266448,
    "6":3.0227024245932212,
    "7":3.0612901151199434,
    "8":3.517911119686153,
    "9":3.788024953373207,
    "10":3.6851244453019487,
    "11":3.980963406006817,
    "12":4.025982378287993,
    "13":4.167470576885973,
    "14":4.122451604604798,
    "15":3.6851244453019487,
    "16":4.0388449417969,
    "17":3.9359444337256417,
    "18":3.3571290758248122,
    "19":3.3506977940703586,
    "20":2.9969772975754068,
    "21":2.7590198726606214,
    "22":2.495337320728021,
    "23":2.193067078268699,
    "24":2.1223229789697085,
    "25":1.8136214547559328,
    "26":1.4148819859798056,
    "27":1.2026496880828348,
    "28":1.241237378609557,
    "29":0.9711235449225031,
    "30":0.91324200913242,
    "31":0.7074409929899028,
    "32":0.7331661200077175,
    "33":0.7395974017621711,
    "34":0.5080712586018393,
    "35":0.5852466396552833,
    "36":0.5981092031641907,
    "37":0.533796385619654,
    "38":0.495208695092932,
    "39":0.43732715930284904,
    "40":0.4694835680751174,
    "41":0.39230818702167336,
    "42":0.43089587754839537,
    "43":0.43089587754839537,
    "44":0.47591484982957105,
    "45":0.45018972281175634,
    "46":0.2958389607048685,
    "47":0.37301434175831244,
    "48":0.2829763971959612,
    "49":0.3087015242137758,
    "50":0.2829763971959612,
    "51":0.31513280596822946,
    "52":0.2829763971959612,
    "53":0.3408579329860441,
    "54":0.38587690526721974,
    "55":0.1414881985979806,
    "56":0.16721332561579522,
    "57":0.1736446073702489,
    "58":0.18007588912470257,
    "59":0.1414881985979806,
    "60":0.12219435333461959,
    "61":0.1736446073702489,
    "62":0.10933178982571226,
    "63":0.10933178982571226,
    "64":0.07717538105344394,
    "65":0.0707440992989903,
    "66":0.10290050807125861,
    "67":0.04501897228117564,
    "68":0.07717538105344394,
    "69":0.12862563508907324,
    "70":0.07717538105344394,
    "71":0.051450254035629306,
    "72":0.07717538105344394,
    "73":0.0707440992989903,
    "74":0.09003794456235129,
    "75":0.05788153579008296,
    "76":0.0707440992989903,
    "77":0.025725127017814653,
    "78":0.03858769052672197,
    "79":0.051450254035629306,
    "80":0.06431281754453662,
    "81":0.04501897228117564,
    "82":0.04501897228117564,
    "83":0.019293845263360986,
    "84":0.019293845263360986,
    "85":0.051450254035629306,
    "86":0.019293845263360986,
    "87":0.019293845263360986,
    "88":0.03215640877226831,
    "89":0.06431281754453662,
    "90":0.006431281754453663,
    "91":0.03215640877226831,
    "92":0.019293845263360986,
    "93":0.03215640877226831,
    "94":0.012862563508907326,
    "95":0.025725127017814653,
    "96":0.04501897228117564,
    "97":0.03215640877226831,
    "98":0.03215640877226831,
    "99":0.012862563508907326,
    "100":0.025725127017814653,
    "101":0.012862563508907326,
    "102":0.006431281754453663,
    "103":0.019293845263360986,
    "104":0.03215640877226831,
    "105":0.019293845263360986,
    "106":0.019293845263360986,
    "107":0.04501897228117564,
    "108":0.006431281754453663,
    "109":0.025725127017814653,
    "110":0.025725127017814653,
    "111":0.012862563508907326,
    "112":0.03858769052672197,
    "113":0.012862563508907326,
    "114":0.006431281754453663,
    "115":0.012862563508907326,
    "116":0.019293845263360986,
    "117":0.006431281754453663,
    "118":0.0,
    "119":0.012862563508907326,
    "120":0.012862563508907326,
    "121":0.006431281754453663,
    "122":0.012862563508907326,
    "123":0.006431281754453663,
    "124":0.006431281754453663,
    "125":0.0,
    "126":0.012862563508907326,
    "127":0.0,
    "128":0.0,
    "129":0.006431281754453663,
    "130":0.006431281754453663,
    "131":0.0,
    "132":0.0,
    "133":0.0,
    "134":0.006431281754453663,
    "135":0.006431281754453663,
    "136":0.0,
    "137":0.0,
    "138":0.012862563508907326,
    "139":0.012862563508907326,
    "140":0.012862563508907326,
    "141":0.0,
    "142":0.0,
    "143":0.006431281754453663,
    "144":0.006431281754453663,
    "145":0.019293845263360986,
    "146":0.006431281754453663,
    "147":0.006431281754453663,
    "148":0.012862563508907326,
    "149":0.019293845263360986,
    "150":0.025725127017814653,
    "151":0.006431281754453663,
    "152":0.025725127017814653,
    "153":0.019293845263360986,
    "154":0.006431281754453663,
    "155":0.019293845263360986,
    "156":0.012862563508907326,
    "157":0.012862563508907326,
    "158":0.0,
    "159":0.0,
    "160":0.0,
    "161":0.0,
    "162":0.0,
    "163":0.0,
    "164":0.0,
    "165":0.0,
    "166":0.0
}