{
    "0":[
        [
            -19.922239214532926,
            -43.95021758917505
        ]
    ],
    "1":[
        [
            -19.92091784248869,
            -43.94730996147586
        ]
    ],
    "2":[
        [
            -19.916970951871814,
            -43.94233150500681
        ]
    ],
    "3":[
        [
            -19.930724838240405,
            -43.93965981539186
        ]
    ],
    "4":[
        [
            -19.915049264605926,
            -43.95267779776494
        ]
    ],
    "5":[
        [
            -19.9347478386792,
            -43.945477096768315
        ]
    ],
    "6":[
        [
            -19.928321749722077,
            -43.94428102371665
        ]
    ],
    "7":[
        [
            -19.91931274831628,
            -43.95022818621767
        ]
    ],
    "8":[
        [
            -19.925360484087843,
            -43.943582966955404
        ]
    ],
    "9":[
        [
            -19.92052573908828,
            -43.94270662584984
        ]
    ],
    "path":[
        [
            300000000001,
            4682305708,
            35927179,
            60649320,
            29095022,
            300000000008
        ],
        [
            300000000008,
            29095022,
            29095393,
            4894306911,
            28109329,
            8277454798,
            29095772,
            29096834,
            29096836,
            29096835,
            29124051,
            994509685,
            28800978,
            993654834,
            32448873,
            32448886,
            28800979,
            993654844,
            1288421473,
            35968163,
            35968161,
            35968159,
            300000000009
        ],
        [
            300000000009,
            35968159,
            35968161,
            35968163,
            1288421473,
            993654844,
            28800979,
            32448886,
            32448873,
            993654834,
            28800978,
            994509685,
            29124051,
            29124052,
            35930991,
            35930992,
            29145509,
            29145510,
            300000000003
        ],
        [
            300000000003,
            29145510,
            29145509,
            35930992,
            35930991,
            29124052,
            29124051,
            29096835,
            29096836,
            29096834,
            29095772,
            8277454798,
            28109329,
            4894306903,
            28109330,
            28109334,
            28109336,
            4894306899,
            355770081,
            8230957670,
            335352429,
            31829648,
            61785366,
            4894437740,
            2388186748,
            2388186746,
            28294355,
            61785363,
            34851813,
            3432112056,
            34992675,
            3432112057,
            27685697,
            3432112049,
            3432112052,
            3432112058,
            34992674,
            34992673,
            300000000005
        ],
        [
            300000000005,
            34992673,
            34992674,
            61785371,
            34851813,
            61785363,
            28294355,
            2388186746,
            2388186748,
            61785366,
            31829648,
            335352429,
            8230957670,
            355770081,
            4894306899,
            28109336,
            28109334,
            28109330,
            4894306903,
            28109329,
            8277454798,
            29095772,
            29096834,
            29096836,
            29096835,
            29124051,
            994509685,
            28800978,
            993654834,
            32448873,
            32448886,
            28800979,
            993654844,
            1288421473,
            35968163,
            35968161,
            35968159,
            2625428134,
            50923643,
            2625428137,
            41416512,
            41416519,
            6913922194,
            60649397,
            60649407,
            60649406,
            29096580,
            300000000007
        ],
        [
            300000000007,
            29096580,
            2890440901,
            36417197,
            36417196,
            29095780,
            36417198,
            2919152001,
            2316604343,
            2316604345,
            2316604346,
            60649419,
            29096167,
            29096146,
            29096717,
            29095045,
            8289393835,
            2827981501,
            300000000006
        ],
        [
            300000000006,
            2827981501,
            8289393835,
            29095045,
            29096717,
            29095636,
            28109319,
            28109320,
            29096690,
            29095088,
            28801005,
            35966460,
            354123393,
            324383599,
            28801003,
            35789395,
            35789396,
            35789397,
            5266444335,
            5427281748,
            7498420724,
            5427281747,
            5272410329,
            5427225039,
            1889092790,
            7877128241,
            7561589720,
            7561589721,
            1889092776,
            1889092775,
            335335191,
            8040950541,
            8040950542,
            29095678,
            5395802458,
            27591804,
            300000000004
        ],
        [
            300000000004,
            27591804,
            28800997,
            29095073,
            8040946400,
            29095458,
            8040950547,
            29096783,
            8040950551,
            29096685,
            6959656584,
            5406180062,
            5407231454,
            35927085,
            35927086,
            29095210,
            29095064,
            35927087,
            35927088,
            1060511684,
            324773873,
            29096688,
            2625428131,
            35968158,
            35968160,
            994509631,
            35968163,
            1288421473,
            993654844,
            28800979,
            32448886,
            32448873,
            993654834,
            28800978,
            35763565,
            35763630,
            4529894153,
            7283893459,
            60649312,
            300000000002
        ],
        [
            300000000002,
            60649312,
            7283893459,
            4529894153,
            35763630,
            35763565,
            28800978,
            994509685,
            29124051,
            29124052,
            35930991,
            35930992,
            29145509,
            29145510,
            3699726842,
            6407955807,
            35927123,
            3203313608,
            5208097253,
            3203313621,
            300000000010
        ]
    ],
    "work_total":1188421.3250058095
}