{
    "0":[
        [
            -19.922239214532926,
            -43.95021758917505
        ]
    ],
    "1":[
        [
            -19.92091784248869,
            -43.94730996147586
        ]
    ],
    "2":[
        [
            -19.916970951871814,
            -43.94233150500681
        ]
    ],
    "3":[
        [
            -19.930724838240405,
            -43.93965981539186
        ]
    ],
    "4":[
        [
            -19.915049264605926,
            -43.95267779776494
        ]
    ],
    "5":[
        [
            -19.9347478386792,
            -43.945477096768315
        ]
    ],
    "6":[
        [
            -19.928321749722077,
            -43.94428102371665
        ]
    ],
    "7":[
        [
            -19.91931274831628,
            -43.95022818621767
        ]
    ],
    "8":[
        [
            -19.925360484087843,
            -43.943582966955404
        ]
    ],
    "9":[
        [
            -19.92052573908828,
            -43.94270662584984
        ]
    ],
    "path":[
        [
            300000000001,
            4682305708,
            35927179,
            60649320,
            8075786771,
            35761805,
            8075786770,
            8075786772,
            60649312,
            300000000002
        ],
        [
            300000000002,
            60649312,
            8075786773,
            60650587,
            60649323,
            60649322,
            29096834,
            29096836,
            29124052,
            2834021361,
            29124056,
            35930992,
            29145509,
            29145510,
            300000000003
        ],
        [
            300000000003,
            29145510,
            29145509,
            35930992,
            35930991,
            29124052,
            29124051,
            994509685,
            28800978,
            993654834,
            32448873,
            32448886,
            28800979,
            993654844,
            1288421473,
            35968163,
            35968161,
            35968159,
            300000000009
        ],
        [
            300000000009,
            50923643,
            35968156,
            29096742,
            29096580,
            300000000007
        ],
        [
            300000000007,
            29096580,
            2890440901,
            2890440701,
            2890440601,
            60649414,
            29096295,
            2316604343,
            2316604345,
            60649415,
            2887596101,
            2918622402,
            2878237901,
            2941234597,
            300000000004
        ],
        [
            300000000004,
            27591804,
            445255245,
            35968129,
            35968149,
            60649420,
            1984981666,
            60649417,
            60649418,
            29096146,
            29096717,
            29095045,
            8289393835,
            300000000006
        ],
        [
            300000000006,
            8289393835,
            29095045,
            29096167,
            60649419,
            2316604346,
            2316604345,
            2316604343,
            2919152001,
            36417198,
            29095780,
            36417196,
            1520492099,
            35968152,
            1520492095,
            2848159201,
            35968156,
            28801012,
            35968158,
            35968160,
            994509631,
            35968163,
            1288421473,
            993654844,
            28800979,
            32448886,
            32448873,
            993654834,
            28800978,
            994509685,
            29124051,
            29096835,
            4524776810,
            4524776809,
            60649323,
            60649322,
            8269122580,
            31890998,
            31890993,
            31890893,
            31890891,
            31890888,
            3432112055,
            31890038,
            3432112052,
            3432112049,
            27685697,
            3432112057,
            34992675,
            34992674,
            34992673,
            300000000005
        ],
        [
            300000000005,
            61785362,
            38428097,
            2314391122,
            5238125697,
            38428099,
            5238125701,
            2279593425,
            5238125690,
            2279592750,
            4524664456,
            61821541,
            321403410,
            2277624896,
            321403428,
            2386325178,
            5239156495,
            5239156498,
            5239156497,
            5239156492,
            5239156491,
            60649392,
            60649393,
            4890952410,
            29096406,
            29095393,
            29095022,
            300000000008
        ],
        [
            300000000008,
            29095022,
            29095393,
            4894306911,
            28794420,
            2309508183,
            8277454798,
            29095772,
            29096834,
            29096836,
            29096835,
            29124051,
            994509685,
            28800978,
            993654834,
            32448873,
            5041879430,
            5041879429,
            32448887,
            5041879428,
            32448888,
            29544285,
            1342749702,
            2907979202,
            29096159,
            3735388258,
            5208097256,
            300000000010
        ]
    ],
    "total_length":11711.699136323217,
    "work_total":755134.3607797029
}