{
    "0":[
        [
            -1.462039214532925,
            -48.47641758917504
        ]
    ],
    "1":[
        [
            -1.4607178424886895,
            -48.473509961475855
        ]
    ],
    "2":[
        [
            -1.456770951871812,
            -48.46853150500681
        ]
    ],
    "3":[
        [
            -1.4705248382404028,
            -48.46585981539186
        ]
    ],
    "4":[
        [
            -1.4548492646059235,
            -48.47887779776494
        ]
    ],
    "5":[
        [
            -1.474547838679201,
            -48.47167709676831
        ]
    ],
    "6":[
        [
            -1.4681217497220769,
            -48.470481023716644
        ]
    ],
    "7":[
        [
            -1.4591127483162791,
            -48.47642818621767
        ]
    ],
    "8":[
        [
            -1.4651604840878434,
            -48.4697829669554
        ]
    ],
    "9":[
        [
            -1.4603257390882787,
            -48.46890662584983
        ]
    ],
    "path":[
        [
            300000000001,
            6950887232,
            6950887229,
            6950887230,
            6950883269,
            300000000008
        ],
        [
            300000000008,
            492021920,
            492021922,
            491465095,
            300000000002
        ],
        [
            300000000002,
            370759225,
            2633538447,
            2714874398,
            2713455448,
            445099672,
            492022168,
            492022040,
            492022054,
            492022049,
            492022055,
            6821841431,
            6821841432,
            300000000007
        ],
        [
            300000000007,
            6821841432,
            6821841433,
            492022053,
            492022052,
            300000000009
        ],
        [
            300000000009,
            3975113589,
            445099675,
            491632097,
            274385392,
            491631313,
            3975113590,
            491631323,
            491631346,
            3948478273,
            3948478272,
            491631350,
            300000000004
        ],
        [
            300000000004,
            491631350,
            3948478272,
            3948478273,
            491631346,
            491631356,
            492022143,
            492022096,
            492022119,
            492022144,
            492022150,
            433168512,
            300000000006
        ],
        [
            300000000006,
            433168512,
            492022150,
            492022144,
            492022119,
            492022124,
            492022112,
            492022089,
            492022085,
            300000000007,
            6821841432,
            6821841431,
            492022055,
            492022049,
            492022054,
            492022040,
            492022168,
            445099672,
            2713455448,
            433168453,
            491465094,
            491465091,
            433168450,
            274384574,
            370205944,
            492643991,
            300000000003
        ],
        [
            300000000003,
            492643991,
            370205945,
            4421545963,
            491424156,
            433168449,
            344729531,
            6529682586,
            6950883234,
            6950883226,
            370205956,
            3975113420,
            3975113422,
            274384566,
            3975022874,
            3975079963,
            3975079958,
            3975079959,
            491424144,
            491424139,
            491424142,
            491424121,
            300000000005
        ],
        [
            300000000005,
            491424121,
            491424125,
            491424123,
            491424128,
            274384202,
            6952010049,
            344704874,
            433168447,
            433168449,
            433168450,
            274384574,
            491465092,
            6950887185,
            6950887196,
            300000000010
        ]
    ],
    "total_length":10836.587213772325,
    "work_total":409192.5603308528
}