{
    "0":[
        [
            -1.462039214532925,
            -48.47641758917504
        ]
    ],
    "1":[
        [
            -1.4607178424886895,
            -48.473509961475855
        ]
    ],
    "2":[
        [
            -1.456770951871812,
            -48.46853150500681
        ]
    ],
    "3":[
        [
            -1.4705248382404028,
            -48.46585981539186
        ]
    ],
    "4":[
        [
            -1.4548492646059235,
            -48.47887779776494
        ]
    ],
    "5":[
        [
            -1.474547838679201,
            -48.47167709676831
        ]
    ],
    "6":[
        [
            -1.4681217497220769,
            -48.470481023716644
        ]
    ],
    "7":[
        [
            -1.4591127483162791,
            -48.47642818621767
        ]
    ],
    "8":[
        [
            -1.4651604840878434,
            -48.4697829669554
        ]
    ],
    "9":[
        [
            -1.4603257390882787,
            -48.46890662584983
        ]
    ],
    "path":[
        [
            300000000001,
            6950887232,
            6950887229,
            6950887230,
            492021922,
            491465095,
            300000000002
        ],
        [
            300000000002,
            491465095,
            492021922,
            6950887230,
            6950883269,
            300000000008
        ],
        [
            300000000008,
            492021920,
            370205956,
            3975113430,
            3975113424,
            433168441,
            433168450,
            274384574,
            370205944,
            492643991,
            300000000003
        ],
        [
            300000000003,
            492643991,
            370205944,
            274384574,
            491465092,
            274384600,
            3975113585,
            3975113586,
            5256346454,
            6950887197,
            433168470,
            492022165,
            492022167,
            445099675,
            3975113589,
            300000000009
        ],
        [
            300000000009,
            3975113589,
            492022052,
            492022053,
            6821841433,
            6821841432,
            300000000007
        ],
        [
            300000000007,
            492022085,
            492022089,
            492022112,
            492022124,
            492022119,
            492022144,
            492022150,
            433168512,
            300000000006
        ],
        [
            300000000006,
            433168512,
            492022150,
            492022144,
            492022119,
            492022096,
            492022143,
            491631356,
            491631346,
            491631323,
            3948478271,
            3975113601,
            3579345063,
            3579345070,
            300000000004
        ],
        [
            300000000004,
            3579345070,
            3579345063,
            3975113601,
            3948478271,
            491631323,
            3761153399,
            3975113452,
            492022089,
            492022085,
            6228070552,
            6228070551,
            492022071,
            492022075,
            492021955,
            1859439281,
            3516186113,
            1859439272,
            492021963,
            492021982,
            492021967,
            492021909,
            3975113414,
            492021905,
            492021891,
            492021904,
            3579345050,
            3579345049,
            3975022866,
            491465097,
            3579345046,
            3975022871,
            6949102976,
            6949102977,
            827019874,
            344729534,
            3604276852,
            3604276851,
            6529873861,
            6529873860,
            491424136,
            491424139,
            491424142,
            491424121,
            300000000005
        ],
        [
            300000000005,
            491424121,
            491424142,
            491424139,
            491424144,
            3975079959,
            6529873861,
            3604276851,
            3604276852,
            344729534,
            827019874,
            6949102977,
            6949102976,
            3975022871,
            3579345046,
            491465097,
            6950887230,
            492021922,
            491465095,
            370759225,
            2633538447,
            2714874398,
            2713455448,
            433168453,
            433168468,
            433168470,
            6950887197,
            300000000010
        ]
    ],
    "total_length":12745.911174243576,
    "work_total":466028.41137021524
}